<?xml version="1.0" encoding="utf-8"?>
<COLLADA xmlns="http://www.collada.org/2005/11/COLLADASchema" version="1.4.1" xmlns:xsi="http://www.w3.org/2001/XMLSchema-instance">
  <asset>
    <contributor>
      <author>Blender User</author>
      <authoring_tool>Blender 4.5.2 LTS commit date:2025-08-19, commit time:15:00, hash:ab25eae04993</authoring_tool>
    </contributor>
    <created>2025-08-29T11:03:35</created>
    <modified>2025-08-29T11:03:35</modified>
    <unit name="meter" meter="1"/>
    <up_axis>Z_UP</up_axis>
  </asset>
  <library_lights>
    <light id="Lamp_001-light" name="Lamp.001">
      <technique_common>
        <point>
          <color sid="color">1 1 1</color>
          <constant_attenuation>1</constant_attenuation>
          <linear_attenuation>0</linear_attenuation>
          <quadratic_attenuation>0</quadratic_attenuation>
        </point>
      </technique_common>
      <extra>
        <technique profile="blender">
          <type sid="type" type="int">0</type>
          <flag sid="flag" type="int">0</flag>
          <mode sid="mode" type="int">8192</mode>
          <red sid="red" type="float">1</red>
          <green sid="green" type="float">1</green>
          <blue sid="blue" type="float">1</blue>
          <energy sid="blender_energy" type="float">1</energy>
          <spotsize sid="spotsize" type="float">75</spotsize>
          <spotblend sid="spotblend" type="float">0.15</spotblend>
          <clipsta sid="clipsta" type="float">1.000799</clipsta>
          <clipend sid="clipend" type="float">30.002</clipend>
          <radius sid="radius" type="float">0</radius>
          <area_shape sid="area_shape" type="int">1</area_shape>
          <area_size sid="area_size" type="float">0.1</area_size>
          <area_sizey sid="area_sizey" type="float">0.1</area_sizey>
          <area_sizez sid="area_sizez" type="float">1</area_sizez>
        </technique>
      </extra>
    </light>
    <light id="Lamp-light" name="Lamp">
      <technique_common>
        <point>
          <color sid="color">1 1 1</color>
          <constant_attenuation>1</constant_attenuation>
          <linear_attenuation>0</linear_attenuation>
          <quadratic_attenuation>0</quadratic_attenuation>
        </point>
      </technique_common>
      <extra>
        <technique profile="blender">
          <type sid="type" type="int">0</type>
          <flag sid="flag" type="int">0</flag>
          <mode sid="mode" type="int">8192</mode>
          <red sid="red" type="float">1</red>
          <green sid="green" type="float">1</green>
          <blue sid="blue" type="float">1</blue>
          <energy sid="blender_energy" type="float">1</energy>
          <spotsize sid="spotsize" type="float">75</spotsize>
          <spotblend sid="spotblend" type="float">0.15</spotblend>
          <clipsta sid="clipsta" type="float">1.000799</clipsta>
          <clipend sid="clipend" type="float">30.002</clipend>
          <radius sid="radius" type="float">0</radius>
          <area_shape sid="area_shape" type="int">1</area_shape>
          <area_size sid="area_size" type="float">0.1</area_size>
          <area_sizey sid="area_sizey" type="float">0.1</area_sizey>
          <area_sizez sid="area_sizez" type="float">1</area_sizez>
        </technique>
      </extra>
    </light>
  </library_lights>
  <library_effects>
    <effect id="_54_254_255-effect">
      <profile_COMMON>
        <technique sid="common">
          <lambert>
            <emission>
              <color sid="emission">0 0 0 1</color>
            </emission>
            <diffuse>
              <color sid="diffuse">0.996078 0.996078 1 1</color>
            </diffuse>
            <index_of_refraction>
              <float sid="ior">1.5</float>
            </index_of_refraction>
          </lambert>
        </technique>
      </profile_COMMON>
    </effect>
    <effect id="_78_0_0-effect">
      <profile_COMMON>
        <technique sid="common">
          <lambert>
            <emission>
              <color sid="emission">0 0 0 1</color>
            </emission>
            <diffuse>
              <color sid="diffuse">0.698039 0 0 1</color>
            </diffuse>
            <index_of_refraction>
              <float sid="ior">1.5</float>
            </index_of_refraction>
          </lambert>
        </technique>
      </profile_COMMON>
    </effect>
    <effect id="_21_221_13-effect">
      <profile_COMMON>
        <technique sid="common">
          <lambert>
            <emission>
              <color sid="emission">0 0 0 1</color>
            </emission>
            <diffuse>
              <color sid="diffuse">0.866667 0.866667 0.05098 1</color>
            </diffuse>
            <index_of_refraction>
              <float sid="ior">1.5</float>
            </index_of_refraction>
          </lambert>
        </technique>
      </profile_COMMON>
    </effect>
    <effect id="_91_191_191-effect">
      <profile_COMMON>
        <technique sid="common">
          <lambert>
            <emission>
              <color sid="emission">0 0 0 1</color>
            </emission>
            <diffuse>
              <color sid="diffuse">0.74902 0.74902 0.74902 1</color>
            </diffuse>
            <index_of_refraction>
              <float sid="ior">1.5</float>
            </index_of_refraction>
          </lambert>
        </technique>
      </profile_COMMON>
    </effect>
    <effect id="_4_64_64-effect">
      <profile_COMMON>
        <technique sid="common">
          <lambert>
            <emission>
              <color sid="emission">0 0 0 1</color>
            </emission>
            <diffuse>
              <color sid="diffuse">0.25098 0.25098 0.25098 1</color>
            </diffuse>
            <index_of_refraction>
              <float sid="ior">1.5</float>
            </index_of_refraction>
          </lambert>
        </technique>
      </profile_COMMON>
    </effect>
    <effect id="_3_138_33-effect">
      <profile_COMMON>
        <technique sid="common">
          <lambert>
            <emission>
              <color sid="emission">0 0 0 1</color>
            </emission>
            <diffuse>
              <color sid="diffuse">0.129412 0.541176 0.129412 1</color>
            </diffuse>
            <index_of_refraction>
              <float sid="ior">1.5</float>
            </index_of_refraction>
          </lambert>
        </technique>
      </profile_COMMON>
    </effect>
  </library_effects>
  <library_images/>
  <library_materials>
    <material id="_54_254_255-material" name="254,254,255">
      <instance_effect url="#_54_254_255-effect"/>
    </material>
    <material id="_78_0_0-material" name="178,0,0">
      <instance_effect url="#_78_0_0-effect"/>
    </material>
    <material id="_21_221_13-material" name="221,221,13">
      <instance_effect url="#_21_221_13-effect"/>
    </material>
    <material id="_91_191_191-material" name="191,191,191">
      <instance_effect url="#_91_191_191-effect"/>
    </material>
    <material id="_4_64_64-material" name="64,64,64">
      <instance_effect url="#_4_64_64-effect"/>
    </material>
    <material id="_3_138_33-material" name="33,138,33">
      <instance_effect url="#_3_138_33-effect"/>
    </material>
  </library_materials>
  <library_geometries>
    <geometry id="MPO-500_V1_3_0_Simplified_Body-mesh" name="MPO-500 V1.3.0 Simplified Body">
      <mesh>
        <source id="MPO-500_V1_3_0_Simplified_Body-mesh-positions">
          <float_array id="MPO-500_V1_3_0_Simplified_Body-mesh-positions-array" count="9864">-273.5 -12.75206 286.8335 -273.5 -11.71896 279.6481 -273.5 -9.736469 293.4367 -273.5 -6.96518 274.162 -273.5 -3.629615 297.3613 -273.5 0 272.1168 -273.5 3.629615 297.3613 -273.5 6.96518 274.162 -273.5 9.736469 293.4367 -273.5 11.71896 279.6481 -273.5 12.75206 286.8335 -273.0903 -14.09609 285 -273.0903 -12.20758 277.9519 -273.0903 -12.20758 292.0481 -273.0903 -7.048047 272.7924 -273.0903 -7.048047 297.2076 -273.0903 0 270.9039 -273.0903 0 299.0961 -273.0903 7.048047 272.7924 -273.0903 7.048047 297.2076 -273.0903 12.20758 277.9519 -273.0903 12.20758 292.0481 -273.0903 14.09609 285 -272.0289 -14.812 285 -272.0289 -12.82757 277.594 -272.0289 -12.82757 292.406 -272.0289 -7.406 272.1724 -272.0289 -7.406 297.8276 -272.0289 0 270.188 -272.0289 0 299.812 -272.0289 7.406 272.1724 -272.0289 7.406 297.8276 -272.0289 12.82757 277.594 -272.0289 12.82757 292.406 -272.0289 14.812 285 -270.7508 -14.73756 285 -270.7508 -12.7631 277.6312 -270.7508 -12.7631 292.3688 -270.7508 -7.36878 272.2369 -270.7508 -7.36878 297.7631 -270.7508 0 270.2624 -270.7508 0 299.7376 -270.7508 7.36878 272.2369 -270.7508 7.36878 297.7631 -270.7508 12.7631 277.6312 -270.7508 12.7631 292.3688 -270.7508 14.73756 285 -261.5 -10.46162 281.6008 -261.5 -10.46162 288.3992 -261.5 -9.3754 281.9538 -261.5 -9.3754 288.0462 -261.5 -6.465638 276.1008 -261.5 -6.465638 293.8992 -261.5 -5.794316 277.0248 -261.5 -5.794316 292.9752 -261.5 0 274 -261.5 0 275.1421 -261.5 0 294.8579 -261.5 0 296 -261.5 5.794316 277.0248 -261.5 5.794316 292.9752 -261.5 6.465638 276.1008 -261.5 6.465638 293.8992 -261.5 9.3754 281.9538 -261.5 9.3754 288.0462 -261.5 10.46162 281.6008 -261.5 10.46162 288.3992 -257.2 -314.6447 348 -257.2 -314.6447 358.9 -257.2 314.6447 348 -257.2 314.6447 358.9 -256.1028 -322.9786 348 -256.1028 -322.9786 358.9 -256.1028 322.9786 348 -256.1028 322.9786 358.9 -256 -9.3754 281.9538 -256 -9.3754 288.0462 -256 -5.794316 277.0248 -256 -5.794316 292.9752 -256 0 275.1421 -256 0 294.8579 -256 5.794316 277.0248 -256 5.794316 292.9752 -256 9.3754 281.9538 -256 9.3754 288.0462 -252.886 -330.7447 348 -252.886 -330.7447 358.9 -252.886 330.7447 348 -252.886 330.7447 358.9 -252 -13.8575 286.9924 -252 -12.73485 279.1842 -252 -10.58049 294.1681 -252 -7.568972 273.2225 -252 -3.944256 298.4329 -252 0 271 -252 3.944256 298.4329 -252 7.568972 273.2225 -252 10.58049 294.1681 -252 12.73485 279.1842 -252 13.8575 286.9924 -250 -314.6447 257.8777 -250 -314.6447 348 -250 -287.0498 265.2717 -250 -263.8333 269.4794 -250 -240.241 269.8164 -250 -216.9138 266.2733 -250 -194.4855 258.9465 -250 -173.5654 248.0351 -250 -154.7218 233.8354 -250 -138.4667 216.7333 -250 -125.2417 197.1934 -250 -115.4061 175.7465 -250 -109.227 152.9752 -250 -106.8724 129.4983 -250 -105.967 77.62398 -250 -83.34297 55 -250 -13.8575 286.9924 -250 -12.73485 279.1842 -250 -10.58049 294.1681 -250 -7.568972 273.2225 -250 -3.944256 298.4329 -250 0 271 -250 3.944256 298.4329 -250 7.568972 273.2225 -250 10.58049 294.1681 -250 12.73485 279.1842 -250 13.8575 286.9924 -250 83.34297 55 -250 105.6117 77.26867 -250 106.8724 149.4983 -250 109.227 172.9752 -250 115.4061 195.7465 -250 125.2417 217.1934 -250 138.4667 236.7333 -250 154.7218 253.8354 -250 173.5654 268.0351 -250 194.4855 278.9465 -250 216.9138 286.2733 -250 240.241 289.8164 -250 263.8333 289.4794 -250 287.0498 285.2717 -250 314.6447 277.8777 -250 314.6447 348 -249.1481 -321.1152 256.7441 -249.1481 -321.1152 348 -249.1481 321.1152 276.7441 -249.1481 321.1152 348 -248.9363 -313.4831 253.5426 -248.9363 -285.8882 260.9366 -248.9363 -111.3597 129.42 -248.9363 -110.4543 77.54566 -248.9363 -109.1404 74.45049 -248.9363 -86.51647 51.82651 -248.9363 86.51647 51.82651 -248.9363 108.7851 74.09519 -248.9363 110.099 77.19035 -248.9363 111.3597 149.42 -248.9363 285.8882 280.9366 -248.9363 313.4831 273.5426 -248.6603 -83.34297 50 -248.6603 83.34297 50 -248.023 323.2086 273.3001 -247.7688 -337.4135 348 -247.7688 -337.4135 358.9 -247.7688 337.4135 348 -247.7688 337.4135 358.9 -247.6728 -322.605 251.9651 -247.6604 -263.2122 263.0816 -247.6604 -240.6792 263.4034 -247.6604 -218.3995 260.0195 -247.6604 -196.9783 253.0217 -247.6604 -176.9976 242.6002 -247.6604 -159.0001 229.0382 -247.6604 -143.4749 212.704 -247.6604 -130.8438 194.0415 -247.6604 -121.4498 173.5576 -247.6604 -115.5482 151.8089 -247.6604 115.5482 171.8088 -247.6604 121.4498 193.5576 -247.6604 130.8438 214.0415 -247.6604 143.4749 232.704 -247.6604 159.0001 249.0382 -247.6604 176.9976 262.6002 -247.6604 196.9783 273.0217 -247.6604 218.3995 280.0195 -247.6604 240.6792 283.4034 -247.6604 263.2122 283.0816 -247.0993 -111.9238 73.86691 -247.0993 111.5685 73.51161 -246.6506 -327.1447 255.5012 -246.6506 -327.1447 348 -246.6506 327.1447 275.5012 -246.6506 327.1447 348 -245.9716 -312.5686 250.1297 -245.9716 -284.9737 257.5238 -245.9716 -114.8924 129.3583 -245.9716 -113.987 77.48399 -245.9716 -111.6388 71.95211 -245.9716 -89.01483 49.32813 -245.9716 89.01483 49.32813 -245.9716 111.2835 71.59681 -245.9716 113.6317 77.12869 -245.9716 114.8924 149.3583 -245.9716 284.9737 277.5238 -245.9716 312.5686 270.1297 -245.6 -314.6447 356 -245.6 -314.6447 358.9 -245.6 314.6447 356 -245.6 314.6447 358.9 -245.4765 -320.5519 248.637 -245.4765 320.5518 268.637 -245 -83.34297 46.33974 -245 83.34297 46.33974 -244.8981 -319.9763 356 -244.8981 -319.9763 358.9 -244.8981 319.9763 356 -244.8981 319.9763 358.9 -243.9401 -86.42121 46.33974 -243.9401 86.42121 46.33974 -242.8401 -324.9447 356 -242.8401 -324.9447 358.9 -242.8401 324.9447 356 -242.8401 324.9447 358.9 -242.77 -330.1976 249.3123 -242.77 330.1976 269.3123 -242.6777 -332.3223 254.2336 -242.6777 -332.3223 348 -242.6777 332.3223 274.2336 -242.6777 332.3223 348 -241.8535 -115.4291 74.97216 -241.8535 -114.4475 72.65958 -241.8535 114.0922 72.30428 -241.8535 115.0738 74.61685 -241.7365 -312.0958 248.3652 -241.7365 -284.5009 255.7592 -241.7365 -260.6906 259.8719 -241.7365 -236.5291 259.6189 -241.7365 -212.8101 255.0084 -241.7365 -190.3131 246.1919 -241.7365 -169.7773 233.4591 -241.7365 -151.8773 217.2285 -241.7365 -137.2013 198.0331 -241.7365 -126.2316 176.5038 -241.7365 -119.3286 153.348 -241.7365 -116.719 129.3264 -241.7365 -115.8135 77.45211 -241.7365 -112.9306 70.66033 -241.7365 -90.30662 48.03636 -241.7365 90.30662 48.03636 -241.7365 112.5753 70.30503 -241.7365 115.4582 77.0968 -241.7365 116.719 149.3264 -241.7365 119.3286 173.348 -241.7365 126.2316 196.5038 -241.7365 137.2013 218.0331 -241.7365 151.8773 237.2285 -241.7365 169.7773 253.4591 -241.7365 190.3131 266.1919 -241.7365 212.8101 275.0084 -241.7365 236.5291 279.6189 -241.7365 260.6906 279.8719 -241.7365 284.5009 275.7592 -241.7365 312.0958 268.3652 -241.2308 -88.27864 46.39045 -241.2308 88.27864 46.39045 -241.2254 -315.9781 247.2316 -241.2254 315.9781 267.2316 -240.8034 -326.6512 245.8055 -240.8034 326.6512 265.8055 -240.638 -85.90134 45.35387 -240.638 85.90134 45.35387 -240 -83.34297 45 -240 83.34297 45 -239.7269 -319.5958 245.9887 -239.7269 319.5958 265.9887 -239.5664 -329.211 356 -239.5664 -329.211 358.9 -239.5664 329.211 356 -239.5664 329.211 358.9 -237.3431 -322.7024 244.7211 -237.3431 322.7024 264.7211 -234 -190 356 -234 -190 367 -234 -190 375 -234 -190 384 -234 190 356 -234 190 367 -234 190 375 -234 190 384 -233.7321 -190 385 -233.7321 190 385 -233 -190 385.732 -233 190 385.732 -232 -190 362.75 -232 -190 367 -232 -190 375 -232 -190 379.25 -232 -190 386 -232 190 362.75 -232 190 367 -232 190 375 -232 190 379.25 -232 190 386 -228.6642 -190 362.75 -228.6642 -190 379.25 -228.6642 190 362.75 -228.6642 190 379.25 -227.25 -190 380.6642 -227.25 -190 384 -227.25 190 380.6642 -227.25 190 384 -225 -190 366.4142 -225 -190 375.5858 -225 190 366.4142 -225 190 375.5858 -223.5858 -190 377 -223.5858 190 377 -223 -190 384 -223 -190 386 -223 190 384 -223 190 386 -220 -299.8602 123.2635 -220 -298.7464 138.126 -220 -296.5437 108.733 -220 -293.3013 152 -220 -289.0916 95.82551 -220 -284.0086 163.6526 -220 -278.166 85.68806 -220 -271.6942 172.0484 -220 -264.7378 79.22136 -220 -257.4521 176.4415 -220 -250 77 -220 -242.5479 176.4415 -220 -235.2622 79.22136 -220 -228.3058 172.0484 -220 -221.834 85.68806 -220 -215.9914 163.6526 -220 -210.9084 95.82551 -220 -206.6987 152 -220 -203.4563 108.733 -220 -201.2536 138.126 -220 -200.1398 123.2635 -220 200.1398 123.2635 -220 201.2536 138.126 -220 203.4563 108.733 -220 206.6987 152 -220 210.9084 95.82551 -220 215.9914 163.6526 -220 221.834 85.68806 -220 228.3058 172.0484 -220 235.2622 79.22136 -220 242.5479 176.4415 -220 250 77 -220 257.4521 176.4415 -220 264.7378 79.22136 -220 271.6942 172.0484 -220 278.166 85.68806 -220 284.0086 163.6526 -220 289.0916 95.82551 -220 293.3013 152 -220 296.5437 108.733 -220 298.7464 138.126 -220 299.8602 123.2635 -218.5 -280 355.8 -218.5 -280 356 -218.5 -200 355.8 -218.5 -200 356 -218.3296 -281.2941 356 -218.3296 -198.7059 356 -217.8301 -282.5 356 -217.8301 -197.5 356 -217.5451 -282.9389 355.8 -217.5451 -282.9389 356 -217.5451 -197.0611 355.8 -217.5451 -197.0611 356 -217.5 186.5 91.00001 -217.5 186.5 177 -217.5 186.7679 178 -217.5 187.5 178.7321 -217.5 188.0224 83.34633 -217.5 188.5 179 -217.5 192.3579 76.85787 -217.5 198.8463 72.52241 -217.5 200.5585 119.5479 -217.5 200.5585 134.4521 -217.5 204.9515 105.3058 -217.5 204.9515 148.6942 -217.5 206.5 71 -217.5 213.3474 92.99137 -217.5 213.3474 161.0086 -217.5 225 83.69873 -217.5 225 170.3013 -217.5 238.874 78.2536 -217.5 238.874 175.7464 -217.5 253.7365 77.13981 -217.5 253.7365 176.8602 -217.5 268.2671 80.45632 -217.5 268.2671 173.5437 -217.5 281.1745 87.90843 -217.5 281.1745 166.0916 -217.5 291.3119 98.834 -217.5 291.3119 155.166 -217.5 293.5 71 -217.5 297.7787 112.2622 -217.5 297.7787 141.7378 -217.5 300 127 -217.5 301.1537 72.52241 -217.5 307.6422 76.85787 -217.5 311.5 179 -217.5 311.9776 83.34633 -217.5 312.5 178.7321 -217.5 313.2321 178 -217.5 313.5 91.00001 -217.5 313.5 177 -217.0355 -283.5356 356 -217.0355 -196.4645 356 -216 -284.3301 356 -216 -195.6699 356 -215.0451 -284.7553 355.8 -215.0451 -284.7553 356 -215.0451 -195.2447 355.8 -215.0451 -195.2447 356 -215 -190 384 -215 -190 386 -215 190 384 -215 190 386 -214.7941 -284.8297 356 -214.7941 -195.1704 356 -214.4142 -190 377 -214.4142 190 377 -214.2635 -345.782 234.3239 -214.2635 -283.2472 251.08 -214.2635 -260.3021 255.0433 -214.2635 -237.0186 254.7995 -214.2635 -214.1616 250.3565 -214.2635 -192.4822 241.8604 -214.2635 -172.6926 229.5904 -214.2635 -155.4431 213.9495 -214.2635 -141.3005 195.4517 -214.2635 -130.7294 174.7048 -214.2635 -124.0772 152.3905 -214.2635 -121.5625 129.2419 -214.2635 -120.6229 75.41067 -214.2635 -117.7399 68.6189 -214.2635 -111.0847 61.96364 -214.2635 111.0847 61.96364 -214.2635 117.3846 68.2636 -214.2635 120.2676 75.05536 -214.2635 121.5625 149.2419 -214.2635 124.0772 172.3905 -214.2635 130.7294 194.7048 -214.2635 141.3005 215.4517 -214.2635 155.4431 233.9495 -214.2635 172.6926 249.5904 -214.2635 192.4822 261.8605 -214.2635 214.1616 270.3565 -214.2635 237.0186 274.7995 -214.2635 260.3021 275.0433 -214.2635 283.2472 271.08 -214.2635 345.782 254.3239 -214.1465 -120.2794 72.91333 -214.1465 -119.2978 70.60076 -214.1465 118.9425 70.24546 -214.1465 119.9241 72.55803 -213.5 -285 356 -213.5 -195 356 -213 -190 366.4142 -213 -190 375.5858 -213 190 366.4142 -213 190 375.5858 -212.7983 -103.9359 54.4495 -212.7983 103.9359 54.4495 -212.2059 -284.8297 356 -212.2059 -195.1704 356 -211.9549 -284.7553 355.8 -211.9549 -284.7553 356 -211.9549 -195.2447 355.8 -211.9549 -195.2447 356 -211.4772 -354.415 232.4219 -211.4772 354.415 252.4219 -211.467 107.8004 57.53574 -211 -284.3301 356 -211 -195.6699 356 -210.75 -190 380.6642 -210.75 -190 384 -210.75 190 380.6642 -210.75 190 384 -210.0284 -345.3092 232.5593 -210.0284 -282.7743 249.3154 -210.0284 -123.3891 129.21 -210.0284 -122.4494 75.37878 -210.0284 -119.0317 67.32713 -210.0284 -112.3764 60.67187 -210.0284 112.3764 60.67187 -210.0284 118.6764 66.97182 -210.0284 122.0941 75.02348 -210.0284 123.3891 149.21 -210.0284 282.7743 269.3154 -210.0284 345.3092 252.5593 -210.0122 103.22 52.71201 -209.9645 -283.5356 356 -209.9645 -196.4645 356 -209.4824 -361.3755 232.7911 -209.4824 361.3755 252.7911 -209.4549 -282.9389 355.8 -209.4549 -282.9389 356 -209.4549 -197.0611 355.8 -209.4549 -197.0611 356 -209.3688 -108.9734 56.8743 -209.3358 -190 362.75 -209.3358 -190 379.25 -209.3358 190 362.75 -209.3358 190 379.25 -209.2492 -122.1167 70.76873 -209.2492 121.7614 70.41342 -209.1699 -282.5 356 -209.1699 -197.5 356 -208.6704 -281.2941 356 -208.6704 -198.7059 356 -208.6173 -98.56536 48.03636 -208.6173 98.56536 48.03636 -208.5 -280 355.8 -208.5 -280 356 -208.5 -200 355.8 -208.5 -200 356 -208.4182 -351.8964 230.0122 -208.4182 351.8964 250.0122 -208.3395 -260.0278 251.6341 -208.3395 -237.3642 251.3968 -208.3395 -215.1158 247.0721 -208.3395 -194.0136 238.8023 -208.3395 -174.7509 226.8589 -208.3395 -157.9607 211.6345 -208.3395 -144.1947 193.6292 -208.3395 -133.905 173.4347 -208.3395 -127.43 151.7145 -208.3395 127.43 171.7145 -208.3395 133.905 193.4347 -208.3395 144.1947 213.6292 -208.3395 157.9607 231.6345 -208.3395 174.7509 246.8589 -208.3395 194.0136 258.8023 -208.3395 215.1158 267.0721 -208.3395 237.3642 271.3968 -208.3395 260.0278 271.6341 -208.2846 -104.4622 52.55792 -207.7168 -358.2014 229.5976 -207.7168 358.2014 249.5976 -207.6552 110.4572 55.83624 -207.6022 -362.3649 230.8768 -207.6022 362.3649 250.8768 -207.4135 -377.7688 348 -207.4135 -377.7688 358.9 -207.4135 377.7688 348 -207.4135 377.7688 358.9 -207.1234 -366.8001 234.4428 -207.1234 366.8001 254.4428 -207.0637 -344.3947 229.1464 -207.0637 -281.8599 245.9026 -207.0637 -126.9217 129.1483 -207.0637 -125.9821 75.31713 -207.0637 -121.5301 64.82875 -207.0637 -114.8748 58.17349 -207.0637 114.8748 58.17349 -207.0637 121.1748 64.47344 -207.0637 125.6268 74.96182 -207.0637 126.9217 149.1483 -207.0637 281.8599 265.9026 -207.0637 344.3947 249.1464 -206.9772 -111.2875 55.1953 -206.8009 105.9207 52.08614 -206.4089 -363.5582 228.568 -206.4089 363.5582 248.568 -206.38 -126.394 68.95312 -206.38 126.0387 68.59782 -206.3791 -100.4954 48.74502 -206.3791 100.4954 48.74502 -206.279 -351.7189 225.8412 -206.279 351.7189 245.8412 -206.1958 -358.9815 226.0494 -206.1958 358.9815 246.0494 -206.1721 -106.7106 51.73725 -206 -364.8579 199.1111 -206 -364.8579 226.0536 -206 -354.9265 223.5178 -206 -348.4875 82.6296 -206 -343.2331 224.8113 -206 -320.8579 55 -206 -299.8602 130.7365 -206 -298.7464 115.874 -206 -296.5437 145.267 -206 -293.3013 102 -206 -289.0916 158.1745 -206 -284.0086 90.34741 -206 -280.6983 241.5675 -206 -278.166 168.3119 -206 -271.6942 81.95156 -206 -264.7378 174.7786 -206 -259.5123 245.227 -206 -257.4521 77.55846 -206 -250 177 -206 -242.5479 77.55846 -206 -238.0138 245.0018 -206 -235.2622 174.7786 -206 -228.3058 81.95156 -206 -221.834 168.3119 -206 -216.9091 240.8995 -206 -215.9914 90.34741 -206 -210.9084 158.1745 -206 -206.6987 102 -206 -203.4563 145.267 -206 -201.2536 115.874 -206 -200.1398 130.7365 -206 -196.8917 233.0547 -206 -190 362.75 -206 -190 367 -206 -190 375 -206 -190 379.25 -206 -190 386 -206 -178.6193 221.7254 -206 -162.6923 207.2836 -206 -149.6339 190.2039 -206 -139.8732 171.0476 -206 -133.731 150.4439 -206 -131.4091 129.07 -206 -130.4694 75.2388 -206 -129.7416 70.26151 -206 -127.7783 65.63636 -206 -124.7036 61.65525 -206 -118.0483 55 -206 118.0483 55 -206 124.3483 61.29995 -206 127.423 65.28105 -206 129.3862 69.90621 -206 130.1141 74.88349 -206 131.4091 149.07 -206 133.731 170.4439 -206 139.8732 191.0476 -206 149.6339 210.2039 -206 155.8367 55 -206 162.6923 227.2836 -206 168.1164 195.3578 -206 171.5669 209.7303 -206 178.6193 241.7254 -206 179.0688 222.466 -206 189.9665 232.4519 -206 190 362.75 -206 190 367 -206 190 375 -206 190 379.25 -206 190 386 -206 196.8917 253.0547 -206 203.3076 238.8152 -206 216.9091 260.8995 -206 217.9261 241 -206 238.0138 265.0018 -206 259.5123 265.227 -206 280.6983 261.5675 -206 343.2331 244.8113 -206 354.9265 243.5178 -206 364.8579 241 -206 364.8579 246.0536 -205.9138 367.957 253.3735 -205.6593 -367.4461 199.1111 -205.6593 367.4461 241 -205.2674 -110.8995 51.24293 -205.2674 110.8995 51.24293 -205.2388 -368.6847 230.7964 -205.2388 368.6847 250.7964 -205.0365 -369.5025 234.4433 -205 -190 385.732 -205 190 385.732 -204.6603 -369.8579 199.1111 -204.6603 -369.8092 198.4152 -204.6603 -353.4388 81.93373 -204.6603 -352.023 79.09407 -204.6603 -324.3934 51.46446 -204.6603 -320.8579 50 -204.6603 155.8367 50 -204.6603 160.8177 54.56422 -204.6603 173.0974 194.922 -204.6603 175.4206 205.7743 -204.6603 180.3292 215.7279 -204.6603 187.5246 224.1775 -204.6603 196.5691 230.6091 -204.6603 206.9127 234.6315 -204.6603 217.9261 236 -204.6603 364.8579 236 -204.6603 369.8579 241 -204.508 -102.8903 48.74502 -204.508 102.8903 48.74502 -204.2679 -190 385 -204.2679 190 385 -204.0036 -353.1024 78.80277 -204.001 368.172 236 -204 -190 356 -204 -190 367 -204 -190 375 -204 -190 384 -204 190 356 -204 190 367 -204 190 375 -204 190 384 -203.5049 160.1583 50 -203.5 -325.188 50 -203.3781 371.6128 256.1143 -203.1769 -105.529 48.03636 -203.1769 105.529 48.03636 -203.0711 -371.929 199.1111 -203.0711 -371.929 236.391 -203.0711 371.929 241 -203.0711 371.929 256.391 -202.85 -96.62255 45.79032 -202.85 96.62255 45.79032 -202.3223 -372.6777 204.4386 -202.3223 -372.6777 348 -202.3223 372.6777 241 -202.3223 372.6777 348 -202.1237 370.9816 236 -201.375 371.7303 236 -201.0075 -373.4987 198.6004 -201 -373.4338 197.9058 -201 -357.0635 81.42433 -201 -354.6112 76.50588 -201 -326.9816 48.87627 -201 -320.8579 46.33974 -201 155.8367 46.33974 -201 164.464 54.24521 -201 176.7437 194.603 -201 178.878 204.5725 -201 183.3873 213.7166 -201 189.9974 221.4789 -201 198.3063 227.3873 -201 207.8085 231.0825 -201 217.9261 232.3397 -201 364.8579 232.3397 -200.9951 -97.67182 45.83326 -200.7447 -382.886 348 -200.7447 -382.886 358.9 -200.7447 382.886 348 -200.7447 382.886 358.9 -200.6371 -356.4783 78.80277 -200.6194 366.7713 232.3397 -200.4657 98.34945 45.83326 -200.3388 163.3317 50 -200.3315 158.3342 46.33974 -200.3301 -323.3579 46.33974 -200.2588 -374.2474 203.928 -199.8964 -100.4031 45.79032 -199.8964 100.4031 45.79032 -199.5355 368.3934 232.3397 -199.2111 -369.5664 356 -199.2111 -369.5664 358.9 -199.2111 369.5664 356 -199.2111 369.5664 358.9 -198.7868 369.1422 232.3397 -198.5944 -374.465 198.1255 -198.5339 -375.7868 217.7119 -198.5025 160.1654 46.33974 -198.5 -325.188 46.33974 -197.8456 -375.2138 203.453 -197.1447 -376.6506 348 -197.1447 376.6506 241 -197.1447 376.6506 348 -196.5367 -94.67666 45.00929 -196.4808 94.74826 45.00929 -196 -374.7606 197.7193 -196 -358.3902 81.23787 -196 -357.8644 79.15479 -196 -356.9057 77.23209 -196 -355.5585 75.55854 -196 -327.9289 47.92893 -196 -325.8579 46.33974 -196 -323.4461 45.34074 -196 -320.8579 45 -196 -94.31499 45 -196 94.31499 45 -196 155.8367 45 -196 160.5827 46.19799 -196 164.1916 49.50491 -196 165.7986 54.12844 -196 178.0783 194.4862 -196 180.8388 205.9843 -196 186.8403 216.1728 -196 195.5584 224.1615 -196 206.2313 229.2522 -196 217.9261 231 -196 364.8579 231 -195.2512 -375.5093 203.0469 -195.2512 365.6066 231 -194.9447 -372.8401 356 -194.9447 -372.8401 358.9 -194.9447 372.8401 356 -194.9447 372.8401 358.9 -194.9324 -377.3692 218.2108 -194.2117 -378.097 227.5749 -193.699 376.8592 236 -192.9786 -386.1029 348 -192.9786 -386.1029 358.9 -192.9786 386.1029 348 -192.9786 386.1029 358.9 -192.9782 -377.3747 216.3202 -192.2983 373.4776 232.3397 -192.1447 367.9904 231 -191.611 -378.817 227.4895 -191.1151 -379.1481 348 -191.1151 379.1481 241 -191.1151 379.1481 348 -190.3849 -378.7609 226.1832 -189.9763 -374.8981 356 -189.9763 -374.8981 358.9 -189.9763 374.8981 356 -189.9763 374.8981 358.9 -189.5219 -379.5196 233.6485 -188.527 369.4889 231 -187.8039 -379.7341 233.3784 -187.571 -379.6145 232.2567 -187.0951 -379.8796 235.1853 -186.1149 -379.8305 233.7936 -184.6447 -387.2 348 -184.6447 -387.2 358.9 -184.6447 -380 235.6993 -184.6447 -380 348 -184.6447 -379.9892 235.234 -184.6447 -379.9567 234.7698 -184.6447 -379.9027 234.3075 -184.6447 -375.6 356 -184.6447 -375.6 358.9 -184.6447 370 231 -184.6447 375 232.3397 -184.6447 375.6 356 -184.6447 375.6 358.9 -184.6447 378.6603 236 -184.6447 380 241 -184.6447 380 348 -184.6447 387.2 348 -184.6447 387.2 358.9 -173.75 380 273 -173.75 387 273 -173.2141 389 273 -172.193 391 269.1262 -172.193 391 276.8738 -172.193 392.2 269.1262 -172.193 392.2 276.8738 -171.7739 380 265.625 -171.7739 380 280.375 -171.7739 387 265.625 -171.7739 387 280.375 -171.75 390.4641 273 -171.3098 389 265.893 -171.3098 389 280.1071 -170.5311 395.2 269.6141 -170.5311 395.2 276.3858 -170.5311 396.2 269.6141 -170.5311 396.2 276.3858 -170.0418 390.4641 266.625 -170.0418 390.4641 279.375 -169.9201 398.2 269.4519 -169.9201 398.2 276.5482 -169.75 391 273 -168.5276 399.6641 269.9043 -168.5276 399.6641 276.0957 -168.0043 391 262.6085 -168.0043 391 283.3916 -168.0043 392.2 262.6085 -168.0043 392.2 283.3916 -167.6969 391 266.6813 -167.6969 391 279.3187 -166.8701 395.2 263.9175 -166.8701 395.2 282.0826 -166.8701 396.2 263.9175 -166.8701 396.2 282.0826 -166.5344 400.2 270.2577 -166.5344 400.2 275.7423 -166.375 380 260.2261 -166.375 380 285.7739 -166.375 387 260.2261 -166.375 387 285.7739 -166.107 389 260.6902 -166.107 389 285.3098 -165.749 398.2 263.7108 -165.749 398.2 282.2892 -165.375 390.4641 261.9582 -165.375 390.4641 284.0418 -164.8884 399.6641 264.8953 -164.8884 399.6641 281.1047 -163.009 400.2 266.0563 -163.009 400.2 279.9438 -162.3219 391 262.7762 -162.3219 391 283.2239 -160.9568 391 259.39 -160.9568 391 286.6101 -160.9568 392.2 259.39 -160.9568 392.2 286.6101 -160.7103 395.2 261.1044 -160.7103 395.2 284.8956 -160.7103 396.2 261.1044 -160.7103 396.2 284.8956 -159 380 258.25 -159 380 287.75 -159 387 258.25 -159 387 287.75 -159 389 258.7859 -159 389 287.2141 -159 390.4641 260.25 -159 390.4641 285.75 -159 398.2 261.518 -159 398.2 284.4821 -159 399.6641 262.9821 -159 399.6641 283.018 -157.6077 400.2 265.1039 -157.6077 400.2 280.8961 -155.6781 391 262.7762 -155.6781 391 283.2239 -154.0075 395.2 262.0681 -154.0075 395.2 283.9319 -154.0075 396.2 262.0681 -154.0075 396.2 283.9319 -153.288 391 260.4926 -153.288 391 285.5074 -153.288 392.2 260.4926 -153.288 392.2 285.5074 -153.1116 399.6641 264.8953 -153.1116 399.6641 281.1047 -152.8579 400.2 267.8462 -152.8579 400.2 278.1539 -152.625 390.4641 261.9582 -152.625 390.4641 284.0418 -152.251 398.2 263.7108 -152.251 398.2 282.2892 -151.8929 389 260.6902 -151.8929 389 285.3098 -151.625 380 260.2261 -151.625 380 285.7739 -151.625 387 260.2261 -151.625 387 285.7739 -150.982 400.2 273 -150.3031 391 266.6813 -150.3031 391 279.3187 -149.4724 399.6641 269.9043 -149.4724 399.6641 276.0957 -148.8899 395.2 266.5026 -148.8899 395.2 279.4974 -148.8899 396.2 266.5026 -148.8899 396.2 279.4974 -148.25 391 273 -148.0799 398.2 269.4519 -148.0799 398.2 276.5482 -147.9582 390.4641 266.625 -147.9582 390.4641 279.375 -147.4328 391 265.5662 -147.4328 391 280.4338 -147.4328 392.2 265.5662 -147.4328 392.2 280.4338 -146.9821 395.2 273 -146.9821 396.2 273 -146.6902 389 265.893 -146.6902 389 280.1071 -146.25 390.4641 273 -146.2261 380 265.625 -146.2261 380 280.375 -146.2261 387 265.625 -146.2261 387 280.375 -145.25 391 273 -145.25 392.2 273 -144.7859 389 273 -144.25 380 273 -144.25 387 273 -136.75 380 273 -136.75 387 273 -136.2141 389 273 -135.193 391 269.1262 -135.193 391 276.8738 -135.193 392.2 269.1262 -135.193 392.2 276.8738 -134.7739 380 265.625 -134.7739 380 280.375 -134.7739 387 265.625 -134.7739 387 280.375 -134.75 390.4641 273 -134.3098 389 265.893 -134.3098 389 280.1071 -133.5311 395.2 269.6141 -133.5311 395.2 276.3858 -133.5311 396.2 269.6141 -133.5311 396.2 276.3858 -133.0418 390.4641 266.625 -133.0418 390.4641 279.375 -132.9201 398.2 269.4519 -132.9201 398.2 276.5482 -132.75 391 273 -131.5276 399.6641 269.9043 -131.5276 399.6641 276.0957 -131.0043 391 262.6085 -131.0043 391 283.3916 -131.0043 392.2 262.6085 -131.0043 392.2 283.3916 -130.6969 391 266.6813 -130.6969 391 279.3187 -129.8701 395.2 263.9175 -129.8701 395.2 282.0826 -129.8701 396.2 263.9175 -129.8701 396.2 282.0826 -129.5344 400.2 270.2577 -129.5344 400.2 275.7423 -129.375 380 260.2261 -129.375 380 285.7739 -129.375 387 260.2261 -129.375 387 285.7739 -129.107 389 260.6902 -129.107 389 285.3098 -128.749 398.2 263.7108 -128.749 398.2 282.2892 -128.375 390.4641 261.9582 -128.375 390.4641 284.0418 -127.8884 399.6641 264.8953 -127.8884 399.6641 281.1047 -126.009 400.2 266.0563 -126.009 400.2 279.9438 -125.3219 391 262.7762 -125.3219 391 283.2239 -123.9568 391 259.39 -123.9568 391 286.6101 -123.9568 392.2 259.39 -123.9568 392.2 286.6101 -123.7103 395.2 261.1044 -123.7103 395.2 284.8956 -123.7103 396.2 261.1044 -123.7103 396.2 284.8956 -122 380 258.25 -122 380 287.75 -122 387 258.25 -122 387 287.75 -122 389 258.7859 -122 389 287.2141 -122 390.4641 260.25 -122 390.4641 285.75 -122 398.2 261.518 -122 398.2 284.4821 -122 399.6641 262.9821 -122 399.6641 283.018 -120.6077 400.2 265.1039 -120.6077 400.2 280.8961 -118.6781 391 262.7762 -118.6781 391 283.2239 -117.0076 395.2 262.0681 -117.0076 395.2 283.9319 -117.0076 396.2 262.0681 -117.0076 396.2 283.9319 -116.288 391 260.4926 -116.288 391 285.5074 -116.288 392.2 260.4926 -116.288 392.2 285.5074 -116.1116 399.6641 264.8953 -116.1116 399.6641 281.1047 -115.8579 400.2 267.8462 -115.8579 400.2 278.1539 -115.625 390.4641 261.9582 -115.625 390.4641 284.0418 -115.251 398.2 263.7108 -115.251 398.2 282.2892 -114.893 389 260.6902 -114.893 389 285.3098 -114.625 380 260.2261 -114.625 380 285.7739 -114.625 387 260.2261 -114.625 387 285.7739 -113.9821 400.2 273 -113.3031 391 266.6813 -113.3031 391 279.3187 -112.4724 399.6641 269.9043 -112.4724 399.6641 276.0957 -111.8899 395.2 266.5026 -111.8899 395.2 279.4974 -111.8899 396.2 266.5026 -111.8899 396.2 279.4974 -111.25 391 273 -111.0799 398.2 269.4519 -111.0799 398.2 276.5482 -110.9582 390.4641 266.625 -110.9582 390.4641 279.375 -110.4328 391 265.5662 -110.4328 391 280.4338 -110.4328 392.2 265.5662 -110.4328 392.2 280.4338 -109.9821 395.2 273 -109.9821 396.2 273 -109.6902 389 265.893 -109.6902 389 280.1071 -109.25 390.4641 273 -109.2261 380 265.625 -109.2261 380 280.375 -109.2261 387 265.625 -109.2261 387 280.375 -108.25 391 273 -108.25 392.2 273 -107.7859 389 273 -107.25 380 273 -107.25 387 273 -104.1099 155.8367 45 -104.1099 160.5827 46.19799 -104.1099 164.1916 49.50491 -104.1099 165.7986 54.12844 -103.6732 157.5329 45.14559 -103.5785 160.7086 46.26955 -103.0201 165.8188 54.35898 -101.9913 163.8278 49.14513 -101.9799 165.8793 55.05058 -101.9145 165.6484 53.45844 -100.9656 157.1962 45.12329 -100.6879 161.934 47.31929 -100.2179 165.9379 56.04346 -100.0481 166.1213 57.817 -99.5 380 313 -99.5 386 313 -99.11175 159.6452 46.01955 -98.88828 387.75 314.9968 -98.69511 166.3339 60.29123 -98.50234 162.6649 48.82251 -98.36563 164.7928 53.0437 -98.36349 156.5899 45.10501 -98.31432 166.5247 62.4277 -97.76313 387.75 307.1713 -97.62022 389.0311 314.8145 -97.55738 380 305.75 -97.55738 380 320.25 -97.55738 386 305.75 -97.55738 386 320.25 -96.95767 158.906 46.04489 -96.95278 165.2244 56.27703 -96.78904 160.5633 47.36938 -96.77867 167.0895 68.88268 -96.5978 389.0311 307.7035 -96.00001 389.5 313 -96.00001 397.5 313 -95.7622 165.7571 60.62359 -95.60399 387.75 322.1884 -95.44113 167.8155 77.18193 -95.29709 163.5292 53.58216 -94.96607 161.154 49.32116 -94.90793 159.733 47.60913 -94.88136 158.034 46.15856 -94.72916 166.4346 66.42208 -94.63581 389.0311 321.3495 -94.30169 168.703 87.32546 -94.1933 163.9915 56.92579 -94.01124 153.5185 45 -93.89919 389.5 306.5344 -93.89919 389.5 319.4656 -93.89919 397.5 306.5344 -93.89919 397.5 319.4656 -93.78887 167.2762 74.1211 -93.45723 399.5 309.9218 -93.45723 399.5 316.0782 -93.43758 154.6962 45.09487 -93.36036 169.7518 99.31328 -93.32311 160.3131 49.73163 -93.32101 164.5875 61.1131 -93.12619 158.8336 47.92116 -92.91098 168.2772 84.13639 -92.61712 170.9619 113.1454 -92.58579 387.75 301.1963 -92.57824 165.347 66.45903 -92.45408 162.0177 54.55068 -92.25001 380 300.4426 -92.25001 380 325.5574 -92.25001 386 300.4426 -92.25001 386 325.5574 -92.146 169.4336 96.73602 -91.89317 389.0311 302.274 -91.87718 166.2848 73.36965 -91.84617 170.1019 104.1586 -91.79785 159.4471 50.16222 -91.64327 162.5198 57.87026 -91.61836 170.8494 112.4667 -91.19611 161.2431 55.05018 -91.14805 167.3841 82.20645 -91.04594 156.0132 46.51125 -91.00877 163.1433 61.88712 -90.51171 161.769 58.33408 -90.46243 163.9189 66.89717 -90.36666 168.5503 92.97787 -90.04292 160.474 55.50747 -89.97608 169.1234 98.99495 -89.96897 162.3975 62.27151 -89.92779 164.8751 73.27457 -89.90856 156.9323 48.55104 -89.60321 169.6999 105.4709 -89.5 399.5 305.2058 -89.5 399.5 320.7942 -89.4925 163.1612 67.1445 -89.47187 161.024 58.75033 -89.33309 166.0166 81.36806 -89.08013 157.7056 50.9124 -89.0657 178.0783 194.4862 -89.0657 180.8388 205.9843 -89.0657 186.8403 216.1728 -89.0657 195.5584 224.1615 -89.0657 206.2313 229.2522 -89.0657 217.9261 231 -89.01506 164.0944 73.30958 -89.00933 161.6536 62.61373 -88.95302 387.75 326.4627 -88.62518 167.249 91.13346 -88.59267 162.397 67.36457 -88.5921 389.0311 325.2336 -88.46951 165.2135 81.11472 -88.3992 389.5 302.5384 -88.3992 389.5 323.4616 -88.3992 397.5 302.5384 -88.3992 397.5 323.4616 -88.34294 178.0904 194.906 -88.23338 167.8291 96.41014 -88.16394 163.2917 73.34114 -88 -340 356 -88 -340 367 -88 -340 375 -88 -340 384 -88 340 356 -88 340 367 -88 340 375 -88 340 384 -87.98877 158.9704 56.22906 -87.83386 168.3485 101.779 -87.79866 166.4437 90.55112 -87.7608 179.2972 202.1552 -87.73205 -340 385 -87.73205 340 385 -87.6834 178.11 195.8548 -87.66194 164.3634 80.89035 -87.63282 169.6147 113.0456 -87.6142 159.5654 59.39471 -87.47968 181.7728 208.8428 -87.416 167.03 95.63769 -87.29182 160.1885 63.13407 -87.07575 169.2358 112.7754 -87.04856 185.5695 215.1771 -87.02896 165.56 90.05798 -87.01787 167.548 100.7366 -87 -340 385.732 -87 340 385.732 -86.98125 160.8756 67.68621 -86.65924 166.1419 95.02412 -86.6595 179.2784 204.0512 -86.64198 161.6654 73.35601 -86.52468 178.1976 199.0375 -86.47899 190.5853 220.7717 -86.26762 166.6587 99.98124 -86.262 168.3362 110.5123 -86.22715 162.5916 80.48472 -86.1824 181.5743 210.3027 -86.00001 -340 362.75 -86.00001 -340 367 -86.00001 -340 375 -86.00001 -340 379.25 -86.00001 -340 386 -86.00001 340 362.75 -86.00001 340 367 -86.00001 340 375 -86.00001 340 379.25 -86.00001 340 386 -85.79778 196.5843 225.2999 -85.6858 163.641 89.2322 -85.52106 179.254 207.3508 -85.51451 167.3969 109.0521 -85.45289 185.0849 216.2212 -85.35915 164.1717 94.066 -85.0457 203.2073 228.5354 -85.00285 164.6598 98.95172 -85 380 298.5 -85 380 327.5 -85 386 298.5 -85 386 327.5 -85 387.75 298.9689 -85 389.0311 300.25 -84.91397 181.2315 212.839 -84.49059 189.7158 221.447 -84.44369 154.3684 51.56204 -84.44186 156.1295 56.83305 -84.41926 148.4183 45 -84.41786 153.1459 49.14085 -84.40408 149.4893 45.15225 -84.40174 156.7937 59.93365 -84.39521 151.6549 46.92487 -84.34874 179.1584 211.3043 -84.32981 157.3805 63.57003 -84.28798 165.349 107.6232 -84.26744 210.061 230.4105 -84.22933 178.3575 208.4321 -84.21996 157.9277 67.95706 -84.06333 158.4669 73.3696 -83.98763 184.2488 218.0332 -83.97773 165.9701 113.2049 -83.92061 165.578 111.712 -83.84821 159.0245 80.13897 -83.68035 180.7519 215.876 -83.56404 159.6132 88.52777 -83.43717 399.5 304.1367 -83.43717 399.5 321.8633 -83.39699 159.9134 93.28076 -83.35328 178.9297 214.1379 -83.34059 195.2498 225.676 -83.21949 160.2056 98.21748 -82.91101 156.0477 63.53353 -82.89949 156.5173 67.97143 -82.8837 160.693 107.2266 -82.85974 155.4895 59.86296 -82.83115 156.9275 73.46044 -82.76699 188.2248 222.6185 -82.73628 154.8028 56.73787 -82.72966 160.8846 111.136 -82.71221 157.2989 80.33615 -82.66422 -340 362.75 -82.66422 -340 379.25 -82.66422 340 362.75 -82.66422 340 379.25 -82.66172 183.1804 220.2021 -82.65756 180.236 218.0521 -82.65283 160.9694 112.9669 -82.62664 161 113.5807 -82.57202 216.316 231 -82.56574 177.9581 213.3854 -82.55746 157.646 88.83522 -82.47694 157.8148 93.61646 -82.4036 157.9829 98.53997 -82.33228 158.5754 113.2782 -82.31234 158.3143 107.4091 -82.30902 158.4953 111.2987 -82.21311 152.817 51.43663 -82.0715 201.357 228.6977 -81.77635 151.3772 49.0179 -81.60081 389.5 302.5384 -81.60081 389.5 323.4616 -81.60081 397.5 302.5384 -81.60081 397.5 323.4616 -81.59752 182.2265 221.7558 -81.52235 155.4422 73.5876 -81.51119 155.1603 67.8926 -81.48155 155.639 80.74773 -81.47476 156.2586 112.023 -81.44671 156.1089 107.9464 -81.42596 154.7743 63.31932 -81.4242 155.7734 89.53073 -81.40791 389.0311 325.2336 -81.40564 155.8329 94.38019 -81.40268 155.9024 99.27657 -81.37756 177.9604 218.2507 -81.32033 186.3784 224.0205 -81.30912 192.9734 226.3288 -81.28816 156 113.5223 -81.25 -340 380.6642 -81.25 -340 384 -81.25 340 380.6642 -81.25 340 384 -81.24639 154.2549 59.56042 -81.18626 149.5928 46.83069 -81.04698 387.75 326.4627 -80.94665 153.5586 56.3749 -80.75836 207.676 230.4493 -80.66081 178.8087 221.2086 -80.51654 176.654 217.6324 -80.20172 184.8475 225.0248 -80.10009 154.2039 109.4351 -80.08318 154.0667 100.3965 -80.07125 154.0823 81.26744 -80.06986 154.0516 95.44052 -80.065 154.0603 90.4662 -80.05632 154.0345 73.68395 -80.04169 176.805 220.3359 -79.98352 146.8672 45.1334 -79.97327 153.8753 67.67694 -79.8439 151.3888 51.01261 -79.78745 153.5797 62.89865 -79.71879 190.1966 227.1101 -79.70076 198.2123 228.9799 -79.56539 180.1053 224.0086 -79.46425 153.114 59.00842 -79.40004 176.0255 221.2104 -79.33751 177.3894 222.8072 -79 -340 366.4142 -79 -340 375.5858 -79 340 366.4142 -79 340 375.5858 -78.9586 152.4295 55.73727 -78.9575 149.7785 48.62443 -78.817 175.109 221.9501 -78.7112 176.488 223.4769 -78.66488 174.0617 220.5313 -78.53532 187.9766 227.6698 -78.4377 152.6207 91.60209 -78.43637 152.7124 81.83583 -78.42233 152.5933 96.86413 -78.38919 152.5962 102.2053 -78.37545 152.7625 73.72214 -78.32583 174.0662 222.5376 -78.26531 212.3668 231 -78.25469 178.2881 225.1488 -78.21333 152.6953 113.1137 -78.21164 152.7055 67.3192 -78.1483 175.4589 224.0429 -78.12078 181.8153 226.4808 -78.10808 172.3172 221.276 -78.10683 389.0311 302.274 -78.1056 399.5 307.2149 -78.1056 399.5 318.7851 -78.03672 203.6325 230.5167 -77.96075 172.9122 222.9552 -77.95223 194.4083 229.3177 -77.91757 161 221.4362 -77.91757 170.4361 221.4362 -77.90278 152.5023 62.28125 -77.76873 147.7863 46.55579 -77.75 380 300.4426 -77.75 380 325.5574 -77.75 386 300.4426 -77.75 386 325.5574 -77.74256 171.6864 223.1836 -77.68003 174.3135 224.4916 -77.64659 177.2029 225.6262 -77.6314 152.3397 113.3626 -77.58579 -340 377 -77.58579 340 377 -77.5451 152.1425 82.2003 -77.53476 152.0523 92.36628 -77.48858 152.0299 97.90809 -77.45623 152.2128 73.76795 -77.41423 387.75 301.1963 -77.40158 152.0332 103.6777 -77.39988 152.1095 58.23345 -77.33838 173.0679 224.8095 -77.23748 152.1912 67.12974 -77.16769 150.1637 50.32476 -77.14112 171.7602 224.9816 -77.10785 176.0032 226.0293 -77 -340 384 -77 -340 386 -77 340 384 -77 340 386 -76.84718 152.0304 61.93954 -76.82222 179.4769 227.2175 -76.69725 191.4281 229.5597 -76.6667 174.7015 226.3486 -76.63658 151.4738 54.87882 -76.62411 151.6789 82.72245 -76.58325 151.6075 93.43178 -76.5791 156 221.3777 -76.50263 151.7488 73.90473 -76.48368 151.5919 99.39492 -76.43825 161 226.2498 -76.43825 170.4361 226.2498 -76.39466 183.8585 228.4814 -76.35168 173.3147 226.5742 -76.31076 151.5907 105.8013 -76.23461 178.151 227.5259 -76.23084 151.6816 57.80793 -76.21307 151.7481 66.99012 -76.17599 171.8787 226.6956 -76.1246 198.7656 230.5975 -76.10082 389.5 306.5344 -76.10082 389.5 319.4656 -76.10082 397.5 306.5344 -76.10082 397.5 319.4656 -76 399.5 313 -75.77166 148.486 48.04229 -75.7233 176.7275 227.7862 -75.72045 151.6239 61.62596 -75.42587 156.6678 226 -75.38106 144.6645 45.10299 -75.3642 389.0311 321.3495 -75.31428 151.0911 54.42792 -75.31257 175.2201 227.9924 -75.10768 180.8999 228.8921 -75.02639 173.6462 228.1379 -74.96935 151.3235 57.40931 -74.87207 172.0387 228.216 -74.8273 143.3182 45 -74.79568 194.9988 230.6554 -74.73855 151.1217 84.62318 -74.58466 151.1555 74.69841 -74.54222 179.2875 229.0641 -74.49863 151.0918 97.06457 -74.48994 186.1131 229.9109 -74.39601 387.75 322.1884 -74.17699 151.0738 104.3791 -74.12316 151.1605 67.04177 -74.06078 177.5972 229.2093 -74.04239 149.2913 49.56037 -74 389.5 313 -74 397.5 313 -73.95728 146.4517 46.23252 -73.8851 150.7958 54.02669 -73.69274 151.0532 112.5596 -73.68288 175.8442 229.3243 -73.67169 200.888 231 -73.42707 174.0462 229.4056 -73.40219 389.0311 307.7035 -73.36626 151.0901 61.25206 -73.29358 172.2324 229.4493 -73.21413 182.4714 230.0887 -73.09393 151 87.7063 -73.06793 151 99.51691 -72.92233 152.3397 221.2181 -72.8006 161 229.7321 -72.8006 170.4361 229.7321 -72.71415 151 77.71271 -72.67186 180.5434 230.1632 -72.63616 151 113.1445 -72.51915 188.4459 230.7395 -72.44264 380 305.75 -72.44264 380 320.25 -72.44264 386 305.75 -72.44264 386 320.25 -72.37978 389.0311 314.8145 -72.31504 149.0535 49.27854 -72.28854 150.8986 56.88917 -72.25686 158.4994 229.6603 -72.25512 153.4988 226 -72.23687 387.75 307.1713 -72.22177 178.5592 230.2261 -72.13426 147.7224 47.54925 -71.92861 151 69.53614 -71.87818 176.5354 230.276 -71.65364 174.4897 230.3114 -71.54058 172.4474 230.3305 -71.25441 184.0978 230.7821 -71.11173 387.75 314.9968 -70.86044 150.5518 53.61976 -70.73728 151 63.17657 -70.73575 181.8434 230.7999 -70.5228 148.9826 49.15513 -70.5 380 313 -70.5 386 313 -70.46466 143.2146 45.11757 -70.44121 150.9969 61.05471 -70.42648 156.6695 229.6603 -70.31761 179.5554 230.815 -70.19383 147.6139 47.47255 -70.00892 177.2512 230.8271 -69.81605 174.9492 230.8356 -69.74268 145.8508 46.12791 -69.72335 172.6704 230.8403 -69.44717 186.2162 231 -69.14019 151 58.63403 -69 -340 384 -69 -340 386 -69 340 384 -69 340 386 -68.99089 150.9705 56.82951 -68.41421 -340 377 -68.41421 340 377 -68.2267 147.7095 47.56983 -67.92709 151 221 -67.92709 152.3397 226 -67.92709 156 229.6603 -67.92709 161 231 -67.92709 170.4361 231 -67.53429 145.8824 46.22522 -67.19267 150.8989 54.22908 -67.13731 151 55.90851 -67 -340 366.4142 -67 -340 375.5858 -67 340 366.4142 -67 340 375.5858 -66.97585 149.3678 49.59024 -65.26441 146.139 46.41951 -65.16454 142.803 45.16317 -65 161.5 220 -65 161.5 230 -65 338.5 220 -65 338.5 230 -64.75 -340 380.6642 -64.75 -340 384 -64.75 340 380.6642 -64.75 340 384 -64.72866 141 45 -64.72866 146 46.33974 -64.72866 149.6602 50 -64.72866 151 55 -63.33578 -340 362.75 -63.33578 -340 379.25 -63.33578 340 362.75 -63.33578 340 379.25 -60 -340 362.75 -60 -340 367 -60 -340 375 -60 -340 379.25 -60 -340 386 -60 340 362.75 -60 340 367 -60 340 375 -60 340 379.25 -60 340 386 -59 -340 385.732 -59 340 385.732 -58.26795 -340 385 -58.26795 340 385 -58 -340 356 -58 -340 367 -58 -340 375 -58 -340 384 -58 340 356 -58 340 367 -58 340 375 -58 340 384 -56.3 -480.7764 337.7448 -56.3 -480.5644 341.9307 -56.3 -478.5589 334.1881 -56.3 -477.9991 345.2452 -56.3 -474 346.5 -56.3 -407.5382 273.2348 -56.3 -401.6626 269.2917 -56.3 -395.0267 266.8345 -56.3 -388 266 -56.3 -380 266 -56.3 -380 346.5 -56.3 380 266 -56.3 380 346.5 -56.3 388 266 -56.3 395.0267 266.8345 -56.3 401.6626 269.2917 -56.3 407.5382 273.2348 -56.3 478.5487 334.1794 -56.3 478.9898 346.5 -56.3 479.8666 335.6882 -56.3 479.9898 346.232 -56.3 480.7031 337.5085 -56.3 480.7219 345.5 -56.3 480.9898 339.4913 -56.3 480.9898 344.5 -53.3 -480.9898 339.122 -53.3 -480.9898 339.878 -53.3 -480.6376 337.2768 -53.3 -479.9322 343.216 -53.3 -479.8074 335.5917 -53.3 -478.5589 334.1881 -53.3 -477.3903 345.6242 -53.3 -474 346.5 -53.3 -407.5382 273.2348 -53.3 -401.6626 269.2917 -53.3 -395.0267 266.8345 -53.3 -388 266 -53.3 -383 266 -53.3 -383 346.5 -53.3 383 266 -53.3 383 346.5 -53.3 388 266 -53.3 395.0267 266.8345 -53.3 401.6626 269.2917 -53.3 407.5382 273.2348 -53.3 478.5487 334.1794 -53.3 478.9898 346.5 -53.3 479.8666 335.6882 -53.3 479.9898 346.232 -53.3 480.7031 337.5085 -53.3 480.7219 345.5 -53.3 480.9898 339.4913 -53.3 480.9898 344.5 -36 161.5 205 -36 161.5 220 -36 177.5 205 -36 177.5 220 -36 322.5 205 -36 322.5 220 -36 338.5 205 -36 338.5 220 -30 178.5 97 -30 178.5 178.5 -30 186.5 97 -30 186.5 177 -30 186.5 178.5 -30 313.5 97 -30 313.5 177 -30 313.5 178.5 -30 321.5 97 -30 321.5 178.5 -29.33013 178.5 94.5 -29.33013 186.5 94.5 -29.33013 313.5 94.5 -29.33013 321.5 94.5 -28.09699 178.5 188.0671 -28.09699 186.5 188.0671 -28.09699 313.5 188.0671 -28.09699 321.5 188.0671 -27.5 178.5 92.66987 -27.5 186.5 92.66987 -27.5 313.5 92.66987 -27.5 321.5 92.66987 -25 178.5 92 -25 186.5 92 -25 313.5 92 -25 321.5 92 -22.67767 178.5 196.1777 -22.67767 186.5 196.1777 -22.67767 313.5 196.1777 -22.67767 321.5 196.1777 -22 161.5 168 -22 161.5 205 -22 177.5 168 -22 177.5 205 -22 322.5 168 -22 322.5 205 -22 338.5 168 -22 338.5 205 -14.56709 178.5 201.597 -14.56709 186.5 201.597 -14.56709 313.5 201.597 -14.56709 321.5 201.597 -5 178.5 203.5 -5 186.5 203.5 -5 313.5 203.5 -5 321.5 203.5 5 178.5 203.5 5 186.5 203.5 5 313.5 203.5 5 321.5 203.5 14.56709 178.5 201.597 14.56709 186.5 201.597 14.56709 313.5 201.597 14.56709 321.5 201.597 22 161.5 168 22 161.5 205 22 177.5 168 22 177.5 205 22 322.5 168 22 322.5 205 22 338.5 168 22 338.5 205 22.67767 178.5 196.1777 22.67767 186.5 196.1777 22.67767 313.5 196.1777 22.67767 321.5 196.1777 25 178.5 92 25 186.5 92 25 313.5 92 25 321.5 92 27.5 178.5 92.66987 27.5 186.5 92.66987 27.5 313.5 92.66987 27.5 321.5 92.66987 28.09699 178.5 188.0671 28.09699 186.5 188.0671 28.09699 313.5 188.0671 28.09699 321.5 188.0671 29.33013 178.5 94.5 29.33013 186.5 94.5 29.33013 313.5 94.5 29.33013 321.5 94.5 30 178.5 97 30 178.5 178.5 30 186.5 97 30 186.5 177 30 186.5 178.5 30 313.5 97 30 313.5 177 30 313.5 178.5 30 321.5 97 30 321.5 178.5 36 161.5 205 36 161.5 220 36 177.5 205 36 177.5 220 36 322.5 205 36 322.5 220 36 338.5 205 36 338.5 220 53.3 -480.9898 339.122 53.3 -480.9898 339.878 53.3 -480.6376 337.2768 53.3 -479.9322 343.216 53.3 -479.8074 335.5917 53.3 -478.5589 334.1881 53.3 -477.3903 345.6242 53.3 -474 346.5 53.3 -407.5382 273.2348 53.3 -401.6626 269.2917 53.3 -395.0267 266.8345 53.3 -388 266 53.3 -383 266 53.3 -383 346.5 53.3 383 266 53.3 383 346.5 53.3 388 266 53.3 395.0267 266.8345 53.3 401.6626 269.2917 53.3 407.5382 273.2348 53.3 478.5487 334.1794 53.3 478.9898 346.5 53.3 479.8666 335.6882 53.3 479.9898 346.232 53.3 480.7031 337.5085 53.3 480.7219 345.5 53.3 480.9898 339.4913 53.3 480.9898 344.5 56.3 -480.7764 337.7448 56.3 -480.5644 341.9307 56.3 -478.5589 334.1881 56.3 -477.9991 345.2452 56.3 -474 346.5 56.3 -407.5382 273.2348 56.3 -401.6626 269.2917 56.3 -395.0267 266.8345 56.3 -388 266 56.3 -380 266 56.3 -380 346.5 56.3 380 266 56.3 380 346.5 56.3 388 266 56.3 395.0267 266.8345 56.3 401.6626 269.2917 56.3 407.5382 273.2348 56.3 478.5487 334.1794 56.3 478.9898 346.5 56.3 479.8666 335.6882 56.3 479.9898 346.232 56.3 480.7031 337.5085 56.3 480.7219 345.5 56.3 480.9898 339.4913 56.3 480.9898 344.5 58 -340 356 58 -340 367 58 -340 375 58 -340 384 58 340 356 58 340 367 58 340 375 58 340 384 58.26795 -340 385 58.26795 340 385 59 -340 385.732 59 340 385.732 60 -340 362.75 60 -340 367 60 -340 375 60 -340 379.25 60 -340 386 60 340 362.75 60 340 367 60 340 375 60 340 379.25 60 340 386 63.33578 -340 362.75 63.33578 -340 379.25 63.33578 340 362.75 63.33578 340 379.25 64.72866 141 45 64.72866 146 46.33974 64.72866 149.6602 50 64.72866 151 55 64.75 -340 380.6642 64.75 -340 384 64.75 340 380.6642 64.75 340 384 65 161.5 220 65 161.5 230 65 338.5 220 65 338.5 230 65.16454 142.803 45.16317 65.26441 146.139 46.41951 66.97585 149.3678 49.59024 67 -340 366.4142 67 -340 375.5858 67 340 366.4142 67 340 375.5858 67.13731 151 55.90851 67.86731 142.861 45.13817 67.92709 151 221 67.92709 152.3397 226 67.92709 156 229.6603 67.92709 161 231 67.92709 170.4361 231 68.2267 147.7095 47.56983 68.41421 -340 377 68.41421 340 377 69 -340 384 69 -340 386 69 340 384 69 340 386 69.14019 151 58.63403 69.44717 186.2162 231 69.74268 145.8508 46.12791 70.31761 179.5554 230.815 70.42648 156.6695 229.6603 70.46466 143.2146 45.11757 70.5 380 273 70.5 380 313 70.5 386 313 70.5 387 273 70.5228 148.9826 49.15513 70.73728 151 63.17657 70.86044 150.5518 53.61976 71.11173 387.75 314.9968 71.89102 146.0453 46.13549 71.92861 151 69.53614 72.13426 147.7224 47.54925 72.22177 178.5592 230.2261 72.23687 387.75 307.1713 72.25512 153.4988 226 72.25686 158.4994 229.6603 72.28854 150.8986 56.88917 72.37978 389.0311 314.8145 72.44264 380 265.75 72.44264 380 280.25 72.44264 380 305.75 72.44264 380 320.25 72.44264 386 305.75 72.44264 386 320.25 72.44264 387 265.75 72.44264 387 280.25 72.51915 188.4459 230.7395 72.63616 151 113.1445 72.71415 151 77.71271 72.8006 161 229.7321 72.8006 170.4361 229.7321 72.92233 152.3397 221.2181 73.06793 151 99.51691 73.09393 151 87.7063 73.36626 151.0901 61.25206 73.40219 389.0311 307.7035 73.67169 200.888 231 73.69274 151.0532 112.5596 73.8851 150.7958 54.02669 73.95728 146.4517 46.23252 74 389.5 313 74.0049 148.022 47.75821 74.04239 149.2913 49.56037 74.06078 177.5972 229.2093 74.12316 151.1605 67.04177 74.17699 151.0738 104.3791 74.39601 387.75 322.1884 74.48994 186.1131 229.9109 74.49863 151.0918 97.06457 74.58466 151.1555 74.69841 74.67738 151.1061 90.51139 74.73855 151.1217 84.62318 74.79568 194.9988 230.6554 74.8273 143.3182 45 74.96935 151.3235 57.40931 75.3642 389.0311 321.3495 75.38106 144.6645 45.10299 75.42587 156.6678 226 75.66505 149.6709 49.93051 75.72045 151.6239 61.62596 75.7233 176.7275 227.7862 75.77166 148.486 48.04229 76.04862 151.5944 112.8422 76.10082 389.5 306.5344 76.10082 389.5 319.4656 76.1246 198.7656 230.5975 76.21307 151.7481 66.99012 76.31076 151.5907 105.8013 76.39466 183.8585 228.4814 76.43825 161 226.2498 76.43825 170.4361 226.2498 76.48368 151.5919 99.39492 76.50263 151.7488 73.90473 76.5791 156 221.3777 76.58325 151.6075 93.43178 76.62411 151.6789 82.72245 76.62602 151.6386 87.86182 76.63658 151.4738 54.87882 76.69725 191.4281 229.5597 77 -340 384 77 -340 386 77 340 384 77 340 386 77.10785 176.0032 226.0293 77.16769 150.1637 50.32476 77.39988 152.1095 58.23345 77.41423 387.75 301.1963 77.58579 -340 377 77.58579 340 377 77.6314 152.3397 113.3626 77.75 380 260.4426 77.75 380 285.5574 77.75 380 300.4426 77.75 380 325.5574 77.75 386 300.4426 77.75 386 325.5574 77.75 387 260.4426 77.75 387 285.5574 77.76873 147.7863 46.55579 77.84782 151.9248 55.32702 77.90278 152.5023 62.28125 77.91757 161 221.4362 77.91757 170.4361 221.4362 77.95223 194.4083 229.3177 78.03672 203.6325 230.5167 78.10683 389.0311 302.274 78.10808 172.3172 221.276 78.12078 181.8153 226.4808 78.1483 175.4589 224.0429 78.21164 152.7055 67.3192 78.21333 152.6953 113.1137 78.26531 212.3668 231 78.3254 152.6333 107.5882 78.37545 152.7625 73.72214 78.38919 152.5962 102.2053 78.42233 152.5933 96.86413 78.43637 152.7124 81.83583 78.4377 152.6207 91.60209 78.44225 152.6656 86.54747 78.47449 152.5908 58.64284 78.53532 187.9766 227.6698 78.66488 174.0617 220.5313 78.817 175.109 221.9501 78.88121 153.0227 62.60966 78.9575 149.7785 48.62443 78.9586 152.4295 55.73727 79 -340 366.4142 79 -340 375.5858 79 340 366.4142 79 340 375.5858 79.12378 153.2716 67.51124 79.22546 153.3962 110.8879 79.24418 153.3757 73.70591 79.26981 153.321 106.114 79.28167 153.3661 81.5409 79.28324 153.2779 101.1688 79.28401 153.2969 90.99703 79.28414 153.3334 86.09912 79.28457 153.2729 96.08239 79.46425 153.114 59.00842 79.56539 180.1053 224.0086 79.70076 198.2123 228.9799 79.71879 190.1966 227.1101 79.78745 153.5797 62.89865 79.8439 151.3888 51.01261 79.97327 153.8753 67.67694 80.05632 154.0345 73.68395 80.065 154.0603 90.4662 80.06734 154.0755 85.69176 80.06986 154.0516 95.44052 80.07125 154.0823 81.26744 80.08318 154.0667 100.3965 80.0987 154.1183 105.1104 80.10009 154.2039 109.4351 80.20172 184.8475 225.0248 80.51654 176.654 217.6324 80.66081 178.8087 221.2086 80.75836 207.676 230.4493 80.94665 153.5586 56.3749 81.04698 387.75 326.4627 81.24639 154.2549 59.56042 81.25 -340 380.6642 81.25 -340 384 81.25 340 380.6642 81.25 340 384 81.28816 156 113.5223 81.30912 192.9734 226.3288 81.32033 186.3784 224.0205 81.37756 177.9604 218.2507 81.40268 155.9024 99.27657 81.40564 155.8329 94.38019 81.40791 389.0311 325.2336 81.41794 155.9938 103.9087 81.4242 155.7734 89.53073 81.42596 154.7743 63.31932 81.44671 156.1089 107.9464 81.45192 155.7117 84.948 81.47476 156.2586 112.023 81.48155 155.639 80.74773 81.51119 155.1603 67.8926 81.52235 155.4422 73.5876 81.59752 182.2265 221.7558 81.60081 389.5 302.5384 81.60081 389.5 323.4616 82.0715 201.357 228.6977 82.56574 177.9581 213.3854 82.57202 216.316 231 82.62664 161 113.5807 82.65283 160.9694 112.9669 82.65756 180.236 218.0521 82.66172 183.1804 220.2021 82.66422 -340 362.75 82.66422 -340 379.25 82.66422 340 362.75 82.66422 340 379.25 82.72966 160.8846 111.136 82.76699 188.2248 222.6185 82.8837 160.693 107.2266 82.95345 163.3826 113.095 83.04276 160.4727 103.0196 83.14444 163.2815 111.117 83.21949 160.2056 98.21748 83.34059 195.2498 225.676 83.35328 178.9297 214.1379 83.39699 159.9134 93.28076 83.45233 163.0866 107.2246 83.56404 159.6132 88.52777 83.68035 180.7519 215.876 83.71504 159.3152 84.12679 83.73381 162.8225 103.0979 83.84821 159.0245 80.13897 83.92061 165.578 111.712 83.97773 165.9701 113.2049 83.98763 184.2488 218.0332 84.02749 162.4685 98.36221 84.06333 158.4669 73.3696 84.21996 157.9277 67.95706 84.22933 178.3575 208.4321 84.26744 210.061 230.4105 84.28798 165.349 107.6232 84.30934 162.0592 93.44809 84.32981 157.3805 63.57003 84.34874 179.1584 211.3043 84.39521 151.6549 46.92487 84.40174 156.7937 59.93365 84.40408 149.4893 45.15225 84.41786 153.1459 49.14085 84.41926 148.4183 45 84.44186 156.1295 56.83305 84.44369 154.3684 51.56204 84.49059 189.7158 221.447 84.56539 161.6295 88.67805 84.63588 165.0619 103.5808 84.7908 161.2041 84.23706 84.91397 181.2315 212.839 84.9865 160.7964 80.20123 85 380 258.5 85 380 287.5 85 380 298.5 85 380 327.5 85 386 298.5 85 386 327.5 85 387 258.5 85 387 287.5 85 387.75 298.9689 85 389.0311 300.25 85.00285 164.6598 98.95172 85.0457 203.2073 228.5354 85.30422 160.0498 73.34368 85.35915 164.1717 94.066 85.45289 185.0849 216.2212 85.51451 167.3969 109.0521 85.52106 179.254 207.3508 85.55291 159.3825 67.86867 85.6858 163.641 89.2322 85.76263 158.7626 63.44217 85.79778 196.5843 225.2999 85.87622 167.078 104.7069 85.95765 158.1544 59.78187 85.97498 163.1059 84.66725 86.00001 -340 362.75 86.00001 -340 367 86.00001 -340 375 86.00001 -340 379.25 86.00001 -340 386 86.00001 340 362.75 86.00001 340 367 86.00001 340 375 86.00001 340 379.25 86.00001 340 386 86.16017 157.5212 56.66703 86.1824 181.5743 210.3027 86.22715 162.5916 80.48472 86.262 168.3362 110.5123 86.26762 166.6587 99.98124 86.47899 190.5853 220.7717 86.52468 178.1976 199.0375 86.62516 167.9786 105.7058 86.64198 161.6654 73.35601 86.65924 166.1419 95.02412 86.6595 179.2784 204.0512 86.68359 156.0044 51.38892 86.98125 160.8756 67.68621 87 -340 385.732 87 340 385.732 87.01787 167.548 100.7366 87.02896 165.56 90.05798 87.04856 185.5695 215.1771 87.06719 155.013 48.9835 87.07575 169.2358 112.7754 87.29182 160.1885 63.13407 87.36418 164.9554 85.29769 87.416 167.03 95.63769 87.4433 168.8067 107.2016 87.47968 181.7728 208.8428 87.61045 153.8324 46.81013 87.6142 159.5654 59.39471 87.63282 169.6147 113.0456 87.66194 164.3634 80.89035 87.6834 178.11 195.8548 87.73205 -340 385 87.73205 340 385 87.7608 179.2972 202.1552 87.79866 166.4437 90.55112 87.83386 168.3485 101.779 87.98877 158.9704 56.22906 88 -340 356 88 -340 367 88 -340 375 88 -340 384 88 340 356 88 340 367 88 340 375 88 340 384 88.15156 165.826 85.66055 88.16394 163.2917 73.34114 88.23338 167.8291 96.41014 88.34294 178.0904 194.906 88.3992 389.5 302.5384 88.3992 389.5 323.4616 88.46951 165.2135 81.11472 88.5921 389.0311 325.2336 88.59267 162.397 67.36457 88.62518 167.249 91.13346 88.82748 152.2059 45.12958 88.95302 387.75 326.4627 88.99427 166.6337 86.07534 89.00933 161.6536 62.61373 89.01506 164.0944 73.30958 89.0657 178.0783 194.4862 89.0657 180.8388 205.9843 89.0657 186.8403 216.1728 89.0657 195.5584 224.1615 89.0657 206.2313 229.2522 89.0657 217.9261 231 89.08013 157.7056 50.9124 89.25206 170.32 112.5944 89.33309 166.0166 81.36806 89.47187 161.024 58.75033 89.4925 163.1612 67.1445 89.60321 169.6999 105.4709 89.90856 156.9323 48.55104 89.92779 164.8751 73.27457 89.96897 162.3975 62.27151 89.97608 169.1234 98.99495 90.04292 160.474 55.50747 90.36666 168.5503 92.97787 90.46243 163.9189 66.89717 90.51171 161.769 58.33408 90.76171 167.9674 87.36991 91.00877 163.1433 61.88712 91.04594 156.0132 46.51125 91.14805 167.3841 82.20645 91.19611 161.2431 55.05018 91.61836 170.8494 112.4667 91.64327 162.5198 57.87026 91.79785 159.4471 50.16222 91.84617 170.1019 104.1586 91.87718 166.2848 73.36965 91.89317 389.0311 302.274 92.146 169.4336 96.73602 92.25001 380 260.4426 92.25001 380 285.5574 92.25001 380 300.4426 92.25001 380 325.5574 92.25001 386 300.4426 92.25001 386 325.5574 92.25001 387 260.4426 92.25001 387 285.5574 92.45408 162.0177 54.55068 92.50694 168.8327 90.09426 92.57824 165.347 66.45903 92.58579 387.75 301.1963 92.61712 170.9619 113.1454 92.91098 168.2772 84.13639 93.12619 158.8336 47.92116 93.32101 164.5875 61.1131 93.32311 160.3131 49.73163 93.36036 169.7518 99.31328 93.43758 154.6962 45.09487 93.78887 167.2762 74.1211 93.89919 389.5 306.5344 93.89919 389.5 319.4656 94.01124 153.5185 45 94.1933 163.9915 56.92579 94.30169 168.703 87.32546 94.63581 389.0311 321.3495 94.72916 166.4346 66.42208 94.88136 158.034 46.15856 94.90793 159.733 47.60913 94.96607 161.154 49.32116 95.29709 163.5292 53.58216 95.44113 167.8155 77.18193 95.60399 387.75 322.1884 95.7622 165.7571 60.62359 96.00001 389.5 313 96.5978 389.0311 307.7035 96.77867 167.0895 68.88268 96.78904 160.5633 47.36938 96.95278 165.2244 56.27703 96.95767 158.906 46.04489 97.55738 380 265.75 97.55738 380 280.25 97.55738 380 305.75 97.55738 380 320.25 97.55738 386 305.75 97.55738 386 320.25 97.55738 387 265.75 97.55738 387 280.25 97.62022 389.0311 314.8145 97.76313 387.75 307.1713 98.31432 166.5247 62.4277 98.36349 156.5899 45.10501 98.36563 164.7928 53.0437 98.50234 162.6649 48.82251 98.69511 166.3339 60.29123 98.88828 387.75 314.9968 99.11175 159.6452 46.01955 99.5 380 273 99.5 380 313 99.5 386 313 99.5 387 273 100.0481 166.1213 57.817 100.2179 165.9379 56.04346 100.6879 161.934 47.31929 100.9656 157.1962 45.12329 101.9145 165.6484 53.45844 101.9799 165.8793 55.05058 101.9913 163.8278 49.14513 103.0201 165.8188 54.35898 103.5785 160.7086 46.26955 103.6732 157.5329 45.14559 104.1099 155.8367 45 104.1099 160.5827 46.19799 104.1099 164.1916 49.50491 104.1099 165.7986 54.12844 107.25 380 273 107.25 387 273 107.7859 389 273 108.807 391 269.1262 108.807 391 276.8738 108.807 392.2 269.1262 108.807 392.2 276.8738 109.2261 380 265.625 109.2261 380 280.375 109.2261 387 265.625 109.2261 387 280.375 109.25 390.4641 273 109.6902 389 265.893 109.6902 389 280.1071 110.4689 395.2 269.6141 110.4689 395.2 276.3858 110.4689 396.2 269.6141 110.4689 396.2 276.3858 110.9582 390.4641 266.625 110.9582 390.4641 279.375 111.0799 398.2 269.4519 111.0799 398.2 276.5482 111.25 391 273 112.4724 399.6641 269.9043 112.4724 399.6641 276.0957 112.9957 391 262.6085 112.9957 391 283.3916 112.9957 392.2 262.6085 112.9957 392.2 283.3916 113.3031 391 266.6813 113.3031 391 279.3187 114.1299 395.2 263.9175 114.1299 395.2 282.0826 114.1299 396.2 263.9175 114.1299 396.2 282.0826 114.4656 400.2 270.2577 114.4656 400.2 275.7423 114.625 380 260.2261 114.625 380 285.7739 114.625 387 260.2261 114.625 387 285.7739 114.893 389 260.6902 114.893 389 285.3098 115.251 398.2 263.7108 115.251 398.2 282.2892 115.625 390.4641 261.9582 115.625 390.4641 284.0418 116.1116 399.6641 264.8953 116.1116 399.6641 281.1047 117.991 400.2 266.0563 117.991 400.2 279.9438 118.6781 391 262.7762 118.6781 391 283.2239 120.0432 391 259.39 120.0432 391 286.6101 120.0432 392.2 259.39 120.0432 392.2 286.6101 120.2897 395.2 261.1044 120.2897 395.2 284.8956 120.2897 396.2 261.1044 120.2897 396.2 284.8956 122 380 258.25 122 380 287.75 122 387 258.25 122 387 287.75 122 389 258.7859 122 389 287.2141 122 390.4641 260.25 122 390.4641 285.75 122 398.2 261.518 122 398.2 284.4821 122 399.6641 262.9821 122 399.6641 283.018 123.3923 400.2 265.1039 123.3923 400.2 280.8961 125.3219 391 262.7762 125.3219 391 283.2239 126.9924 395.2 262.0681 126.9924 395.2 283.9319 126.9924 396.2 262.0681 126.9924 396.2 283.9319 127.712 391 260.4926 127.712 391 285.5074 127.712 392.2 260.4926 127.712 392.2 285.5074 127.8884 399.6641 264.8953 127.8884 399.6641 281.1047 128.1421 400.2 267.8462 128.1421 400.2 278.1539 128.375 390.4641 261.9582 128.375 390.4641 284.0418 128.749 398.2 263.7108 128.749 398.2 282.2892 129.107 389 260.6902 129.107 389 285.3098 129.375 380 260.2261 129.375 380 285.7739 129.375 387 260.2261 129.375 387 285.7739 130.0179 400.2 273 130.6969 391 266.6813 130.6969 391 279.3187 131.5276 399.6641 269.9043 131.5276 399.6641 276.0957 132.1101 395.2 266.5026 132.1101 395.2 279.4974 132.1101 396.2 266.5026 132.1101 396.2 279.4974 132.75 391 273 132.9201 398.2 269.4519 132.9201 398.2 276.5482 133.0418 390.4641 266.625 133.0418 390.4641 279.375 133.5672 391 265.5662 133.5672 391 280.4338 133.5672 392.2 265.5662 133.5672 392.2 280.4338 134.018 395.2 273 134.018 396.2 273 134.3098 389 265.893 134.3098 389 280.1071 134.75 390.4641 273 134.7739 380 265.625 134.7739 380 280.375 134.7739 387 265.625 134.7739 387 280.375 135.75 391 273 135.75 392.2 273 136.2141 389 273 136.75 380 273 136.75 387 273 184.6447 -387.2 348 184.6447 -387.2 358.9 184.6447 -380 235.6993 184.6447 -380 348 184.6447 -379.9892 235.234 184.6447 -379.9567 234.7698 184.6447 -379.9027 234.3075 184.6447 -375.6 356 184.6447 -375.6 358.9 184.6447 370 231 184.6447 375 232.3397 184.6447 375.6 356 184.6447 375.6 358.9 184.6447 378.6603 236 184.6447 380 241 184.6447 380 348 184.6447 387.2 348 184.6447 387.2 358.9 186.1149 -379.8305 233.7936 187.0839 -379.8276 233.9797 187.0951 -379.8796 235.1853 187.571 -379.6145 232.2567 188.429 -379.6329 232.728 188.527 369.4889 231 189.0507 -379.5135 231.9611 189.5219 -379.5196 233.6485 189.9763 -374.8981 356 189.9763 -374.8981 358.9 189.9763 374.8981 356 189.9763 374.8981 358.9 190.3849 -378.7609 226.1832 191.1151 -379.1481 348 191.1151 379.1481 241 191.1151 379.1481 348 191.611 -378.817 227.4895 192.1447 367.9904 231 192.2983 373.4776 232.3397 192.9782 -377.3747 216.3202 192.9786 -386.1029 348 192.9786 -386.1029 358.9 192.9786 386.1029 348 192.9786 386.1029 358.9 193.699 376.8592 236 194.2117 -378.097 227.5749 194.9324 -377.3692 218.2108 194.9447 -372.8401 356 194.9447 -372.8401 358.9 194.9447 372.8401 356 194.9447 372.8401 358.9 195.2512 -375.5093 203.0469 195.2512 365.6066 231 196 -374.7606 197.7193 196 -358.3902 81.23787 196 -357.8644 79.15479 196 -356.9057 77.23209 196 -355.5585 75.55854 196 -327.9289 47.92893 196 -325.8579 46.33974 196 -323.4461 45.34074 196 -320.8579 45 196 -94.31499 45 196 94.31499 45 196 155.8367 45 196 160.5827 46.19799 196 164.1916 49.50491 196 165.7986 54.12844 196 178.0783 194.4862 196 180.8388 205.9843 196 186.8403 216.1728 196 195.5584 224.1615 196 206.2313 229.2522 196 217.9261 231 196 364.8579 231 196.4808 -94.74826 45.00929 196.5698 94.69896 45.01048 197.1447 -376.6506 348 197.1447 376.6506 241 197.1447 376.6506 348 197.8456 -375.2138 203.453 198.5 -325.188 46.33974 198.5025 160.1654 46.33974 198.5339 -375.7868 217.7119 198.5944 -374.465 198.1255 198.7868 369.1422 232.3397 199.2111 -369.5664 356 199.2111 -369.5664 358.9 199.2111 369.5664 356 199.2111 369.5664 358.9 199.5355 368.3934 232.3397 199.8964 -100.4031 45.79032 199.8964 100.4031 45.79032 200.2588 -374.2474 203.928 200.3301 -323.3579 46.33974 200.3315 158.3342 46.33974 200.3388 163.3317 50 200.4657 -98.34945 45.83326 200.6194 366.7713 232.3397 200.6371 -356.4783 78.80277 200.7447 -382.886 348 200.7447 -382.886 358.9 200.7447 382.886 348 200.7447 382.886 358.9 201 -373.4338 197.9058 201 -357.0635 81.42433 201 -354.6112 76.50588 201 -326.9816 48.87627 201 -320.8579 46.33974 201 155.8367 46.33974 201 164.464 54.24521 201 176.7437 194.603 201 178.878 204.5725 201 183.3873 213.7166 201 189.9974 221.4789 201 198.3063 227.3873 201 207.8085 231.0825 201 217.9261 232.3397 201 364.8579 232.3397 201.0075 -373.4987 198.6004 201.1884 97.80094 45.90167 201.375 371.7303 236 202.1237 370.9816 236 202.3223 -372.6777 204.4386 202.3223 -372.6777 348 202.3223 372.6777 241 202.3223 372.6777 348 202.85 -96.62255 45.79032 202.85 96.62255 45.79032 203.0711 -371.929 199.1111 203.0711 -371.929 236.391 203.0711 371.929 241 203.0711 371.929 256.391 203.1769 -105.529 48.03636 203.1769 105.529 48.03636 203.3781 -371.6128 236.1143 203.5 -325.188 50 203.5049 160.1583 50 204 -190 356 204 -190 367 204 -190 375 204 -190 384 204 190 356 204 190 367 204 190 375 204 190 384 204.001 368.172 236 204.0036 -353.1024 78.80277 204.2679 -190 385 204.2679 190 385 204.508 -102.8903 48.74502 204.508 102.8903 48.74502 204.6603 -369.8579 199.1111 204.6603 -369.8092 198.4152 204.6603 -353.4388 81.93373 204.6603 -352.023 79.09407 204.6603 -324.3934 51.46446 204.6603 -320.8579 50 204.6603 155.8367 50 204.6603 160.8177 54.56422 204.6603 173.0974 194.922 204.6603 175.4206 205.7743 204.6603 180.3292 215.7279 204.6603 187.5246 224.1775 204.6603 196.5691 230.6091 204.6603 206.9127 234.6315 204.6603 217.9261 236 204.6603 364.8579 236 204.6603 369.8579 241 205 -190 385.732 205 190 385.732 205.2388 -368.6847 230.7964 205.2388 368.6847 250.7964 205.2674 -110.8995 51.24293 205.2674 110.8995 51.24293 205.6593 -367.4461 199.1111 205.6593 367.4461 241 205.6662 105.3907 50.66064 205.7789 367.8107 252.2987 205.9138 -367.957 233.3735 206 -364.8579 199.1111 206 -364.8579 226.0536 206 -354.9265 223.5178 206 -348.4875 82.6296 206 -343.2331 224.8113 206 -320.8579 55 206 -299.8602 130.7365 206 -298.7464 115.874 206 -296.5437 145.267 206 -293.3013 102 206 -289.0916 158.1745 206 -284.0086 90.34741 206 -280.6983 241.5675 206 -278.166 168.3119 206 -271.6942 81.95156 206 -264.7378 174.7786 206 -259.5123 245.227 206 -257.4521 77.55846 206 -250 177 206 -242.5479 77.55846 206 -238.0138 245.0018 206 -235.2622 174.7786 206 -228.3058 81.95156 206 -221.834 168.3119 206 -216.9091 240.8995 206 -215.9914 90.34741 206 -210.9084 158.1745 206 -206.6987 102 206 -203.4563 145.267 206 -201.2536 115.874 206 -200.1398 130.7365 206 -196.8917 233.0547 206 -190 362.75 206 -190 367 206 -190 375 206 -190 379.25 206 -190 386 206 -178.6193 221.7254 206 -162.6923 207.2836 206 -149.6339 190.2039 206 -139.8732 171.0476 206 -133.731 150.4439 206 -131.4091 129.07 206 -130.4694 75.2388 206 -129.7416 70.26151 206 -127.7783 65.63636 206 -124.7036 61.65525 206 -118.0483 55 206 118.0483 55 206 124.3483 61.29995 206 127.423 65.28105 206 129.3862 69.90621 206 130.1141 74.88349 206 131.4091 149.07 206 133.731 170.4439 206 139.8732 191.0476 206 149.6339 210.2039 206 155.8367 55 206 162.6923 227.2836 206 168.1164 195.3578 206 171.5669 209.7303 206 178.6193 241.7254 206 179.0688 222.466 206 189.9665 232.4519 206 190 362.75 206 190 367 206 190 375 206 190 379.25 206 190 386 206 196.8917 253.0547 206 203.3076 238.8152 206 216.9091 260.8995 206 217.9261 241 206 238.0138 265.0018 206 259.5123 265.227 206 280.6983 261.5675 206 343.2331 244.8113 206 354.9265 243.5178 206 364.8579 241 206 364.8579 246.0536 206.1958 -358.9815 226.0494 206.279 -351.7189 225.8412 206.3791 -100.4954 48.74502 206.3791 100.4954 48.74502 206.38 -126.394 68.95312 206.38 126.0387 68.598 206.4089 -363.5582 228.568 206.4089 363.5582 248.568 206.7937 358.1627 247.8515 206.8009 -105.9207 52.08614 206.8813 110.1055 54.33645 207.0637 -344.3947 229.1464 207.0637 -281.8599 245.9026 207.0637 -126.9217 129.1483 207.0637 -125.9821 75.31713 207.0637 -121.5301 64.82875 207.0637 -114.8748 58.17349 207.0637 114.8748 58.17349 207.0637 121.1748 64.47344 207.0637 125.6268 74.96182 207.0637 126.9217 149.1483 207.0637 281.8599 265.9026 207.0637 344.3947 249.1464 207.082 352.1613 248.005 207.1234 -366.8001 234.4428 207.1234 366.8001 254.4428 207.4135 -377.7688 348 207.4135 -377.7688 358.9 207.4135 377.7688 348 207.4135 377.7688 358.9 207.6022 -362.3649 230.8768 207.6022 362.3649 250.8768 207.6358 103.1595 51.22179 207.6552 -110.4572 55.83624 207.7168 -358.2014 229.5976 208.3395 -260.0278 251.6341 208.3395 -237.3642 251.3968 208.3395 -215.1158 247.0721 208.3395 -194.0136 238.8023 208.3395 -174.7509 226.8589 208.3395 -157.9607 211.6345 208.3395 -144.1947 193.6292 208.3395 -133.905 173.4347 208.3395 -127.43 151.7145 208.3395 127.43 171.7145 208.3395 133.905 193.4347 208.3395 144.1947 213.6292 208.3395 157.9607 231.6345 208.3395 174.7509 246.8589 208.3395 194.0136 258.8023 208.3395 215.1158 267.0721 208.3395 237.3642 271.3968 208.3395 260.0278 271.6341 208.4182 -351.8964 230.0122 208.5 200 355.8 208.5 200 356 208.5 280 355.8 208.5 280 356 208.6173 -98.56536 48.03636 208.6173 98.56536 48.03636 208.6704 198.7059 356 208.6704 281.2941 356 209.0488 357.5174 251.072 209.1699 197.5 356 209.1699 282.5 356 209.2265 107.8094 55.79824 209.2492 -122.1167 70.76873 209.2492 121.7615 70.41358 209.3358 -190 362.75 209.3358 -190 379.25 209.3358 190 362.75 209.3358 190 379.25 209.4549 197.0611 355.8 209.4549 197.0611 356 209.4549 282.9389 355.8 209.4549 282.9389 356 209.4824 -361.3755 232.7911 209.4824 361.3755 252.7911 209.9645 196.4645 356 209.9645 283.5356 356 210.0122 -103.22 52.71201 210.0284 -345.3092 232.5593 210.0284 -282.7743 249.3154 210.0284 -123.3891 129.21 210.0284 -122.4494 75.37878 210.0284 -119.0317 67.32713 210.0284 -112.3764 60.67187 210.0284 112.3764 60.67187 210.0284 118.6764 66.97182 210.0284 122.0941 75.02348 210.0284 123.3891 149.21 210.0284 282.7743 269.3154 210.0284 345.3092 252.5593 210.094 352.2711 251.5483 210.75 -190 380.6642 210.75 -190 384 210.75 190 380.6642 210.75 190 384 211 195.6699 356 211 284.3301 356 211.467 -107.8004 57.53574 211.4772 -354.415 232.4219 211.4772 354.415 252.4219 211.9549 195.2447 355.8 211.9549 195.2447 356 211.9549 284.7553 355.8 211.9549 284.7553 356 212.2059 195.1704 356 212.2059 284.8297 356 212.7983 -103.9359 54.4495 212.7983 103.9359 54.4495 213 -190 366.4142 213 -190 375.5858 213 190 366.4142 213 190 375.5858 213.5 195 356 213.5 285 356 214.1465 -120.2794 72.91333 214.1465 -119.2978 70.60076 214.1465 118.9425 70.24546 214.1465 119.9241 72.55803 214.2635 -345.782 234.3239 214.2635 -283.2472 251.08 214.2635 -260.3021 255.0433 214.2635 -237.0186 254.7995 214.2635 -214.1616 250.3565 214.2635 -192.4822 241.8604 214.2635 -172.6926 229.5904 214.2635 -155.4431 213.9495 214.2635 -141.3005 195.4517 214.2635 -130.7294 174.7048 214.2635 -124.0772 152.3905 214.2635 -121.5625 129.2419 214.2635 -120.6229 75.41067 214.2635 -117.7399 68.6189 214.2635 -111.0847 61.96364 214.2635 111.0847 61.96364 214.2635 117.3846 68.2636 214.2635 120.2676 75.05536 214.2635 121.5625 149.2419 214.2635 124.0772 172.3905 214.2635 130.7294 194.7048 214.2635 141.3005 215.4517 214.2635 155.4431 233.9495 214.2635 172.6926 249.5904 214.2635 192.4822 261.8605 214.2635 214.1616 270.3565 214.2635 237.0186 274.7995 214.2635 260.3021 275.0433 214.2635 283.2472 271.08 214.2635 345.782 254.3239 214.4142 -190 377 214.4142 190 377 214.7941 195.1704 356 214.7941 284.8297 356 215 -190 384 215 -190 386 215 190 384 215 190 386 215.0451 195.2447 355.8 215.0451 195.2447 356 215.0451 284.7553 355.8 215.0451 284.7553 356 216 195.6699 356 216 284.3301 356 217.0355 196.4645 356 217.0355 283.5356 356 217.5 186.5 91.00001 217.5 186.5 177 217.5 186.7679 178 217.5 187.5 178.7321 217.5 188.0224 83.34633 217.5 188.5 179 217.5 192.3579 76.85787 217.5 198.8463 72.52241 217.5 200.5585 119.5479 217.5 200.5585 134.4521 217.5 204.9515 105.3058 217.5 204.9515 148.6942 217.5 206.5 71 217.5 213.3474 92.99137 217.5 213.3474 161.0086 217.5 225 83.69873 217.5 225 170.3013 217.5 238.874 78.2536 217.5 238.874 175.7464 217.5 253.7365 77.13981 217.5 253.7365 176.8602 217.5 268.2671 80.45632 217.5 268.2671 173.5437 217.5 281.1745 87.90843 217.5 281.1745 166.0916 217.5 291.3119 98.834 217.5 291.3119 155.166 217.5 293.5 71 217.5 297.7787 112.2622 217.5 297.7787 141.7378 217.5 300 127 217.5 301.1537 72.52241 217.5 307.6422 76.85787 217.5 311.5 179 217.5 311.9776 83.34633 217.5 312.5 178.7321 217.5 313.2321 178 217.5 313.5 91.00001 217.5 313.5 177 217.5451 197.0611 355.8 217.5451 197.0611 356 217.5451 282.9389 355.8 217.5451 282.9389 356 217.8301 197.5 356 217.8301 282.5 356 218.3296 198.7059 356 218.3296 281.2941 356 218.5 200 355.8 218.5 200 356 218.5 280 355.8 218.5 280 356 220 -299.8602 123.2635 220 -298.7464 138.126 220 -296.5437 108.733 220 -293.3013 152 220 -289.0916 95.82551 220 -284.0086 163.6526 220 -278.166 85.68806 220 -271.6942 172.0484 220 -264.7378 79.22136 220 -257.4521 176.4415 220 -250 77 220 -242.5479 176.4415 220 -235.2622 79.22136 220 -228.3058 172.0484 220 -221.834 85.68806 220 -215.9914 163.6526 220 -210.9084 95.82551 220 -206.6987 152 220 -203.4563 108.733 220 -201.2536 138.126 220 -200.1398 123.2635 220 200.1398 123.2635 220 201.2536 138.126 220 203.4563 108.733 220 206.6987 152 220 210.9084 95.82551 220 215.9914 163.6526 220 221.834 85.68806 220 228.3058 172.0484 220 235.2622 79.22136 220 242.5479 176.4415 220 250 77 220 257.4521 176.4415 220 264.7378 79.22136 220 271.6942 172.0484 220 278.166 85.68806 220 284.0086 163.6526 220 289.0916 95.82551 220 293.3013 152 220 296.5437 108.733 220 298.7464 138.126 220 299.8602 123.2635 223 -190 384 223 -190 386 223 190 384 223 190 386 223.5858 -190 377 223.5858 190 377 225 -190 366.4142 225 -190 375.5858 225 190 366.4142 225 190 375.5858 227.25 -190 380.6642 227.25 -190 384 227.25 190 380.6642 227.25 190 384 228.6642 -190 362.75 228.6642 -190 379.25 228.6642 190 362.75 228.6642 190 379.25 232 -190 362.75 232 -190 367 232 -190 375 232 -190 379.25 232 -190 386 232 190 362.75 232 190 367 232 190 375 232 190 379.25 232 190 386 233 -190 385.732 233 190 385.732 233.7321 -190 385 233.7321 190 385 234 -190 356 234 -190 367 234 -190 375 234 -190 384 234 190 356 234 190 367 234 190 375 234 190 384 237.3431 -322.7024 244.7211 237.3431 322.7024 264.7211 239.5664 -329.211 356 239.5664 -329.211 358.9 239.5664 329.211 356 239.5664 329.211 358.9 239.7269 -319.5958 245.9887 239.7269 319.5958 265.9887 240 -83.34297 45 240 83.34297 45 240.638 -85.90134 45.35387 240.638 85.90134 45.35387 240.8034 -326.6512 245.8055 240.8034 326.6512 265.8055 241.2254 -315.9781 247.2316 241.2254 315.9781 267.2316 241.2308 -88.27864 46.39045 241.2308 88.27864 46.39045 241.7365 -312.0958 248.3652 241.7365 -284.5009 255.7592 241.7365 -260.6906 259.8719 241.7365 -236.5291 259.6189 241.7365 -212.8101 255.0084 241.7365 -190.3131 246.1919 241.7365 -169.7773 233.4591 241.7365 -151.8773 217.2285 241.7365 -137.2013 198.0331 241.7365 -126.2316 176.5038 241.7365 -119.3286 153.348 241.7365 -116.719 129.3264 241.7365 -115.8135 77.45211 241.7365 -112.9306 70.66033 241.7365 -90.30662 48.03636 241.7365 90.30662 48.03636 241.7365 112.5753 70.30503 241.7365 115.4582 77.0968 241.7365 116.719 149.3264 241.7365 119.3286 173.348 241.7365 126.2316 196.5038 241.7365 137.2013 218.0331 241.7365 151.8773 237.2285 241.7365 169.7773 253.4591 241.7365 190.3131 266.1919 241.7365 212.8101 275.0084 241.7365 236.5291 279.6189 241.7365 260.6906 279.8719 241.7365 284.5009 275.7592 241.7365 312.0958 268.3652 241.8535 -115.4291 74.97216 241.8535 -114.4475 72.65958 241.8535 114.0922 72.30428 241.8535 115.0738 74.61685 242.6777 -332.3223 254.2336 242.6777 -332.3223 348 242.6777 332.3223 274.2336 242.6777 332.3223 348 242.77 -330.1976 249.3123 242.77 330.1976 269.3123 242.8401 -324.9447 356 242.8401 -324.9447 358.9 242.8401 324.9447 356 242.8401 324.9447 358.9 243.9401 -86.42121 46.33974 243.9401 86.42121 46.33974 244.8981 -319.9763 356 244.8981 -319.9763 358.9 244.8981 319.9763 356 244.8981 319.9763 358.9 245 -83.34297 46.33974 245 83.34297 46.33974 245.4765 -320.5518 248.637 245.4765 320.5519 268.637 245.6 -314.6447 356 245.6 -314.6447 358.9 245.6 314.6447 356 245.6 314.6447 358.9 245.9716 -312.5686 250.1297 245.9716 -284.9737 257.5238 245.9716 -114.8924 129.3583 245.9716 -113.987 77.48399 245.9716 -111.6388 71.95211 245.9716 -89.01483 49.32813 245.9716 89.01483 49.32813 245.9716 111.2835 71.59681 245.9716 113.6317 77.12869 245.9716 114.8924 149.3583 245.9716 284.9737 277.5238 245.9716 312.5686 270.1297 246.6506 -327.1447 255.5012 246.6506 -327.1447 348 246.6506 327.1447 275.5012 246.6506 327.1447 348 247.0993 -111.9238 73.86691 247.0993 111.5685 73.51161 247.6604 -263.2122 263.0816 247.6604 -240.6792 263.4034 247.6604 -218.3995 260.0195 247.6604 -196.9783 253.0217 247.6604 -176.9976 242.6002 247.6604 -159.0001 229.0382 247.6604 -143.4749 212.704 247.6604 -130.8438 194.0415 247.6604 -121.4498 173.5576 247.6604 -115.5482 151.8089 247.6604 115.5482 171.8088 247.6604 121.4498 193.5576 247.6604 130.8438 214.0415 247.6604 143.4749 232.704 247.6604 159.0001 249.0382 247.6604 176.9976 262.6002 247.6604 196.9783 273.0217 247.6604 218.3995 280.0195 247.6604 240.6792 283.4034 247.6604 263.2122 283.0816 247.6728 322.605 271.9651 247.7688 -337.4135 348 247.7688 -337.4135 358.9 247.7688 337.4135 348 247.7688 337.4135 358.9 248.023 -323.2086 253.3 248.6603 -83.34297 50 248.6603 83.34297 50 248.9363 -313.4831 253.5426 248.9363 -285.8882 260.9366 248.9363 -111.3597 129.42 248.9363 -110.4543 77.54566 248.9363 -109.1404 74.45049 248.9363 -86.51647 51.82651 248.9363 86.51647 51.82651 248.9363 108.7851 74.09519 248.9363 110.099 77.19035 248.9363 111.3597 149.42 248.9363 285.8882 280.9366 248.9363 313.4831 273.5426 249.1481 -321.1152 256.7441 249.1481 -321.1152 348 249.1481 321.1152 276.7441 249.1481 321.1152 348 250 -314.6447 257.8777 250 -314.6447 348 250 -287.0498 265.2717 250 -263.8333 269.4794 250 -240.241 269.8164 250 -216.9138 266.2733 250 -194.4855 258.9465 250 -173.5654 248.0351 250 -154.7218 233.8354 250 -138.4667 216.7333 250 -125.2417 197.1934 250 -115.4061 175.7465 250 -109.227 152.9752 250 -106.8724 129.4983 250 -105.967 77.62398 250 -83.34297 55 250 -13.8575 286.9924 250 -12.73485 279.1842 250 -10.58049 294.1681 250 -7.568972 273.2225 250 -3.944256 298.4329 250 0 271 250 3.944256 298.4329 250 7.568972 273.2225 250 10.58049 294.1681 250 12.73485 279.1842 250 13.8575 286.9924 250 83.34297 55 250 105.6117 77.26867 250 106.8724 149.4983 250 109.227 172.9752 250 115.4061 195.7465 250 125.2417 217.1934 250 138.4667 236.7333 250 154.7218 253.8354 250 173.5654 268.0351 250 194.4855 278.9465 250 216.9138 286.2733 250 240.241 289.8164 250 263.8333 289.4794 250 287.0498 285.2717 250 314.6447 277.8777 250 314.6447 348 252 -13.8575 286.9924 252 -12.73485 279.1842 252 -10.58049 294.1681 252 -7.568972 273.2225 252 -3.944256 298.4329 252 0 271 252 3.944256 298.4329 252 7.568972 273.2225 252 10.58049 294.1681 252 12.73485 279.1842 252 13.8575 286.9924 252.886 -330.7447 348 252.886 -330.7447 358.9 252.886 330.7447 348 252.886 330.7447 358.9 256 -9.3754 281.9538 256 -9.3754 288.0462 256 -5.794316 277.0248 256 -5.794316 292.9752 256 0 275.1421 256 0 294.8579 256 5.794316 277.0248 256 5.794316 292.9752 256 9.3754 281.9538 256 9.3754 288.0462 256.1028 -322.9786 348 256.1028 -322.9786 358.9 256.1028 322.9786 348 256.1028 322.9786 358.9 257.2 -314.6447 348 257.2 -314.6447 358.9 257.2 314.6447 348 257.2 314.6447 358.9 261.5 -10.46162 281.6008 261.5 -10.46162 288.3992 261.5 -9.3754 281.9538 261.5 -9.3754 288.0462 261.5 -6.465638 276.1008 261.5 -6.465638 293.8992 261.5 -5.794316 277.0248 261.5 -5.794316 292.9752 261.5 0 274 261.5 0 275.1421 261.5 0 294.8579 261.5 0 296 261.5 5.794316 277.0248 261.5 5.794316 292.9752 261.5 6.465638 276.1008 261.5 6.465638 293.8992 261.5 9.3754 281.9538 261.5 9.3754 288.0462 261.5 10.46162 281.6008 261.5 10.46162 288.3992 270.7508 -14.73756 285 270.7508 -12.7631 277.6312 270.7508 -12.7631 292.3688 270.7508 -7.36878 272.2369 270.7508 -7.36878 297.7631 270.7508 0 270.2624 270.7508 0 299.7376 270.7508 7.36878 272.2369 270.7508 7.36878 297.7631 270.7508 12.7631 277.6312 270.7508 12.7631 292.3688 270.7508 14.73756 285 272.0289 -14.812 285 272.0289 -12.82757 277.594 272.0289 -12.82757 292.406 272.0289 -7.406 272.1724 272.0289 -7.406 297.8276 272.0289 0 270.188 272.0289 0 299.812 272.0289 7.406 272.1724 272.0289 7.406 297.8276 272.0289 12.82757 277.594 272.0289 12.82757 292.406 272.0289 14.812 285 273.0903 -14.09609 285 273.0903 -12.20758 277.9519 273.0903 -12.20758 292.0481 273.0903 -7.048047 272.7924 273.0903 -7.048047 297.2076 273.0903 0 270.9039 273.0903 0 299.0961 273.0903 7.048047 272.7924 273.0903 7.048047 297.2076 273.0903 12.20758 277.9519 273.0903 12.20758 292.0481 273.0903 14.09609 285 273.5 -12.75206 286.8335 273.5 -11.71896 279.6481 273.5 -9.736469 293.4367 273.5 -6.96518 274.162 273.5 -3.629615 297.3613 273.5 0 272.1168 273.5 3.629615 297.3613 273.5 6.96518 274.162 273.5 9.736469 293.4367 273.5 11.71896 279.6481 273.5 12.75206 286.8335</float_array>
          <technique_common>
            <accessor source="#MPO-500_V1_3_0_Simplified_Body-mesh-positions-array" count="3288" stride="3">
              <param name="X" type="float"/>
              <param name="Y" type="float"/>
              <param name="Z" type="float"/>
            </accessor>
          </technique_common>
        </source>
        <source id="MPO-500_V1_3_0_Simplified_Body-mesh-normals">
          <float_array id="MPO-500_V1_3_0_Simplified_Body-mesh-normals-array" count="11073">0 1 0 -1 -5.0612e-7 0 -1 0 0 -1 -3.25918e-7 0 -1 -9.6047e-7 0 -1 -3.1333e-7 0 -1 0 0 -1 0 0 -1 -5.29312e-6 0 1 0 0 1 0 0 1 -2.68337e-7 0 1 -4.60958e-7 0 1 -9.6047e-7 0 1 5.91221e-7 0 1 3.26671e-6 0 1 -5.29312e-6 0 1 0 0 1 0 0 1 0 0 1 0 0 1 0 0 1 -2.60227e-6 0 0 -1 0 -1 2.02076e-7 0 -1 0 0 -1 0 0 -1 0 0 -1 2.60227e-6 0 -1 0 0 -1 0 0 -1 0 0 -1 -1.41212e-7 0 -1 -1.24625e-6 0 -1 3.55825e-7 0 -1 3.55923e-6 0 1 0 0 1 0 0 1 0 0 1 0 0 1 0 0 1 1.30113e-6 0 1 0 0 0 -2.01315e-5 1 8.76957e-7 -0.4843161 0.8748931 6.07595e-6 -3.30061e-5 1 -1.47447e-5 -0.5712885 0.8207494 -2.24449e-6 -0.8474557 0.5308663 3.43956e-5 -0.9377761 0.3472407 1.95131e-5 -0.998539 0.05403703 2.19047e-6 -0.9680512 -0.2507525 -3.70666e-6 -0.9985412 -0.05399578 9.31695e-6 -0.9482202 -0.3176137 -2.59188e-6 -0.998541 0.05400025 2.57965e-6 -0.9985409 0.05400025 -2.57965e-6 -0.9985409 -0.05400025 2.59188e-6 -0.998541 -0.05400025 4.30644e-6 -0.9985412 -0.0539956 -2.00346e-5 -0.998539 0.05403697 -8.86619e-7 -0.9680511 -0.2507534 -8.95374e-6 -0.9482203 -0.3176136 4.54858e-6 -0.8296244 -0.558322 -1.57431e-5 -0.6512839 -0.7588342 0 -0.6512994 -0.7588208 -3.47756e-5 -0.9377763 0.3472405 2.28197e-6 -0.8474557 0.5308663 1.15447e-5 -0.5712887 0.8207492 -6.19097e-7 -0.4843162 0.8748931 -5.34207e-6 -3.3191e-5 1 0 -2.01464e-5 1 -2.63751e-6 -0.8296244 -0.5583221 9.02638e-6 -0.6512958 -0.7588241 0 -0.6512893 -0.7588296 2.26292e-5 -0.651255 -0.758859 0 -0.6512492 -0.7588641 0 -0.4554176 -0.8902781 0 -0.4554161 -0.8902787 0 -0.2342232 -0.9721829 0 -3.98941e-5 -1 -2.26435e-5 6.25849e-6 -1 0 -0.2342231 -0.9721829 0 0.6512498 -0.7588636 0 0.6512554 -0.7588586 0 0.4554176 -0.8902781 0 0.4554161 -0.8902787 0 0.2342232 -0.9721829 0 3.98941e-5 -1 2.26435e-5 -6.25849e-6 -1 0 0.2342231 -0.9721829 0 3.52114e-5 -1 0 -6.89179e-7 -1 0 0.6512877 -0.7588309 0 0.6512865 -0.758832 0 1 -2.67401e-5 0 1 -2.6457e-5 0 0.9590481 -0.2832433 0 0.9590417 -0.2832655 0 0.8395397 -0.5432986 0 0.839547 -0.5432873 0 1 1.20103e-5 5.00277e-5 1 1.78367e-5 0 1.14888e-5 1 0 3.86089e-5 1 0 0.4999973 0.866027 0 0.500011 0.8660191 0 0.8660115 0.5000244 0 0.8660153 0.5000176 0 2.77907e-5 1 0 5.68926e-5 1 0 0 1 -1 0 0 -1 0 0 -1 0 0 -1 -2.99801e-7 0 -1 -2.94842e-7 0 -1 -1.64479e-6 0 -1 1.24625e-6 0 -1 -3.55825e-7 0 -1 -3.55923e-6 0 -1 0 0 -1 -2.60227e-6 0 0 0 -1 1 -2.89934e-7 0 1 -2.39761e-7 0 1 -1.786e-6 0 1 0 0 1 0 0 1 -1.30113e-6 0 -1 2.25435e-7 0 -1 -1.27326e-7 0 -1 8.09278e-7 0 -1 6.4814e-7 0 -1 -3.04092e-6 0 0 6.89179e-7 -1 0 -3.52114e-5 -1 0 -0.6512497 -0.7588636 0 -0.6512554 -0.7588586 1 0 0 1 0 0 1 4.45659e-7 0 1 -1.75524e-7 0 1 1.06595e-6 0 1 -3.64894e-7 0 1 -3.04092e-6 0 -1 1.42008e-5 -3.76599e-5 -0.7951216 0.3032273 -0.5252 -1 2.07722e-5 -3.35276e-5 -0.7951191 0 -0.6064534 -0.7951277 -0.3032304 -0.5251889 -0.264423 9.68575e-7 -0.9644068 -0.2644065 -0.4821985 -0.835209 0.3745787 3.77744e-6 -0.9271951 0.3745606 -0.4636017 -0.8029807 -0.7951142 0.5252054 -0.3032373 -1 2.06828e-5 3.94881e-6 -0.7951152 0.6064585 -5.47897e-6 -1 6.29723e-5 3.7685e-5 -0.795124 0.5251953 0.3032292 -1 -7.97957e-6 3.7849e-5 -0.7951142 0.3032363 0.525206 -1 -6.92555e-6 2.77311e-5 -0.7950984 -1.08196e-6 0.6064805 -1 -3.09944e-5 3.38703e-5 -0.7951024 -0.3032439 0.5252196 -1 -5.1558e-6 3.06815e-5 -0.795111 -0.5252115 0.3032351 -1 -3.99351e-5 2.21636e-5 -0.7951229 -0.6064483 1.43703e-6 -1 -5.94407e-5 -3.03611e-5 -0.7951139 -0.5252065 -0.3032363 -1 -3.4824e-5 -4.94272e-5 -0.2644192 -0.835203 -0.4822017 0.3745718 -0.8029831 -0.4635885 -0.2644193 -0.9644079 8.88016e-7 0.3745818 -0.9271939 1.54228e-5 -0.2644218 -0.835202 0.4822019 0.3745621 -0.8029837 0.4635952 -0.2644063 -0.4822026 0.8352066 0.3745979 -0.463595 0.8029671 -0.2644176 1.48511e-6 0.9644083 0.3745836 1.51131e-5 0.9271932 -0.264405 0.4822034 0.8352065 0.374559 0.4636018 0.8029814 -0.2644242 0.8352017 0.482201 0.3745673 0.8029845 0.4635896 -0.2644231 0.9644069 -1.06421e-6 0.3745783 0.9271953 -1.53157e-5 -0.2644144 0.835204 -0.4822027 0.3745669 0.802982 -0.4635941 -0.2644135 0.4822025 -0.8352043 0.374592 0.4635962 -0.8029692 0.3746376 -0.544969 -0.7501037 0.3746314 -1.92504e-6 -0.9271739 0.3746278 -0.8817953 -0.2865157 0.3746286 -0.8817932 0.286521 0.3746399 -0.5449696 0.7501021 0.3746332 1.52295e-6 0.9271732 0.3746395 0.5449683 0.7501032 0.3746284 0.8817951 0.2865154 0.3746273 0.8817937 -0.2865214 0.374638 0.54497 -0.7501028 1 1.09798e-6 0 1 1.21449e-5 0 1 2.04187e-7 0 1 1.99941e-6 0 1 1.89744e-6 0 1 -1.22646e-5 0 1 -1.2145e-5 0 1 7.53359e-6 0 1 8.26598e-6 0 1 -2.04185e-7 0 1 -1.99939e-6 0 1 -1.89741e-6 0 1 1.22644e-5 0 0 0.5877932 -0.8090113 0 0.5877799 -0.809021 0 8.68761e-6 -1 0 -8.68761e-6 -1 0 -0.5877781 -0.8090222 0 -0.5877931 -0.8090115 0 -0.9510542 -0.3090245 0 -0.9510598 -0.3090069 0 -0.9510592 0.309009 0 -0.9510542 0.3090246 0 -0.5877932 0.8090113 0 -0.5877799 0.809021 0 -8.68761e-6 1 0 8.68761e-6 1 0 0.5877781 0.8090222 0 0.5877931 0.8090115 0 0.9510542 0.3090245 0 0.9510598 0.3090069 0 0.9510592 -0.309009 0 0.9510542 -0.3090246 -0.719357 0.4082993 -0.5619763 -0.7193323 0.3755441 -0.5844037 -0.7193357 4.78467e-7 -0.6946626 -0.7193461 0 -0.6946519 -0.7193316 -0.3755443 -0.5844045 -0.7193281 0.6318893 -0.2885882 -0.7193657 0.6606359 -0.2146472 -0.7193158 0.6876145 0.09884899 -0.7193263 0.6606743 0.214661 -0.7193412 0.5249899 0.4548998 -0.7193535 0.4083008 0.5619796 -0.7193312 0.1957131 0.6665276 -0.7193436 1.17905e-6 0.6946545 -0.7193316 -0.195712 0.6665275 -0.7193542 -0.4083008 0.5619788 -0.7193417 -0.5249892 0.4549001 -0.7193263 -0.6606744 0.2146607 -0.7193163 -0.687614 0.09884858 -0.7193298 -0.6606689 -0.2146655 -0.7193287 -0.6318884 -0.2885885 -0.7193554 -0.4082996 -0.5619781 0 0.5406336 -0.8412582 0 0.5406421 -0.8412528 0 -5.87291e-6 -1 0 5.87291e-6 -1 0 -0.5406507 -0.8412473 0 -0.5406394 -0.8412545 0 -0.9096334 -0.4154121 0 -0.9096277 -0.4154244 0 -0.9898212 0.1423171 0 -0.9898228 0.1423057 0 -0.7557499 0.6548604 0 -0.755756 0.6548535 0 -0.2817232 0.9594958 0 -0.2817324 0.9594931 0 0.2817448 0.9594894 0 0.2817317 0.9594932 0 0.7557522 0.6548578 0 0.7557429 0.6548686 0 0.9898222 0.1423101 0 0.9898204 0.1423218 0 0.9096313 -0.4154166 0 0.9096354 -0.4154077 0.5720586 0.7071073 0.4156301 0.7071068 0.7071068 0 0.7071124 0.7071012 4.92437e-7 0.5720573 0.7071082 -0.4156302 0.5416667 0.7071143 -0.454518 0.2185258 0.7071099 -0.6724895 0.1228074 0.7071053 -0.6963624 -0.2185166 0.7071051 -0.6724976 -0.3535349 0.7071124 -0.6123768 -0.5720551 0.7071108 -0.4156289 -0.6644551 0.7071154 -0.2418417 -0.7070922 0.7071214 -6.04661e-7 -0.6644555 0.7071146 0.2418429 -0.5720553 0.7071095 0.4156306 -0.3535333 0.7071117 0.6123784 -0.2185132 0.7071072 0.6724964 0.1228051 0.7071062 0.6963618 0.2185239 0.7071086 0.6724916 0.5416653 0.7071148 0.454519 0.8090118 0 -0.5877923 0.8090212 0 -0.5877796 1 0 -7.86974e-6 1 0 7.86974e-6 0.8090212 0 0.5877796 0.8090118 0 0.5877923 0.3090238 0 0.9510544 0.3090088 0 0.9510592 -0.3090088 0 0.9510592 -0.3090238 0 0.9510544 -0.8090112 0 0.5877932 -0.8090209 0 0.58778 -1 0 7.40095e-6 -1 0 -8.38841e-6 -0.8090208 0 -0.5877801 -0.8090118 0 -0.5877923 -0.3090238 0 -0.9510544 -0.3090088 0 -0.9510592 0.3090088 0 -0.9510592 0.3090238 0 -0.9510544 0.8660326 2.76268e-5 -0.4999877 0.7877678 0.4999951 -0.3597596 1 3.70294e-5 -9.53069e-6 0.8572277 0.499965 0.1232709 0.8660364 4.98593e-5 0.4999811 0.6545066 0.4999684 0.5671444 0.5000122 4.48823e-5 0.8660184 0.2439874 0.4999864 0.8309536 1.43424e-6 2.7284e-5 1 -0.244001 0.4999631 0.8309636 -0.4999998 3.85344e-5 0.8660255 -0.6545051 0.4999809 0.567135 -0.8660293 5.30779e-5 0.4999933 -0.857216 0.4999883 0.123259 -1 3.4824e-5 -2.43681e-5 -0.7877827 0.4999781 -0.3597506 -0.8660145 5.25415e-5 -0.5000191 -0.4681977 0.500008 -0.7285485 -0.4999877 4.53591e-5 -0.8660325 -1.74507e-6 0.500003 -0.8660238 -1.01109e-5 2.45124e-5 -1 0.4999837 1.59293e-5 -0.8660348 0.46823 0.4999766 -0.7285493 2.19643e-5 1 2.1264e-5 0.4949051 0.8660286 0.07115834 2.30223e-5 1 1.95876e-5 0.454817 0.8660255 -0.207705 4.58956e-5 1 -1.84923e-5 0.2703178 0.8660263 -0.4206266 2.03401e-5 1 -5.80698e-5 1.20141e-7 0.8660093 -0.5000281 -1.42524e-5 1 -6.21378e-5 -0.2703382 0.8660063 -0.4206547 -3.05325e-5 1 -4.28557e-5 -0.4548423 0.8660097 -0.2077153 -2.43485e-5 1 -1.37985e-5 -0.4949189 0.8660202 0.0711649 -2.67029e-5 1 9.79751e-6 -0.3778755 0.8660248 0.3274311 -2.30819e-5 1 2.29031e-5 -0.1408751 0.8660119 0.4797682 0.1408686 0.8660191 0.4797573 0.3778648 0.8660337 0.3274202 1.26883e-5 1 5.43147e-5 0.8660256 0 -0.4999998 1 0 -5.58804e-6 0.8660256 0 0.4999998 0.5000046 0 -0.8660229 5.57822e-6 0 -1 -0.4999949 0 -0.8660284 -0.8660229 0 -0.5000046 -1 0 -5.58804e-6 -0.8660284 0 0.4999949 -0.5000046 0 0.8660229 -5.5684e-6 0 1 0.4999949 0 0.8660284 0.8660328 2.90796e-5 -0.4999873 0.7877671 0.499998 -0.3597569 1 3.67761e-5 -9.47714e-6 0.857228 0.4999651 0.1232686 0.8660364 4.90546e-5 0.4999811 0.6544991 0.4999728 0.5671492 0.5000123 4.45396e-5 0.8660184 0.2439875 0.4999876 0.8309528 1.42027e-6 2.7284e-5 1 -0.2440009 0.4999635 0.8309633 -0.4999997 3.87877e-5 0.8660256 -0.6545031 0.4999786 0.5671395 -0.8660293 5.33611e-5 0.4999934 -0.857217 0.4999864 0.123259 -1 3.48091e-5 -2.44933e-5 -0.7877823 0.4999809 -0.3597473 -0.866014 5.17666e-5 -0.5000197 -0.4681999 0.5000097 -0.728546 -0.4999878 4.62532e-5 -0.8660325 -1.65566e-6 0.5000035 -0.8660235 -1.011e-5 2.45124e-5 -1 0.4999839 1.50651e-5 -0.8660349 0.4682301 0.4999771 -0.7285489 3.49358e-5 1 2.42665e-5 0.4949024 0.8660301 0.07115799 1.28597e-5 1 -7.25686e-6 0.4548152 0.8660255 -0.2077089 2.43187e-5 1 -6.81728e-6 0.2703205 0.8660256 -0.4206265 -1.14739e-6 1 -2.74777e-5 3.35276e-7 0.8660098 -0.5000271 5.4799e-6 1 -1.79708e-5 -0.2703405 0.8660071 -0.4206516 -1.50949e-5 1 -1.82837e-5 -0.454842 0.86601 -0.2077152 -1.61976e-5 1 -1.18613e-5 -0.4949221 0.8660184 0.07116419 -1.85967e-5 1 2.48961e-5 -0.3778787 0.8660223 0.3274344 -1.76281e-5 1 2.94894e-5 -0.1408748 0.8660114 0.4797692 0.1408677 0.8660201 0.4797558 0.3778612 0.866036 0.3274181 -4.94719e-6 1 1.72555e-5 0.8660256 0 0.4999997 5.5684e-6 0 -1 -1 0 -5.58313e-6 -5.57822e-6 0 1 0.8412445 4.25652e-5 -0.5406548 0.8236545 0.4999698 -0.2676256 1 5.62668e-5 -1.25775e-5 0.8236566 0.4999706 0.2676177 0.8412514 4.9293e-5 0.5406441 0.5090534 0.4999729 0.7006367 0.4154074 4.53293e-5 0.9096356 1.45668e-5 0.4999803 0.8660368 -0.1423274 2.33054e-5 0.9898197 -0.5090324 0.49998 0.7006468 -0.6548628 2.51681e-5 0.7557479 -0.8236397 0.4999977 0.2676191 -0.9594936 3.13073e-5 0.2817304 -0.8236535 0.4999657 -0.2676363 -0.9594939 4.84288e-6 -0.2817292 -0.6548607 2.76268e-5 -0.7557496 -0.5090375 0.4999933 -0.7006337 -0.1423286 5.57602e-5 -0.9898195 4.20772e-6 0.4999987 -0.8660263 0.4154057 3.49581e-5 -0.9096363 0.5090508 0.4999864 -0.7006289 2.46912e-5 1 4.00096e-5 0.4755235 0.8660281 0.1545085 2.50489e-5 1 -2.9318e-6 0.4755576 0.8660074 -0.15452 2.99811e-5 1 -1.18949e-5 0.2939021 0.8660136 -0.4045272 4.11272e-6 1 -1.53184e-5 -5.00679e-6 0.8660128 -0.5000221 -1.90865e-5 1 -4.11421e-5 -0.2939091 0.866008 -0.4045339 -1.53929e-5 1 -6.19143e-6 -0.4755448 0.8660154 -0.1545146 -0.4755531 0.8660101 0.1545181 0.2938843 0.8660312 0.404502 2.20323e-5 1 5.04851e-5 5.21075e-6 0.866028 0.4999957 -2.26498e-6 1 3.69772e-5 -0.2938923 0.866023 0.4045141 -4.25428e-5 1 2.40095e-5 0.8412451 0 -0.5406539 1 0 8.28521e-6 0.8412554 0 0.5406379 0.4154181 0 -0.9096307 -0.1423136 0 -0.9898216 -0.6548502 0 -0.7557587 -0.9594931 0 -0.2817324 -0.9594895 0 0.2817447 -0.6548597 0 0.7557504 -0.1423124 0 0.9898218 0.4154096 0 0.9096345 0.8412446 4.42043e-5 -0.5406546 0.8236587 0.4999674 -0.2676173 1 5.86957e-5 -8.66689e-6 0.8236543 0.4999737 0.2676189 0.8412535 5.12302e-5 0.540641 0.5090547 0.4999706 0.7006374 0.4154056 3.90559e-5 0.9096364 1.28327e-5 0.4999763 0.8660391 -0.1423292 2.27541e-5 0.9898195 -0.509032 0.4999786 0.7006483 -0.6548622 2.55704e-5 0.7557483 -0.8236398 0.4999973 0.2676197 -0.9594953 3.23057e-5 0.2817248 -0.8236525 0.4999696 -0.2676323 -0.9594941 6.97374e-6 -0.2817292 -0.6548663 2.84761e-5 -0.7557448 -0.5090349 0.4999984 -0.700632 -0.1423258 5.55962e-5 -0.9898199 4.51691e-6 0.4999955 -0.8660281 0.4154008 2.97278e-5 -0.9096385 0.5090506 0.4999843 -0.7006306 2.32682e-5 1 3.90112e-5 0.4755215 0.8660292 0.1545085 2.44975e-5 1 -2.73436e-6 0.4755181 0.8660314 -0.1545061 2.84612e-5 1 -1.11125e-5 0.2938957 0.8660154 -0.404528 1.5527e-5 1 -5.4568e-5 -2.65986e-6 0.8660113 -0.5000244 -1.8727e-5 1 -2.95043e-5 -0.2939062 0.8660106 -0.4045305 -1.61901e-5 1 -6.13183e-6 -0.4755417 0.8660171 -0.1545141 -0.4755541 0.8660096 0.1545183 0.2938874 0.866032 0.4044983 -8.60356e-6 1 5.04106e-5 3.06591e-6 0.8660264 0.4999985 -1.89245e-6 1 3.02046e-5 -0.293893 0.866024 0.404511 -4.21852e-5 1 2.39685e-5 1 0 1.61255e-5 0.8412596 0 0.5406314 0.4154134 0 -0.9096328 -0.1423094 0 -0.9898222 -0.6548617 0 -0.7557489 -0.9594934 0 -0.2817311 -0.9594937 0 0.2817301 -0.6548609 0 0.7557495 -0.1423175 0 0.9898211 0.4154134 0 0.9096328 0.8412442 4.54411e-5 -0.5406553 0.823653 0.4999721 -0.2676262 1 6.02901e-5 -1.28318e-5 0.823653 0.4999764 0.2676182 0.841251 5.25266e-5 0.5406448 0.5090544 0.4999701 0.700638 0.4154034 3.94434e-5 0.9096374 1.38245e-5 0.4999765 0.866039 -0.1423267 2.20388e-5 0.9898197 -0.5090312 0.4999799 0.7006479 -0.654868 2.47508e-5 0.7557434 -0.8236427 0.4999918 0.2676208 -0.9594938 2.9102e-5 0.28173 -0.8236547 0.4999651 -0.2676337 -0.9594961 4.97699e-6 -0.2817223 -0.6548604 2.67029e-5 -0.75575 -0.5090383 0.4999952 -0.7006318 -0.1423277 5.45979e-5 -0.9898196 5.44265e-6 0.4999952 -0.8660283 0.4154029 2.96533e-5 -0.9096376 0.5090512 0.4999828 -0.7006312 2.26498e-5 1 3.85791e-5 0.4755213 0.8660293 0.1545085 2.40803e-5 1 -2.48849e-6 0.4755578 0.8660072 -0.15452 2.82377e-5 1 -1.12541e-5 0.2938965 0.8660147 -0.4045287 1.54674e-5 1 -5.12153e-5 -2.58163e-6 0.8660131 -0.5000213 -1.86563e-5 1 -2.81334e-5 -0.2939058 0.866011 -0.4045301 -1.62795e-5 1 -5.99027e-6 -0.4755445 0.8660154 -0.1545147 -0.4755575 0.8660074 0.15452 0.2938879 0.8660313 0.4044993 -8.50856e-6 1 5.06937e-5 3.23635e-6 0.8660266 0.499998 -1.69873e-6 1 3.02568e-5 -0.2938922 0.8660248 0.4045104 -4.22001e-5 1 2.39946e-5 1 0 8.24566e-6 0.8412554 0 0.5406379 0.4154181 0 -0.9096306 -0.1423135 0 -0.9898217 -0.6548503 0 -0.7557588 -0.9594969 0 -0.2817192 -0.6548701 0 0.7557415 -0.1423124 0 0.9898219 0.4154095 0 0.9096345 0.7285481 0.4999969 0.4682105 0.7285443 0.4999967 0.4682165 0.8660258 0.4999996 0 0.8660261 0.499999 5.67919e-6 0.7285467 0.4999974 -0.4682119 0.7285493 0.4999966 -0.4682087 0.3597568 0.5000001 -0.7877658 0.3597605 0.4999983 -0.7877653 -0.1232509 0.5000033 -0.8572083 -0.1232446 0.5000016 -0.8572102 -0.5671299 0.4999927 -0.6545007 -0.5671244 0.4999939 -0.6545045 -0.8309471 0.499997 -0.2439882 -0.8309459 0.4999976 -0.2439909 -0.830949 0.4999955 0.2439847 -0.8309503 0.499995 0.2439809 -0.5671276 0.5000001 0.654497 -0.567131 0.4999985 0.6544952 -0.1232482 0.4999992 0.8572111 -0.1232528 0.4999986 0.8572107 0.3597665 0.4999983 0.7877625 0.3597616 0.499998 0.787765 0.7285463 0.5000002 0.4682095 0.7285425 0.5000019 0.4682136 0.8660281 0.4999955 -5.83731e-7 0.866027 0.4999973 5.39953e-6 0.7285447 0.5000011 -0.4682112 0.7285478 0.5000022 -0.4682051 0.3597598 0.5000029 -0.7877627 0.3597646 0.5000014 -0.7877613 -0.1232473 0.4999998 -0.8572108 -0.1232417 0.4999985 -0.8572124 -0.5671285 0.4999965 -0.6544989 -0.5671242 0.4999964 -0.6545028 -0.8309478 0.499996 -0.2439874 -0.830946 0.4999973 -0.2439908 -0.8309456 0.5000017 0.2439835 -0.8309468 0.5000014 0.2439799 -0.5671271 0.500001 0.6544966 -0.5671303 0.4999976 0.6544966 -0.1232451 0.4999998 0.8572111 -0.1232491 0.4999955 0.857213 0.359767 0.4999937 0.7877653 0.3597608 0.4999936 0.7877681 0.7285463 0.4999988 0.468211 0.7285429 0.4999998 0.4682152 0.8660254 0.5000001 0 0.8660257 0.4999995 5.07685e-6 0.7285424 0.4999958 -0.4682202 0.7285466 0.4999962 -0.4682134 0.3597585 0.4999959 -0.7877677 0.3597643 0.499997 -0.7877645 -0.1232521 0.5000014 -0.8572093 -0.1232435 0.5000007 -0.8572109 -0.5671254 0.5000007 -0.6544983 -0.5671226 0.4999984 -0.6545025 -0.830946 0.4999984 -0.2439884 -0.8309468 0.4999954 -0.243992 -0.8309465 0.5000001 0.2439835 -0.8309484 0.4999982 0.2439811 -0.5671223 0.4999967 0.6545042 -0.5671275 0.4999968 0.6544996 -0.1232504 0.5000024 0.8572088 -0.1232547 0.5000025 0.8572081 0.3597655 0.4999883 0.7877694 0.3597599 0.4999888 0.7877717 0 -1 1.26802e-6 0 -1 3.35776e-7 0 -1 -7.38904e-7 0 -1 -2.76397e-6 0 -1 -2.08441e-6 0 -1 4.61227e-7 0 -1 1.50746e-6 0 -1 7.13582e-7 0 -1 1.28975e-6 0.8412524 0 0.5406426 0.8412517 0 0.5406437 1 0 -6.39681e-6 1 0 -4.95333e-6 0.8412571 0 -0.5406353 0.8412581 0 -0.5406338 0.4154136 0 -0.9096327 0.4154148 0 -0.9096322 -0.142319 0 -0.9898208 -0.1423171 0 -0.9898212 -0.6548656 0 -0.7557455 -0.6548636 0 -0.7557471 -0.9594923 0 -0.2817351 -0.9594916 0 -0.2817376 -0.9594947 0 0.281727 -0.9594947 0 0.2817265 -0.6548569 0 0.7557529 -0.6548572 0 0.7557526 -0.1423139 0 0.9898217 -0.1423161 0 0.9898213 0.4154173 0 0.909631 0.4154152 0 0.9096319 0 -1 7.38903e-7 0 -1 2.76397e-6 0 -1 4.42567e-7 0 -1 -5.84158e-6 0 -1 -2.95715e-6 0 -1 1.50745e-6 0 -1 7.1358e-7 0 -1 -4.16881e-6 0 -1 -5.52788e-6 0 -1 -1.4778e-6 0.8412517 0 0.5406438 1 0 -6.43636e-6 1 0 -4.91378e-6 0.8412571 0 -0.5406354 0.8412582 0 -0.5406338 0.4154136 0 -0.9096328 0.4154149 0 -0.9096322 -0.142319 0 -0.9898208 -0.1423172 0 -0.9898212 -0.6548656 0 -0.7557454 -0.6548572 0 0.7557527 -0.142314 0 0.9898216 -0.1423162 0 0.9898213 0.4154174 0 0.909631 0.4154151 0 0.909632 0 -1 1.26803e-6 0 -1 3.35778e-7 0 -1 -1.64184e-6 0 -1 -5.84159e-6 0 -1 -2.95716e-6 0 -1 1.50745e-6 0 -1 7.13579e-7 0 -1 1.28976e-6 -0.1423161 0 -0.9898213 -0.6548582 0 -0.7557519 -0.6548553 0 -0.7557542 -0.6548565 0 0.7557533 -0.1423042 0 0.9898231 -0.1423054 0 0.9898229 0.8660243 2.58386e-5 -0.5000021 0.7499931 0.5000167 -0.4330055 1 1.96099e-5 3.48547e-6 0.8660185 0.5000119 7.14512e-6 0.8660241 2.60472e-5 0.5000021 0.7499927 0.5000151 0.4330081 0.4999994 1.61529e-5 0.8660258 0.4330043 0.5000057 0.7500011 -2.03121e-6 1.96844e-5 1 3.79489e-6 0.5000072 0.8660213 -0.499986 1.78665e-5 0.8660336 -0.4330068 0.5000134 0.7499945 -0.8660252 2.52426e-5 0.5000005 -0.7499955 0.5000138 0.4330046 -1 1.96099e-5 -3.48547e-6 -0.866019 0.5000113 6.59961e-6 -0.8660251 2.19345e-5 -0.5000006 -0.7499952 0.5000107 -0.4330089 -0.4999979 2.45124e-5 -0.8660266 -0.433015 0.499971 -0.750018 1.56462e-6 2.15769e-5 -1 1.82075e-6 0.5000089 -0.8660203 0.5000027 2.02805e-5 -0.8660238 0.4330085 0.5000146 -0.7499928 2.55108e-5 1 3.50326e-5 0.4330285 0.866017 0.2500019 2.85208e-5 1 1.26958e-5 0.5000013 0.8660247 6.49674e-7 0.4330077 0.8660293 -0.2499948 0.2500149 0.8660116 0.4330319 7.50274e-6 1 6.41048e-5 -1.01095e-6 0.8660163 0.5000159 -3.37511e-5 1 5.66393e-5 -0.2499958 0.8660318 0.4330025 -4.1604e-5 1 1.54898e-5 -0.4330096 0.8660276 0.2499979 -2.84761e-5 1 -1.40443e-5 -0.5000013 0.8660248 -1.13389e-6 -0.4330272 0.866015 -0.2500109 -2.55853e-5 1 -3.61055e-5 -0.2500116 0.8660138 -0.4330291 -7.55489e-6 1 -6.41644e-5 7.05477e-7 0.8660157 -0.5000169 3.37511e-5 1 -5.66393e-5 0.2499952 0.8660306 -0.4330053 4.1604e-5 1 -1.44392e-5 0.8660221 0 -0.5000059 1 0 -6.66829e-6 0.8660287 0 0.4999943 0.5000073 0 0.8660212 7.27718e-6 0 1 -0.4999947 0 0.8660284 -0.8660212 0 0.5000073 -1 0 6.66829e-6 -0.8660303 0 -0.4999914 -0.5000087 0 -0.8660205 -9.35916e-6 0 -1 0.499993 0 -0.8660296 0.866026 2.29031e-5 -0.499999 0.7499957 0.5000128 -0.4330055 1 1.95503e-5 1.72528e-6 0.8660201 0.5000093 5.48483e-6 0.8660248 2.23517e-5 0.5000012 0.7499896 0.5000129 0.4330158 0.5 1.98782e-5 0.8660256 0.4330031 0.5000128 0.7499971 -2.00979e-6 2.06977e-5 1 -3.83496e-6 0.5000087 0.8660204 -0.4999976 1.76877e-5 0.8660269 -0.43301 0.5000123 0.7499935 -0.866027 2.24113e-5 0.4999973 -0.7499964 0.5000134 0.4330036 -1 1.94609e-5 -1.93762e-6 -0.8660187 0.5000116 -5.35473e-6 -0.866025 2.37525e-5 -0.5000008 -0.7499945 0.5000129 -0.4330074 -0.4999955 2.14577e-5 -0.866028 -0.4330002 0.500015 -0.7499973 1.62609e-6 2.11e-5 -1 1.9821e-6 0.5000088 -0.8660204 0.5000029 2.47061e-5 -0.8660238 0.433007 0.5000187 -0.7499909 2.33799e-5 1 3.68357e-5 0.4330264 0.8660182 0.2500013 0.5000039 0.8660232 5.01032e-7 0.4330082 0.8660291 -0.2499951 0.2500195 0.8660091 0.4330342 7.89762e-6 1 6.75619e-5 -1.11014e-6 0.86602 0.5000092 -3.39895e-5 1 5.21541e-5 -0.2499961 0.8660312 0.4330034 -4.17829e-5 1 1.53631e-5 -0.4330073 0.8660289 0.249997 -2.88188e-5 1 -1.40145e-5 -0.5000013 0.8660247 6.12345e-7 -0.4330267 0.8660171 -0.2500047 -2.47955e-5 1 -3.52114e-5 -0.2500114 0.8660139 -0.4330294 -7.98702e-6 1 -6.30021e-5 9.88133e-7 0.8660181 -0.5000127 3.38256e-5 1 -5.79506e-5 0.2499953 0.8660292 -0.4330078 3.99053e-5 1 -1.47969e-5 0.8660231 0 -0.500004 1 0 -7.26735e-6 0.8660295 0 0.4999928 7.25754e-6 0 1 -0.8660218 0 0.5000064 -1 0 6.65847e-6 -0.8660309 0 -0.4999905 -9.33952e-6 0 -1 0.866001 2.27391e-5 -0.5000422 0.749994 0.5000136 -0.4330074 1 1.94609e-5 1.93762e-6 0.8660187 0.5000116 5.35473e-6 0.8660239 2.40505e-5 0.5000026 0.7499885 0.5000127 0.4330179 0.4999981 1.73301e-5 0.8660265 0.4330123 0.5000108 0.7499931 -1.99256e-6 2.04593e-5 1 -3.73607e-6 0.5000084 0.8660206 -0.500002 2.06977e-5 0.8660244 -0.4330029 0.5000143 0.7499961 -0.8660274 2.26349e-5 0.4999967 -0.7499921 0.5000128 0.4330116 -1 1.95503e-5 -1.72528e-6 -0.8660201 0.5000093 -5.48483e-6 -0.8660259 2.20239e-5 -0.4999992 -0.7499942 0.5000122 -0.4330089 -0.4999973 2.40058e-5 -0.8660269 -0.4330011 0.5000167 -0.7499957 1.61398e-6 2.13385e-5 -1 2.04455e-6 0.5000091 -0.8660203 0.4999985 2.16961e-5 -0.8660263 0.4330101 0.5000179 -0.7499897 2.51234e-5 1 3.43025e-5 0.433026 0.8660167 0.2500073 2.88635e-5 1 1.26958e-5 0.5000014 0.8660247 6.44549e-7 0.433008 0.8660293 -0.2499948 0.2500114 0.8660138 0.4330294 8.00889e-6 1 6.05583e-5 -9.89065e-7 0.8660202 0.5000091 -3.38703e-5 1 5.91725e-5 -0.2499995 0.8660277 0.4330083 -4.00543e-5 1 1.78218e-5 -0.4330075 0.8660288 0.2499973 -2.83569e-5 1 -1.40071e-5 -0.5000039 0.8660231 7.15721e-7 -0.4330262 0.8660173 -0.250005 -2.30372e-5 1 -3.58224e-5 -0.2500154 0.8660103 -0.433034 -7.93487e-6 1 -6.64592e-5 1.09524e-6 0.8660181 -0.5000128 3.3915e-5 1 -5.45234e-5 0.2499952 0.8660321 -0.4330023 4.16934e-5 1 -1.4253e-5 0.8660226 0 -0.5000049 1 0 -6.65847e-6 0.8660293 0 0.4999933 -0.4999947 0 0.8660285 -0.8660223 0 0.5000055 -1 0 7.26735e-6 -0.8660312 0 -0.49999 -0.5000087 0 -0.8660205 -9.34934e-6 0 -1 0.8660256 0 0.4999998 0.8660256 0 0.4999997 1 0 7.3852e-6 1 0 -7.3852e-6 0.8660256 0 -0.4999997 0.8660256 0 -0.4999998 0.5000061 0 -0.8660219 0.5000061 0 0.8660219 0.4999933 0 0.8660293 7.37047e-6 0 1 -7.3852e-6 0 1 -0.4999933 0 0.8660293 -0.5000061 0 0.8660219 -0.8660219 0 0.5000061 -0.8660293 0 0.4999933 -1 0 7.39011e-6 -1 0 -7.39011e-6 -0.8660293 0 -0.4999933 -0.8660219 0 -0.5000061 -0.5000061 0 -0.8660219 -0.4999933 0 -0.8660293 -7.3852e-6 0 -1 7.37047e-6 0 -1 0.4999933 0 -0.8660293 1 -2.66656e-5 -5.47254e-5 0.7951216 -0.3032273 -0.5252 1 -2.07722e-5 -3.35276e-5 0.7951191 0 -0.6064534 0.7951277 0.3032304 -0.5251889 0.264423 -9.68575e-7 -0.9644068 0.2644065 0.4821985 -0.835209 -0.3745787 -3.77744e-6 -0.9271951 -0.3745606 0.4636017 -0.8029807 0.7951142 -0.5252054 -0.3032373 1 -2.0653e-5 3.99351e-6 0.7951152 -0.6064585 -5.47897e-6 1 -3.39895e-5 3.14116e-5 0.795124 -0.5251953 0.3032292 1 2.97278e-6 4.26471e-5 0.7951142 -0.3032363 0.525206 1 2.65683e-6 4.33922e-5 0.7950984 1.08196e-6 0.6064805 1 2.66731e-5 1.82986e-5 0.7951024 0.3032439 0.5252196 1 3.71784e-5 6.12736e-5 0.795111 0.5252115 0.3032351 1 1.85072e-5 1.75331e-5 0.7951229 0.6064483 1.43703e-6 1 5.93215e-5 -3.02866e-5 0.7951139 0.5252065 -0.3032363 1 2.24113e-5 -3.241e-5 0.2644192 0.835203 -0.4822017 -0.3745718 0.8029831 -0.4635885 0.2644193 0.9644079 8.88016e-7 -0.3745818 0.9271939 1.54228e-5 0.2644218 0.835202 0.4822019 -0.3745621 0.8029837 0.4635952 0.2644063 0.4822026 0.8352066 -0.3745979 0.463595 0.8029671 0.2644176 -1.48511e-6 0.9644083 -0.3745836 -1.51131e-5 0.9271932 0.264405 -0.4822034 0.8352065 -0.374559 -0.4636018 0.8029814 0.2644242 -0.8352017 0.482201 -0.3745673 -0.8029845 0.4635896 0.2644231 -0.9644069 -1.06421e-6 -0.3745783 -0.9271953 -1.53157e-5 0.2644144 -0.835204 -0.4822027 -0.3745669 -0.802982 -0.4635941 0.2644135 -0.4822025 -0.8352043 -0.374592 -0.4635962 -0.8029692 -0.3746376 0.544969 -0.7501037 -0.3746314 1.92504e-6 -0.9271739 -0.3746278 0.8817953 -0.2865157 -0.3746286 0.8817932 0.286521 -0.3746399 0.5449696 0.7501021 -0.3746332 -1.52295e-6 0.9271732 -0.3746395 -0.5449683 0.7501032 -0.3746284 -0.8817951 0.2865154 -0.3746273 -0.8817937 -0.2865214 -0.374638 -0.54497 -0.7501028 -1 -1.09798e-6 0 -1 -1.21449e-5 0 -1 -2.04187e-7 0 -1 -1.99941e-6 0 -1 -1.89744e-6 0 -1 1.22646e-5 0 -1 1.2145e-5 0 -1 -7.53359e-6 0 -1 -8.26598e-6 0 -1 2.04185e-7 0 -1 1.99939e-6 0 -1 1.89741e-6 0 -1 -1.22644e-5 0 0 -0.5877932 -0.8090113 0 -0.5877799 -0.809021 0 0.5877781 -0.8090222 0 0.5877931 -0.8090115 0 0.9510542 -0.3090245 0 0.9510598 -0.3090069 0 0.9510592 0.309009 0 0.9510542 0.3090246 0 0.5877932 0.8090113 0 0.5877799 0.809021 0 -0.5877781 0.8090222 0 -0.5877931 0.8090115 0 -0.9510542 0.3090245 0 -0.9510598 0.3090069 0 -0.9510592 -0.309009 0 -0.9510542 -0.3090246 0.719357 -0.4082993 -0.5619763 0.7193323 -0.3755441 -0.5844037 0.7193357 -4.78467e-7 -0.6946626 0.7193461 0 -0.6946519 0.7193316 0.3755443 -0.5844045 0.7193281 -0.6318893 -0.2885882 0.7193657 -0.6606359 -0.2146472 0.7193158 -0.6876145 0.09884899 0.7193263 -0.6606743 0.214661 0.7193412 -0.5249899 0.4548998 0.7193535 -0.4083008 0.5619796 0.7193312 -0.1957131 0.6665276 0.7193436 -1.17905e-6 0.6946545 0.7193316 0.195712 0.6665275 0.7193542 0.4083008 0.5619788 0.7193417 0.5249892 0.4549001 0.7193263 0.6606744 0.2146607 0.7193163 0.687614 0.09884858 0.7193298 0.6606689 -0.2146655 0.7193287 0.6318884 -0.2885885 0.7193554 0.4082996 -0.5619781 0 -0.5406336 -0.8412582 0 -0.5406421 -0.8412528 0 0.5406507 -0.8412473 0 0.5406394 -0.8412545 0 0.9096334 -0.4154121 0 0.9096277 -0.4154244 0 0.9898212 0.1423171 0 0.9898228 0.1423057 0 0.7557499 0.6548604 0 0.755756 0.6548535 0 0.2817232 0.9594958 0 0.2817324 0.9594931 0 -0.2817448 0.9594894 0 -0.2817317 0.9594932 0 -0.7557522 0.6548578 0 -0.7557429 0.6548686 0 -0.9898222 0.1423101 0 -0.9898204 0.1423218 0 -0.9096313 -0.4154166 0 -0.9096354 -0.4154077 0 -1 7.57952e-6 0 -1 0 0 -1 -1.32583e-5 0 -1 -3.24841e-7 0 -1 1.42709e-6 0 -1 6.36654e-6 0 -1 5.69404e-6 0 -1 5.69468e-5 0 -1 1.06724e-6 0 -1 5.19036e-7 0 -1 -3.33139e-6 0 -1 1.5763e-6 0 -1 1.45466e-6 0 -1 -2.13856e-6 0 -1 3.21962e-6 0 -1 -7.59575e-6 0 -1 3.75196e-5 0 1 1.51591e-5 0 1 3.82491e-6 0 1 -1.32583e-5 0 1 -7.59575e-6 0 1 7.50392e-5 0 1 -2.55915e-7 0 1 8.15392e-7 0 1 7.46485e-7 0 1 8.34729e-7 0 1 -2.61501e-6 0 1 3.18738e-6 0 1 5.69404e-6 0 1 5.69468e-5 0 1 3.21962e-6 0 1 -3.33139e-6 0 1 -8.53362e-7 0 1 8.20046e-7 0 1 1.40266e-7 0 1 -4.27713e-6 0 -1 6.43924e-6 0 -1 -7.76772e-6 0 -1 1.66946e-6 0 -1 -7.12495e-6 0 -1 -5.52341e-7 0 -1 -1.80327e-6 0 -1 -2.35568e-6 0 -1 -3.24841e-7 0 -1 3.82608e-6 0 -1 3.78929e-6 0 -1 3.75208e-5 0 -1 1.77874e-6 0 -1 3.29125e-7 0 -1 -3.33139e-6 0 -1 6.01162e-7 0 -1 -4.27713e-6 0 -1 6.92266e-7 0 -1 -1.87601e-5 0 1 -3.17906e-6 0 1 -5.92361e-7 0 1 7.73781e-6 0 1 1.1388e-5 0 1 1.13902e-4 0 1 -6.00543e-7 0 1 -3.26157e-6 0 1 -2.98593e-6 0 1 5.70302e-6 0 1 3.78929e-6 0 1 3.75208e-5 0 1 -6.62914e-6 0 1 -3.79787e-6 0 1 -3.33139e-6 0 1 -1.79969e-7 0 1 -1.24511e-6 0 1 -1.10942e-6 0 1 -2.13856e-6 0 1 6.92266e-7 -0.7071098 0 -0.7071038 -0.7071054 0 -0.7071082 -0.7071054 0 0.7071082 -0.7071098 0 0.7071038 0.7071098 0 0.7071038 0.7071054 0 0.7071082 0.7071054 0 -0.7071082 0.7071098 0 -0.7071038 1 0 4.52995e-5 1 -4.50349e-5 4.43161e-5 3.28124e-5 0 1 2.5332e-5 0 1 0.4999691 0 0.8660433 0.5000368 0 0.8660043 0.8660141 0 0.5000199 0.8660317 0 0.4999893 -0.7071061 0 0.7071075 -0.7071105 0 0.7071031 -3.37064e-5 0 1 -2.62409e-5 0 1 -1 0 4.69834e-5 -1 0 4.59999e-5 -0.8660307 0 0.4999908 -0.8660132 0 0.5000213 -0.5000376 0 0.8660038 -0.4999699 0 0.8660428 1 0 4.69834e-5 1 0 4.59999e-5 3.37064e-5 0 1 2.62409e-5 0 1 0.4999699 0 0.8660428 0.5000376 0 0.8660038 0.8660132 0 0.5000213 0.8660307 0 0.4999908 0.7071105 0 0.7071031 0.7071061 0 0.7071075 -3.28124e-5 0 1 -2.5332e-5 0 1 -1 0 4.52995e-5 -1 4.50349e-5 4.43161e-5 -0.8660317 0 0.4999893 -0.8660141 0 0.5000199 -0.5000368 0 0.8660043 -0.4999691 0 0.8660433 0 -1 2.11186e-6 0 -1 1.54537e-6 0 -1 -6.92465e-7 0 -1 -2.13448e-6 0 -1 -1.06927e-6 0 -1 2.75704e-7 0 -1 3.53827e-6 0 -1 2.0595e-6 0 -1 1.80324e-6 0 -1 3.26161e-6 0 -1 5.52343e-7 0 -1 1.80323e-6 0 -1 2.35564e-6 0 -1 -1.58959e-6 0 -1 -1.30752e-6 0.7071015 0 0.7071121 0.7071016 0 0.707112 0.7071173 0 0.7070964 0.7071173 0 0.7070962 0.7071173 0 -0.7070962 0.7071173 0 -0.7070964 0.7071016 0 -0.707112 0.7071015 0 -0.7071121 1 0 1.67787e-5 1 0 4.36157e-5 0.8660268 0 0.4999979 0.8660129 0 0.5000217 0.500028 0 0.8660093 0.499971 0 0.8660423 5.05298e-5 0 1 3.86834e-5 0 1 -0.7071144 0 0.7070991 -0.7071143 0 0.7070994 -0.7070987 0 0.707115 -0.7070986 0 0.7071151 -4.68046e-5 4.99815e-6 1 -3.50922e-5 0 1 -0.4999722 0 0.8660415 -0.5000293 0 0.8660086 -0.8660155 0 0.5000172 -0.8660293 0 0.4999933 -1 0 1.67787e-5 -1 0 4.36157e-5 -0.7071015 0 -0.7071121 -0.7071016 0 -0.707112 -0.7071173 0 -0.7070964 -0.7071173 0 -0.7070962 -0.7071173 0 0.7070962 -0.7071173 0 0.7070964 -0.7071016 0 0.707112 -0.7071015 0 0.7071121 0 1 -3.18185e-7 0 1 -1.89064e-6 0 1 -2.6681e-6 0 1 1.71228e-7 0 1 2.98594e-6 0 1 3.13587e-6 0 1 -2.62842e-6 0 1 -1.80331e-6 0 1 -4.10201e-6 0 1 -2.71185e-6 0 1 -7.97549e-7 0 1 -1.30752e-6 0 1 4.17351e-7 0 1 -9.94517e-7 0 1 1.60978e-6 0 -1 -3.98777e-7 0 -1 5.95058e-7 0 -1 -6.42407e-7 0 -1 1.60978e-6 0 -1 -1.22252e-6 0 -1 1.80327e-6 0 -1 2.35565e-6 0 -1 -2.35568e-6 0 -1 -1.80326e-6 0 -1 -4.10201e-6 0 -1 -2.71185e-6 0 -1 -7.97524e-7 0 -1 -2.13448e-6 0 -1 6.5388e-7 0 -1 -1.20499e-6 0 -1 1.0384e-6 0.8660293 0 0.4999933 0.8660155 0 0.5000172 0.5000293 0 0.8660086 0.4999722 0 0.8660415 4.68046e-5 -4.99815e-6 1 3.50922e-5 0 1 0.7070986 0 0.7071151 0.7070987 0 0.707115 0.7071143 0 0.7070994 0.7071144 0 0.7070991 -5.05298e-5 0 1 -3.86834e-5 0 1 -0.499971 0 0.8660423 -0.500028 0 0.8660093 -0.8660129 0 0.5000217 -0.8660268 0 0.4999979 0 1 -1.58954e-6 0 1 2.0595e-6 0 1 -1.30756e-6 0 1 1.80324e-6 0 1 5.52343e-7 0 1 2.06775e-7 0 1 2.44616e-6 0 1 2.79175e-6 0 1 1.80323e-6 0 1 2.35564e-6 0 1 3.99333e-7 0 1 -4.89151e-6 0 1 -3.37471e-6 0 1 -1.06927e-6 0 1 1.0384e-6 1 -2.16588e-5 0 1 -1.67564e-5 -2.25686e-5 1 1.56984e-5 0 1 2.12714e-5 0 0.7071177 0.7070959 0 0.7071244 0.7070892 0 0.8660255 0.4999998 0 0.8660265 0.499998 0 0.9659259 0.2588188 0 0.965926 0.2588187 0 0.7070955 0.7071182 0 0.7070879 0.7071257 0 1.49384e-5 1 2.50427e-6 2.28211e-5 1 0 0.2588214 0.9659252 0 0.2588229 0.9659249 0 0.5 0.8660255 0 0.4999974 0.8660269 0 -1.49384e-5 1 -2.50427e-6 -2.28211e-5 1 0 -0.7070966 0.707117 0 -0.7070921 0.7071215 0 -0.5000031 0.8660237 0 -0.500006 0.866022 0 -0.2588201 0.9659255 0 -0.2588194 0.9659258 0 -0.707112 0.7071016 -2.50431e-6 -0.7071186 0.707095 0 -1 1.67564e-5 -2.25686e-5 -1 2.16588e-5 0 -0.9659264 0.2588174 0 -0.965927 0.2588148 0 -0.866025 0.5000008 0 -0.8660251 0.5000007 0 -1 -1.56984e-5 0 -1 -2.12714e-5 0 -0.7071177 -0.7070959 0 -0.7071244 -0.7070892 0 -0.8660255 -0.4999998 0 -0.8660265 -0.499998 0 -0.9659259 -0.2588188 0 -0.965926 -0.2588187 0 -0.7070955 -0.7071182 0 -0.7070879 -0.7071257 0 -1.49384e-5 -1 2.50427e-6 -2.28211e-5 -1 0 -0.2588214 -0.9659252 0 -0.2588229 -0.9659249 0 -0.5 -0.8660255 0 -0.4999974 -0.8660269 0 1.49384e-5 -1 -2.50427e-6 2.28211e-5 -1 0 0.7070966 -0.707117 0 0.7070921 -0.7071215 0 0.5000031 -0.8660237 0 0.500006 -0.866022 0 0.2588201 -0.9659255 0 0.2588194 -0.9659258 0 0.707112 -0.7071016 -2.50431e-6 0.7071186 -0.707095 0 0.9659264 -0.2588174 0 0.965927 -0.2588148 0 0.866025 -0.5000008 0 0.8660251 -0.5000007 0 -2.42052e-7 0 1 4.7669e-5 0 1 1.06864e-6 0 1 2.00805e-5 0 1 -9.14008e-6 0 1 1.84354e-5 0 1 5.50157e-7 0 1 -1.41676e-7 0 1 1.375e-7 0 1 0 0 1 2.17615e-7 0 1 0 0 1 0 0 1 0 0 1 0 0 1 0 0 1 1.2478e-7 0 1 -4.49442e-6 0 1 -2.14632e-6 0 1 -5.52629e-6 0 1 -3.41233e-6 0 1 2.33416e-6 0 1 -7.97231e-7 0 1 1.78799e-5 0 1 -1.08568e-5 0 1 8.37751e-6 0 1 4.90147e-6 0 1 -3.98838e-6 0 1 -2.39996e-5 0 1 -3.24349e-5 0 1 0 0 1 0 0 1 0 0 1 0 0 1 0 0 1 0 0 1 0 0 1 3.05848e-6 0 1 0 0 1 -8.36949e-6 0 1 2.86164e-6 0 1 -1.23552e-6 0 1 2.95178e-6 0 1 1.35217e-5 0 1 -6.33679e-6 0 1 -1.69488e-6 0 1 -2.12397e-5 0 1 2.9499e-7 0 1 -1.25503e-5 0 1 -2.97933e-5 0 1 0 0 1 0 0 1 -3.86933e-6 0 1 -6.4178e-6 0 1 -2.82944e-6 0 1 5.52627e-6 0 1 3.41232e-6 0 1 -2.33416e-6 0 1 7.97231e-7 0 1 -1.78799e-5 0 1 1.08568e-5 0 1 -8.37751e-6 0 1 -4.90147e-6 0 1 3.98838e-6 0 1 2.39996e-5 0 1 3.24349e-5 0 1 -1.14668e-6 0 1 9.26161e-7 0 1 1.93453e-6 0 1 6.8721e-7 0 1 -9.3427e-7 0 1 -1.93453e-6 0 1 2.12397e-5 0 1 1.06199e-5 0 1 1.22183e-6 0 -1 -1.17486e-6 0 -1 1.30152e-6 0 -1 -6.25718e-7 0 -1 1.98076e-7 0 -1 1.22186e-6 0 -1 -2.83675e-6 0 -1 3.75705e-7 0 -1 -2.15592e-6 0 -1 1.23187e-6 0 -1 1.4453e-6 0 -1 -1.23187e-6 0 -1 -3.79505e-6 0 -1 -1.17832e-6 0 -1 -2.77058e-6 0 -1 -5.70455e-7 0 -1 -5.70368e-7 0 -1 -2.03431e-6 0 -1 -1.12224e-6 0 -1 -1.07796e-6 0 -1 1.07796e-6 0 -1 -4.11814e-6 0 -1 -4.29436e-7 0 -1 -2.44371e-6 0 -1 -1.22183e-6 0 -1 -1.23187e-6 0 -1 -1.4453e-6 0 -1 1.23187e-6 0 -1 3.79505e-6 0 -1 1.17832e-6 0 -1 2.77058e-6 0 -1 5.70455e-7 0 -1 5.70368e-7 0 -1 2.03431e-6 0 -1 1.12224e-6 0 -1 -1 -5.23776e-6 0 -1 9.45479e-6 0 -0.9659256 0.2588198 0 -0.9659255 0.2588202 0 -0.8660254 0.5000002 0 -0.7071146 0.707099 0 -0.7071155 0.7070981 0 -0.8660251 0.5000006 0 -0.707099 0.7071146 0 -0.7071 0.7071136 0 -0.5000018 0.8660245 0 -0.4999995 0.8660256 0 -0.2588194 0.9659258 0 4.12017e-6 1 0 -8.91089e-6 1 -2.50448e-6 -0.258821 0.9659253 0 8.86619e-6 1 -2.25704e-5 -3.79235e-6 1 0 0.2588196 0.9659257 0 0.2588195 0.9659257 0 0.5000013 0.8660247 0 0.7070997 0.7071138 0 0.7071008 0.7071128 -2.50448e-6 0.5000025 0.8660241 0 0.7071137 0.7070999 0 0.7071146 0.707099 0 0.8660255 0.4999999 0 0.8660243 0.500002 0 0.9659256 0.2588199 0 1 -4.5523e-6 0 1 9.34303e-6 0 0.9659257 0.2588196 0 1 -9.45479e-6 0 1 5.23776e-6 0 0.9659256 -0.2588198 0 0.9659255 -0.2588202 0 0.8660254 -0.5000002 0 0.7071146 -0.707099 0 0.7071155 -0.7070981 0 0.8660251 -0.5000006 0 0.707099 -0.7071146 0 0.7071 -0.7071136 0 0.5000018 -0.8660245 0 0.4999995 -0.8660256 0 0.2588194 -0.9659258 0 -4.12017e-6 -1 0 8.91089e-6 -1 -2.50448e-6 0.258821 -0.9659253 0 -8.86619e-6 -1 -2.25704e-5 3.79235e-6 -1 0 -0.2588196 -0.9659257 0 -0.2588195 -0.9659257 0 -0.5000013 -0.8660247 0 -0.7070997 -0.7071138 0 -0.7071008 -0.7071128 -2.50448e-6 -0.5000025 -0.8660241 0 -0.7071137 -0.7070999 0 -0.7071146 -0.707099 0 -0.8660255 -0.4999999 0 -0.8660243 -0.500002 0 -0.9659256 -0.2588199 0 -1 4.5523e-6 0 -1 -9.34303e-6 0 -0.9659257 -0.2588196 0 -1.26274e-6 0 1 -2.52546e-6 0 1 2.00213e-7 0 1 -1.24756e-6 0 1 3.16942e-6 0 1 5.36187e-7 0 1 2.23345e-6 0 1 1.34276e-6 0 1 1.72556e-7 0 1 -5.6055e-7 0 1 -1.37585e-6 0 1 2.80273e-7 0 1 0 0 1 -4.02134e-7 0 1 -1.5395e-6 0 1 1.53949e-6 0 1 4.02137e-7 0 1 0 0 1 -2.80273e-7 0 1 1.37585e-6 0 1 -1.24756e-6 0 1 -1.20787e-6 0 1 -3.61108e-6 0 1 -1.30693e-6 0 1 2.34779e-6 0 1 -2.17392e-6 0 1 2.86899e-6 0 1 -6.97961e-7 0 1 1.26274e-6 0 1 2.52546e-6 0 1 -2.00213e-7 0 1 1.24756e-6 0 1 -3.16942e-6 0 1 -5.36187e-7 0 1 -2.23345e-6 0 1 -1.34276e-6 0 1 -1.72556e-7 0 1 5.6055e-7 0 1 0 0 1 4.02134e-7 0 1 1.5395e-6 0 1 -1.53949e-6 0 1 -4.02137e-7 0 1 0 0 1 1.24756e-6 0 1 1.20787e-6 0 1 3.61108e-6 0 1 1.30693e-6 0 1 -2.34779e-6 0 1 2.17392e-6 0 1 -2.86899e-6 0 1 6.97961e-7 0 1 -8.13417e-6 -0.294761 -0.9555711 8.31392e-6 -0.1490401 -0.9888312 -8.56072e-6 6.3207e-7 -1 8.28225e-6 0.1490399 -0.9888312 -8.18726e-6 0.2947598 -0.9555714 7.93394e-6 0.4338803 -0.9009706 -8.78423e-6 0.5633195 -0.8262393 7.59028e-6 0.6801722 -0.7330524 -8.41916e-6 0.7818312 -0.6234903 7.73743e-6 0.8660267 -0.4999978 -8.64826e-6 0.9308739 -0.3653408 8.04849e-6 0.9749283 -0.2225194 -8.30553e-6 0.9972039 -0.07473003 8.18912e-6 0.9972038 0.07473033 -8.20495e-6 0.9749282 0.2225197 8.28784e-6 0.9308739 0.3653408 -7.97212e-6 0.8660263 0.4999984 7.73836e-6 0.7818312 0.6234904 -8.4145e-6 0.6801726 0.733052 8.12579e-6 0.5633192 0.8262395 -8.55327e-6 0.43388 0.9009706 7.42078e-6 0.2947606 0.9555711 -8.83732e-6 0.1490406 0.9888311 7.73184e-6 4.92706e-7 1 -8.86619e-6 -0.1490395 0.9888313 7.36862e-6 -0.2947604 0.9555712 -8.55234e-6 -0.4338802 0.9009707 8.52812e-6 -0.5633192 0.8262394 -7.86409e-6 -0.6801726 0.733052 8.34931e-6 -0.7818307 0.6234909 -7.72439e-6 -0.8660265 0.4999983 8.51415e-6 -0.9308739 0.3653408 -7.86874e-6 -0.9749283 0.2225192 8.38283e-6 -0.9972038 0.07473039 -8.49925e-6 -0.9972039 -0.07473009 7.71321e-6 -0.9749282 -0.2225201 -8.97236e-6 -0.9308733 -0.365342 7.40401e-6 -0.8660266 -0.4999979 -9.02824e-6 -0.7818308 -0.6234908 7.12555e-6 -0.6801722 -0.7330524 -9.08505e-6 -0.5633195 -0.8262393 7.93394e-6 -0.4338803 -0.9009706 8.18726e-6 0.2947608 -0.9555711 -8.28225e-6 0.1490398 -0.9888312 8.56165e-6 6.69203e-7 -1 -8.31392e-6 -0.1490401 -0.9888312 8.1351e-6 -0.2947599 -0.9555714 -7.93394e-6 -0.4338802 -0.9009706 9.08505e-6 -0.5633195 -0.8262393 -7.12741e-6 -0.680172 -0.7330525 9.02917e-6 -0.7818309 -0.6234907 -7.40308e-6 -0.8660267 -0.499998 8.97236e-6 -0.9308738 -0.365341 -7.71414e-6 -0.9749282 -0.2225201 8.50018e-6 -0.9972038 -0.07473003 -8.38377e-6 -0.9972039 0.07473033 7.86874e-6 -0.9749284 0.222519 -8.51415e-6 -0.9308739 0.365341 7.72439e-6 -0.8660264 0.4999983 -8.35024e-6 -0.7818307 0.6234909 7.86316e-6 -0.6801726 0.7330521 -8.52719e-6 -0.563319 0.8262396 8.55327e-6 -0.43388 0.9009708 -7.36862e-6 -0.2947607 0.9555711 8.86526e-6 -0.1490408 0.9888311 -7.7337e-6 -6.26627e-7 1 8.83639e-6 0.1490407 0.9888311 -7.42171e-6 0.2947604 0.9555712 8.55327e-6 0.4338802 0.9009707 -8.123e-6 0.563319 0.8262395 8.41636e-6 0.6801726 0.733052 -7.73743e-6 0.7818311 0.6234905 7.97212e-6 0.8660264 0.4999985 -8.28784e-6 0.9308738 0.3653409 8.20588e-6 0.9749282 0.2225196 -8.18726e-6 0.9972038 0.07473063 8.3074e-6 0.9972038 -0.07473033 -8.04756e-6 0.9749283 -0.2225192 8.64826e-6 0.9308739 -0.3653407 -7.7365e-6 0.8660266 -0.4999982 8.52067e-6 0.7818312 -0.6234902 -7.49715e-6 0.6801722 -0.7330525 8.88575e-6 0.5633194 -0.8262394 -7.93208e-6 0.4338803 -0.9009706 1 7.20061e-7 0 1 2.67391e-7 0 1 6.79055e-7 0 1 -5.80534e-7 0 1 -3.74298e-7 0 1 3.90189e-7 0 1 1.45839e-7 0 1 -1.73399e-7 0 1 1.49149e-5 0 1 -4.06896e-6 0 1 -5.39235e-7 0 1 2.88014e-6 0 -1 -6.95133e-7 0 -1 -1.21597e-7 0 -1 2.11148e-7 0 -1 0 0 -1 1.80009e-6 0 -1 -5.39235e-7 0 -1 -4.46137e-6 0 -1 7.45743e-6 0 -1 -1.73399e-7 0 -1 4.65077e-7 0 -1 7.80378e-7 0 -1 -3.74298e-7 0 -0.3897258 2.01665e-4 -0.9209309 -0.7176604 1.83694e-5 -0.6963933 -0.1930342 -0.2055984 -0.9594097 -0.5844575 -0.2637257 -0.7673711 -0.3972612 -0.5032655 -0.7674031 -0.1736153 -0.6963177 -0.696419 -0.09410369 -0.378187 -0.9209339 -0.02013903 -0.02150189 -0.999566 -1.43357e-5 -1.01479e-5 -1 -0.926807 -6.39521e-5 -0.3755383 -1 -5.55571e-5 1.38879e-5 -0.8578815 -0.2684531 -0.4381464 -0.8936554 -0.3173969 -0.3172372 -0.5970684 -0.5673193 -0.5671491 -0.6186748 -0.4999912 -0.6060119 -0.1736792 -0.6963669 -0.6963539 -0.1736635 -0.6963504 -0.6963743 -0.5356774 -0.4752417 -0.6979936 -0.7469763 -0.2504141 -0.6158891 -1 -2.45813e-5 -1.68458e-5 -0.8936707 -0.3172999 -0.3172907 -0.5971139 -0.5672259 -0.5671947 -0.1736814 -0.6963726 -0.6963476 -1 -3.22275e-5 -6.90669e-6 -1 -4.49792e-5 -1.87308e-5 -0.9619874 -0.2514731 -0.1064969 -0.8936611 -0.4486743 -0.007829368 -0.6750782 -0.6793685 -0.2876245 -0.5970903 -0.8020535 -0.01391279 -0.1853172 -0.9462329 -0.2651433 -0.1736864 -0.9846513 -0.01717042 -0.1853951 -0.8479948 -0.4965215 -1 -2.09473e-5 -1.9066e-5 -1 -2.05263e-5 5.18095e-6 -0.8936308 -0.4487344 -0.007848739 -0.5971586 -0.8020011 -0.01400125 -0.1736842 -0.9846511 -0.01720476 -1 1.73301e-5 -3.30784e-5 -0.8936288 0.1161418 -0.4335193 -1 -1.08723e-5 -2.00719e-5 -0.7660282 0.0515356 -0.6407378 -1 -7.8989e-6 -5.11408e-5 -0.7660481 -0.06495517 -0.6394929 -1 -1.19321e-5 -3.50326e-5 -0.7660481 -0.1793292 -0.6172613 -1 -1.69501e-5 -2.86996e-5 -0.7660475 -0.2878084 -0.5747501 -1 -3.18289e-5 -3.78788e-5 -0.766046 -0.386837 -0.5133526 -1 -3.82438e-5 -3.33488e-5 -0.766047 -0.4731463 -0.4350914 -1 -4.448e-5 -2.5019e-5 -0.766047 -0.5439193 -0.3425258 -1 -2.97129e-5 -9.93162e-6 -0.7660478 -0.5968168 -0.2387058 -1 -3.02196e-5 9.52929e-6 -0.7660421 -0.63011 -0.1270479 -0.1736745 -0.9653748 -0.1946501 -0.5971556 0.2075917 -0.7747973 -0.1736841 0.07897615 -0.9816296 -0.1736812 -0.09951776 -0.9797607 -0.1736808 -0.2747483 -0.9457 -0.1736806 -0.4409518 -0.8805662 -0.1736779 -0.5926666 -0.7865002 -0.1736786 -0.7249082 -0.6665911 -0.17368 -0.8333314 -0.52478 -0.1736801 -0.9143739 -0.3657261 -0.1736955 0.2548707 -0.951247 -1 3.29316e-6 -3.38405e-5 -0.893673 0.1160969 -0.43344 -0.5971138 0.2076025 -0.7748268 -0.1736856 0.2548785 -0.9512467 -1 4.47687e-6 -8.44896e-6 -1 -4.28357e-5 -1.81645e-5 -0.9804149 -0.04244518 -0.1923151 -0.9591318 -0.129824 -0.2514197 -0.8282746 -0.1207857 -0.547149 -0.8397672 -0.2489676 -0.4825001 -0.6517288 -0.3480458 -0.6738796 -0.4523244 -0.05109953 -0.8903884 -0.7581533 0.0280717 -0.6514719 -0.9720976 0.01008039 -0.2343604 -0.9239344 -0.3825511 2.67265e-4 -0.7869336 -0.6037693 -0.1272726 -0.7352003 -0.5712885 -0.3648424 -0.7071189 -0.7070947 -1.0821e-5 -0.7071192 -0.7070944 -4.88162e-5 -0.8660241 -0.5000022 -2.09007e-5 -0.965924 -0.2588258 -1.27554e-5 -1 -4.30415e-5 -1.79131e-5 -1 -1.73525e-7 0 -1 0 0 -1 2.44012e-7 0 -1 4.35752e-7 0 -1 -5.41806e-5 -2.45422e-5 -1 5.41506e-7 0 -1 0 0 -1 5.14239e-7 0 -1 -1.75089e-5 -8.75443e-6 -1 0 0 -1 0 0 -1 0 0 -1 0 0 -1 -3.61913e-7 0 -1 -3.0916e-7 0 -1 1.79358e-7 0 -1 1.71843e-7 0 -1 5.13217e-7 0 -1 1.85336e-7 0 -0.8660276 -4.86523e-6 -0.4999963 -0.4999988 -7.80076e-6 -0.8660261 -1.48702e-5 -1.48788e-5 -1 -0.09410601 0.3781821 -0.9209356 -0.1736143 0.6963433 -0.6963937 -0.2461974 0.1375563 -0.9594088 -0.3972854 0.5032832 -0.7673789 -0.5844356 0.2637066 -0.7673942 -0.7176628 -1.03414e-5 -0.6963908 -0.3897358 -2.00918e-4 -0.9209267 -0.02573627 0.01433658 -0.999566 -2.83122e-6 4.15021e-7 -1 -0.173681 0.6963505 -0.6963698 -0.1736552 0.6963559 -0.6963709 -0.408859 0.617379 -0.6720697 -0.5970913 0.5672741 -0.5671703 -0.7900439 0.3515255 -0.5022554 -0.8936595 0.317463 -0.3171592 -1 7.79722e-5 3.13222e-5 -0.9268157 7.37235e-5 -0.3755168 -0.6840836 0.3293955 -0.6507906 -0.3629448 0.599423 -0.7134166 -0.1736935 0.6963684 -0.6963488 -0.5970888 0.5672246 -0.5672224 -0.8936677 0.317323 -0.3172761 -1 1.9528e-5 -2.12938e-5 -0.1736999 0.9846489 -0.01717388 -0.5971115 0.802037 -0.01394969 -0.1853034 0.9462401 -0.2651271 -0.6750784 0.6793687 -0.2876236 -0.1853632 0.8480133 -0.4965016 -0.8936709 0.4486554 -0.007792055 -0.9619926 0.2514573 -0.1064874 -1 4.59375e-6 6.35162e-6 -1 3.82811e-5 -1.72555e-5 -1 1.80406e-5 -1.80118e-6 -0.1736714 0.9846535 -0.01719975 -0.5971596 0.8020002 -0.01401335 -0.8936304 0.4487351 -0.007843911 -1 1.72481e-5 -1.48173e-5 -0.1736831 -0.2548776 -0.9512475 -0.5971566 -0.2075808 -0.7747995 -0.1736721 -0.07896596 -0.9816325 -0.7660427 -0.05155277 -0.6407191 -0.1736808 0.09952282 -0.9797603 -0.766048 0.06495791 -0.6394928 -0.1736811 0.2747532 -0.9456986 -0.7660485 0.1793316 -0.61726 -0.1736789 0.4409567 -0.8805641 -0.7660461 0.2878137 -0.5747493 -0.1736807 0.5926707 -0.7864964 -0.7660482 0.3868363 -0.5133495 -0.1736808 0.7249119 -0.6665867 -0.7660477 0.4731515 -0.4350844 -0.1736797 0.8333341 -0.524776 -0.7660473 0.5439197 -0.3425245 -0.1736795 0.914376 -0.3657212 -0.7660464 0.5968173 -0.2387089 -0.1736838 0.9653717 -0.1946572 -0.7660495 0.6301026 -0.1270395 -1 1.50502e-5 -1.28001e-5 -0.8936284 -0.1161457 -0.4335187 -1 -1.69096e-5 -5.35099e-5 -1 4.04567e-6 -3.59267e-5 -1 8.82521e-6 -3.17544e-5 -1 1.17645e-5 -2.52128e-5 -1 1.70171e-5 -2.487e-5 -1 3.23206e-5 -2.9631e-5 -1 1.69873e-5 -1.11163e-5 -1 5.43594e-5 -2.20314e-5 -1 -5.24148e-6 -4.09707e-5 -0.1736638 -0.2548633 -0.9512548 -0.5970976 -0.207596 -0.774841 -0.8936588 -0.1161358 -0.4334588 -1 1.40816e-6 -9.22382e-6 -0.4523237 0.05110579 -0.8903884 -0.6517347 0.3480635 -0.6738649 -0.8282697 0.1207816 -0.5471575 -0.8397709 0.2490593 -0.4824464 -0.9591364 0.1297583 -0.2514364 -0.9804114 0.04245567 -0.1923301 -1 2.68398e-5 -1.1567e-5 -1 -1.68011e-6 -4.57093e-6 -0.9720965 -0.01008254 -0.2343647 -0.758161 -0.02808582 -0.6514625 -0.9239506 0.3825117 3.45029e-4 -0.8216003 0.5340638 -0.1993718 -0.7352285 0.571261 -0.3648287 -0.7196761 0.6940821 -0.01778811 -0.7071185 0.7070951 -1.15951e-5 -0.7070776 0.707136 -4.54038e-5 -0.7162552 0.4948164 -0.4920724 -0.5195415 0.1399958 -0.8428986 -0.1736633 -0.2548837 -0.9512495 -0.1736644 -0.254885 -0.9512488 -0.1736623 -0.254883 -0.9512498 -0.1737125 -0.2548813 -0.951241 -0.1737829 -0.2548164 -0.9512456 -0.1736673 -0.07896947 -0.9816331 -0.1736894 0.09953558 -0.9797575 -0.173691 0.2747439 -0.9456994 -0.1736683 0.4409635 -0.8805626 -0.1736972 0.592674 -0.7864903 -0.1737079 0.7248956 -0.6665973 -0.1736893 0.833329 -0.524781 -0.1736779 0.9143659 -0.3657472 -0.1737114 0.9653705 -0.1946391 -0.173705 0.9846477 -0.01719421 -0.1736987 0.9846484 -0.01721292 -0.185298 0.9462464 -0.2651085 -0.1853706 0.8480564 -0.4964253 -0.1736642 0.6963676 -0.696357 -0.1736782 0.6963503 -0.6963707 -0.1230862 0.4935646 -0.8609552 -0.06382936 0.2558346 -0.9646111 -2.53916e-5 2.5101e-5 -1 -0.8660266 -0.4951294 -0.06960529 -0.5000042 -0.8575916 -0.1205509 -0.5007449 -0.8640883 -0.05104994 -0.2593974 -0.9607256 -0.09858685 -7.91485e-6 -0.9902667 -0.1391831 -0.8660261 -0.4951297 -0.06961077 -0.4999967 -0.8575989 -0.1205301 -3.1203e-5 -0.9902669 -0.1391823 -0.7071148 -0.7070989 6.60867e-6 -0.5007677 -0.8640775 -0.0510084 -0.5555776 -0.8314647 1.33347e-5 -0.224875 -0.9705308 -0.08661037 -0.3826835 -0.9238795 1.80826e-5 -0.1492699 -0.9851428 -0.08492434 -0.1950946 -0.9807844 -8.80565e-7 -0.06686758 -0.9942259 -0.08392584 -0.09801572 -0.995185 4.88386e-6 1.28055e-5 -0.9989172 -0.04652535 1.85785e-5 -1 7.10273e-6 -0.259428 -0.9607172 -0.09858846 -3.0905e-5 -0.9902687 -0.139169 9.68575e-7 -0.9902685 -0.1391704 -1.19358e-5 -0.9902688 -0.1391678 -1.57971e-5 -0.9902694 -0.1391639 -5.85802e-6 -0.9902709 -0.1391534 1.79354e-5 -0.9956703 -0.09295535 -5.9302e-7 -0.9902692 -0.1391651 -0.7163863 -0.4946792 -0.4920194 -0.5196107 -0.1399164 -0.842869 -0.1736587 0.2548823 -0.9512506 -0.7071174 -0.7070961 -1.86414e-5 -1 6.68168e-5 -1.41934e-5 -0.8936667 0.1162455 -0.433413 -0.9659273 -0.2588137 5.70044e-5 -0.8817356 -0.2216335 -0.4164386 -0.8659759 -0.5000858 -6.05881e-5 -0.6620015 -0.01645368 -0.749322 -0.5971066 0.2076694 -0.7748143 -0.1737881 0.254856 -0.9512341 -0.1736634 0.2548831 -0.9512496 -0.1736839 0.2548566 -0.9512529 -1 2.78652e-6 -2.2009e-5 -0.8936271 0.1161817 -0.4335119 -0.5971614 0.207601 -0.7747904 -0.1736983 0.2548702 -0.9512467 -1 -4.84051e-5 -5.87013e-6 -0.8936355 -0.4487249 -0.007842302 -1 -2.36928e-5 -2.28435e-5 -0.7660497 -0.6321124 -0.1166276 -1 -2.77758e-5 -1.65887e-5 -0.7660438 -0.6043709 -0.2188902 -1 -1.92076e-5 -1.79932e-5 -0.766035 -0.5602155 -0.3151971 -1 -2.49296e-5 -2.79024e-5 -0.7660612 -0.500809 -0.4029154 -1 -2.8193e-5 -3.99426e-5 -0.7660582 -0.4278202 -0.4797132 -1 -2.6457e-5 -5.37634e-5 -0.766054 -0.3432104 -0.5434775 -1 -8.9407e-7 -1.72406e-5 -0.766048 -0.2492786 -0.5924785 -1 -3.31923e-6 -3.65674e-5 -0.7660496 -0.1485649 -0.6253772 -1 2.57976e-6 -5.06788e-5 -0.7660581 -0.04380971 -0.6412768 -1 9.8208e-6 -1.25319e-5 -0.7660353 0.06210905 -0.6397908 -0.1736646 0.0789799 -0.9816327 -0.5971625 -0.801998 -0.01401722 -0.1736671 -0.965381 -0.194626 -0.1736902 -0.9143685 -0.365735 -0.1736914 -0.8333296 -0.5247791 -0.1736674 -0.7249053 -0.6665973 -0.1736967 -0.5926631 -0.7864985 -0.1737082 -0.4409739 -0.8805496 -0.1736909 -0.2747556 -0.945696 -0.1736766 -0.09954088 -0.9797592 -0.1736713 -0.9846539 -0.01718062 -1 -2.03103e-5 2.84053e-6 -0.8936305 -0.4487349 -0.007842957 -0.5982542 -0.801182 -0.01411879 -0.1736631 -0.9846551 -0.0171926 -1 -2.67029e-5 -4.59477e-5 -0.8936352 -0.3173548 -0.317336 -0.893629 -0.3173279 -0.3173802 -0.5971609 -0.567151 -0.5672201 -0.1736901 -0.6963426 -0.6963755 -0.1737015 -0.696366 -0.6963492 -0.5971429 -0.5672128 -0.5671772 -0.7099238 -0.5956971 -0.3757037 -0.1853955 -0.9462067 -0.2651817 -0.1853924 -0.8480465 -0.4964341 -3.17544e-5 -2.00514e-5 -1 -0.5000083 2.46167e-5 -0.8660207 -0.5000088 -1.29715e-5 -0.8660205 -0.8660226 5.02318e-5 -0.5000049 -0.8660197 -2.83131e-6 -0.5000101 -1 2.4043e-5 -4.55757e-5 -0.3939983 -0.3078272 -0.86603 -0.0638293 -0.2558341 -0.9646112 -0.1230862 -0.4935679 -0.8609532 -1 4.52697e-5 -3.42131e-5 -0.8936311 0.3173481 -0.3173543 -0.8936337 0.3173435 -0.3173514 -0.5971447 0.5672035 -0.5671846 -0.5971738 0.5671509 -0.5672067 -0.394037 0.3078172 -0.866016 -1 4.39435e-5 -1.08713e-5 -0.8936339 0.4487287 -0.007823348 -0.8936367 0.4487225 -0.007855713 -0.5971608 0.8019995 -0.01399785 -0.5971567 0.8020021 -0.01402598 -1 -4.83356e-7 -1.73745e-5 -0.8936317 -0.1161561 -0.4335092 -1 1.17589e-5 -5.95599e-5 -0.7660478 -0.06212788 -0.639774 -1 8.64943e-6 -3.84748e-5 -0.7660416 0.0438205 -0.6412956 -1 1.51917e-5 -3.79831e-5 -0.7660354 0.1485742 -0.6253922 -1 2.40281e-5 -4.31091e-5 -0.7660631 0.2492681 -0.5924633 -1 3.18065e-5 -4.03523e-5 -0.7660576 0.3432075 -0.5434743 -1 1.85296e-5 -1.24127e-5 -0.7660543 0.4278224 -0.4797177 -1 3.02419e-5 -1.59591e-5 -0.7660474 0.5008203 -0.4029275 -1 3.22908e-5 -1.15111e-5 -0.7660503 0.5602025 -0.3151826 -1 3.58522e-5 -6.98119e-6 -0.7660592 0.6043576 -0.2188726 -1 5.78612e-5 -3.12924e-7 -0.7660355 0.6321254 -0.11665 -0.5971616 -0.2075857 -0.7747943 -1 1.54171e-5 -4.37424e-5 -0.8936704 -0.116123 -0.4334383 -0.5971174 -0.2075845 -0.7748288 -0.8660162 0.500016 1.60858e-5 -0.9163632 0.2829008 -0.2832767 -0.965951 0.2587251 -5.69224e-6 -0.6617952 0.01699638 -0.7494921 -0.7099229 0.595697 -0.3757055 -5.07832e-5 -0.7071 -0.7071136 -2.70456e-5 -0.7071194 -0.7070943 -0.4999952 -0.6123653 -0.6123836 -0.499998 -0.6123814 -0.6123652 -0.8660344 -0.3535143 -0.3535707 -0.8660305 -0.3535506 -0.3535439 -0.8003475 -0.4615018 -0.3827011 -0.4637283 -0.7990705 -0.3826782 -3.98792e-5 -0.9376898 -0.3474737 -5.06565e-5 -0.8418161 -0.5397646 -0.7500047 -0.4330143 -0.4999915 -0.4330244 -0.2499944 -0.8660212 -0.2499985 -0.4330064 -0.866029 -5.13978e-5 -0.2588106 -0.9659281 -2.5454e-5 -0.5000051 -0.8660225 -0.7071221 0.7070916 -2.26498e-5 -0.7070981 0.7071155 -4.76986e-5 -0.7070956 0.707118 0 -0.7071144 0.7070992 0 -0.8660238 0.5000028 0 -0.9659252 0.2588213 0 -1 9.6336e-6 -2.88397e-5 -1 -1.58459e-6 0 -1 -6.83183e-7 0 -1 5.55956e-7 0 -1 2.5691e-7 0 -1 -1.35989e-7 0 -1 0 0 -1 -1.31279e-5 0 -1 0 0 -1 0 0 -1 -3.00439e-7 0 -1 -3.29966e-7 0 -1 -5.84561e-7 0 -0.9659253 -0.2588211 0 -0.866024 -0.5000025 0 -0.7071227 -0.707091 -2.25652e-5 -0.707096 -0.7071173 6.03092e-4 -0.5000026 -0.866024 4.53491e-5 -0.2588189 -0.9659259 1.57289e-5 -3.49165e-5 -1 2.55648e-6 -7.08923e-6 -1 1.47894e-6 -5.29736e-6 -0.9989172 -0.04652559 1.64667e-5 -0.9956713 -0.09294545 1.70665e-7 -0.990269 -0.1391667 2.91058e-5 -0.9902698 -0.1391608 3.89516e-5 -0.9902696 -0.1391627 4.73112e-6 -0.9902703 -0.1391575 2.563e-5 -0.9902672 -0.1391797 0 -0.9902693 -0.1391651 1.84998e-5 -0.9902703 -0.1391577 -5.74905e-6 -0.9902678 -0.1391755 4.03821e-5 -0.937689 -0.3474757 5.09024e-5 -0.8418246 -0.5397512 2.64794e-5 -0.707118 -0.7070956 3.18605e-6 -0.7070959 -0.7071177 2.71723e-5 -0.5000001 -0.8660254 2.32941e-5 -1.8768e-5 -1 1.99527e-5 -0.2587999 -0.9659309 0.7352702 0.5712012 -0.3648386 0.6517553 0.3482931 -0.6737262 0.869699 0.4702816 -0.1498636 0.8397449 0.2495589 -0.4822335 0.9591239 0.1301871 -0.2512623 1 7.52881e-5 3.57777e-5 0.923954 0.3825036 1.91972e-4 0.7071231 0.7070906 -2.0874e-5 0.4522316 0.05107074 -0.8904372 0.1736137 -0.254923 -0.9512479 0.5905136 -0.02470183 -0.8066496 0.5971191 -0.2076603 -0.7748072 0.8917791 -0.0138086 -0.4522605 0.89371 -0.116132 -0.4333541 1 -1.64658e-6 -3.16352e-5 1 -1.6598e-5 -3.74243e-5 0.9206274 0.07666623 -0.3828415 0.6951191 0.1411803 -0.7048955 0.1737027 -0.2548835 -0.9512422 0.5971581 -0.2075903 -0.7747959 0.893629 -0.1161406 -0.4335189 1 4.98816e-6 -3.95626e-5 0.1736668 0.9846541 -0.01721328 0.5971579 0.8020014 -0.01400911 0.1736751 0.9653775 -0.1946362 0.766042 0.6301099 -0.127048 0.1736798 0.9143741 -0.365726 0.7660477 0.5968154 -0.2387098 0.1736801 0.8333317 -0.5247796 0.7660203 0.5439469 -0.3425416 0.1736801 0.7249079 -0.6665911 0.7660478 0.4731503 -0.4350857 0.1736793 0.5926668 -0.7864996 0.7660468 0.3868376 -0.5133507 0.1736799 0.4409526 -0.8805658 0.7660481 0.2878123 -0.5747473 0.1736817 0.2747483 -0.9456998 0.7660473 0.1793303 -0.6172618 0.1736813 0.09951764 -0.9797608 0.7660481 0.06495696 -0.6394929 0.1736838 -0.07897526 -0.9816297 0.766028 -0.05153524 -0.640738 1 6.1458e-6 -4.86076e-5 0.8936303 0.4487353 -0.007848203 1 3.92706e-5 5.86454e-6 1 5.27799e-5 -2.18451e-5 1 1.75983e-5 -1.13398e-5 1 3.17395e-5 -2.94968e-5 1 1.8388e-5 -2.53171e-5 1 1.13323e-5 -2.4274e-5 1 8.64267e-6 -3.28422e-5 1 4.12948e-6 -3.47346e-5 1 4.99114e-5 -7.30064e-6 0.1736738 0.984653 -0.01720595 0.5970887 0.8020531 -0.01400077 0.8936617 0.4486732 -0.007828116 1 1.83955e-5 0 0.1737009 0.6963484 -0.696367 0.5971103 0.5671839 -0.5672405 0.1853039 0.8480304 -0.4964947 0.6750791 0.678826 -0.2889009 0.1853628 0.9462332 -0.26511 0.8936717 0.3172669 -0.3173213 0.9619933 0.251273 -0.106915 1 3.85158e-5 -2.30689e-5 1 1.78814e-5 1.10082e-6 1 2.04444e-5 -1.54935e-5 0.1736903 0.6963603 -0.6963577 0.5970848 0.5672107 -0.5672405 0.8936554 0.3173003 -0.3173338 1 3.38554e-5 -1.53184e-5 0.1736556 0.6963483 -0.6963784 0.3974497 0.5035567 -0.7671144 0.1736667 0.6963635 -0.6963604 0.5044017 0.4685503 -0.7252859 0.6001765 0.4934037 -0.6295562 0.7013974 0.2451981 -0.669268 0.8347807 0.2637996 -0.4832714 0.9267633 8.64789e-5 -0.3756459 0.5848148 0.2640659 -0.7669817 0.7178657 3.10093e-5 -0.6961818 0.3898552 -3.30765e-4 -0.9208761 0.2010365 0.2140627 -0.9559088 0.09405755 0.3782668 -0.9209058 0.02138692 0.02281409 -0.999511 4.2899e-6 6.37933e-6 -1 2.30633e-5 -6.30319e-6 -1 0.06382745 0.2558301 -0.9646124 0.1230867 0.4935752 -0.8609491 0.173687 0.6963406 -0.6963783 0.1736969 0.6963753 -0.6963412 0.1853935 0.8480436 -0.4964386 0.1853957 0.9462026 -0.2651961 0.1736683 0.9846541 -0.01719486 0.1736655 0.9846548 -0.01718771 0.173667 0.9653801 -0.194631 0.1736901 0.9143676 -0.3657374 0.1736916 0.8333352 -0.5247702 0.173668 0.7249056 -0.6665968 0.1736971 0.5926589 -0.7865017 0.1737077 0.4409667 -0.8805533 0.1736889 0.2747555 -0.9456964 0.1736774 0.09951156 -0.979762 0.173711 -0.0789926 -0.9816235 0.1737011 -0.2548778 -0.9512441 0.173657 -0.2548749 -0.9512529 0.1736634 -0.2548739 -0.951252 0.1736927 -0.2548654 -0.951249 0.1737681 -0.2548489 -0.9512397 0.5196098 0.1399194 -0.8428692 0.7163875 0.4946794 -0.4920176 0.7071226 0.707091 3.51388e-6 4.89205e-5 3.68816e-6 -1 3.41237e-5 4.74975e-6 -1 0.5000017 3.43919e-5 -0.8660246 0.500006 1.91182e-5 -0.8660221 0.8660272 1.78255e-5 -0.499997 0.866024 3.61949e-5 -0.5000026 1 1.32699e-5 -1.52122e-5 1 5.19293e-6 -4.48972e-5 1 1.48416e-5 -3.98047e-6 1 1.38059e-5 -8.9854e-6 0.866037 0.4722654 -0.1641504 0.866029 0.498089 -0.043603 0.5000014 0.8627287 -0.07548522 0.500027 0.8180114 -0.284307 4.5687e-5 0.9961929 -0.08717709 2.52314e-5 0.9271883 -0.3745957 0.5000205 0.723546 -0.4758791 3.78117e-5 0.7771528 -0.629312 0.5000143 0.5850748 -0.6384931 3.09944e-5 0.559184 -0.8290436 0.5000035 0.4110163 -0.7622744 2.17333e-5 0.2923849 -0.9563008 0.5000091 0.2119424 -0.8396853 0.8660423 0.1223584 -0.4847673 0.8660219 0.237304 -0.4401056 0.8660356 0.3377824 -0.3686265 0.8660437 0.4177216 -0.2747308 1 5.82635e-6 -3.39542e-5 1 3.59584e-5 -2.56523e-5 1 2.47434e-5 -1.96099e-5 1 2.83122e-7 -1.93045e-5 0.8660252 0.4980955 -0.04360693 0.4999979 0.8627282 -0.07551342 2.64123e-5 0.9961915 -0.08719253 -9.09716e-6 3.78639e-5 -1 -3.9041e-5 7.77841e-6 -1 -0.3535329 0.3535756 -0.8660249 -0.3535462 0.3535524 -0.8660289 -0.6123421 0.6123958 -0.5000086 -0.6123813 0.6123679 -0.4999947 -3.19183e-5 1 -4.51355e-5 -1.36252e-5 0.8660248 -0.5000012 -0.2588037 0.96593 -3.37362e-5 -0.3314084 0.8000953 -0.5000162 -0.499992 0.86603 -1.35005e-5 1.56253e-6 0.4999968 -0.8660273 -0.1913365 0.4619231 -0.8660354 -1.0062e-5 1.11908e-5 -1 -1.78441e-6 1.131e-5 -1 -5.31226e-6 3.90969e-5 -1 5.1345e-6 1 -1.69277e-5 2.36183e-5 0.8655787 -0.5007729 3.0172e-7 0.5000034 -0.8660236 2.58892e-7 4.17083e-5 -1 0.7070972 0.7071164 -6.11518e-6 0.6123483 0.6123921 -0.5000056 0.5000108 0.8660193 -3.76254e-5 0.3314081 0.8000964 -0.5000146 0.2588247 0.9659243 -8.43406e-6 0.3535546 0.3535388 -0.8660309 0.191333 0.4619266 -0.8660343 6.85453e-6 3.92161e-5 -1 1.52662e-5 1.13994e-6 -1 1.18855e-5 1.16453e-5 -1 0.707117 0.7070966 -3.12142e-5 0.6123719 0.6123742 -0.4999986 0.3535585 0.3535465 -0.8660262 -0.8660243 1.26648e-5 -0.500002 -0.5000069 4.1937e-5 -0.8660215 -3.43621e-5 2.90684e-5 -1 -1 3.82923e-5 -1.64956e-5 -4.74304e-5 0.9961916 -0.08719152 -2.82079e-5 0.9961921 -0.08718562 -0.5000004 0.8627269 -0.07551062 -0.5000002 0.8627267 -0.07551473 -0.8660256 0.4980958 -0.04359406 -0.8660274 0.4980913 -0.04360944 -1 2.54152e-5 -1.66614e-5 -1 8.9407e-6 -3.30806e-5 -1 7.55861e-6 -1.09822e-5 -0.8660365 0.1223629 -0.4847765 -0.86603 2.66884e-5 -0.4999921 -0.5000032 7.71321e-6 -0.8660237 -0.4999898 0.2119573 -0.839693 -4.63426e-5 2.21208e-5 -1 -2.66638e-5 0.2923593 -0.9563086 -0.4999788 0.411031 -0.7622826 -3.52412e-5 0.5591838 -0.8290438 -0.5000146 0.5850734 -0.6384939 -3.35649e-5 0.7771534 -0.6293112 -0.5000051 0.7235492 -0.4758903 -2.04593e-5 0.9271785 -0.3746202 -0.5000094 0.8180172 -0.2843215 -0.8660432 0.4722562 -0.1641449 -0.8660468 0.4177189 -0.2747255 -0.8660359 0.3377835 -0.3686248 -0.8660185 0.237308 -0.4401101 -1 1.51731e-5 -9.20147e-7 -1 1.46255e-5 -3.25209e-5 -1 2.23666e-5 -3.49358e-5 -1 4.31901e-6 -1.21742e-5 -0.8660243 7.0855e-6 -0.5000022 -0.5000038 2.83085e-5 -0.8660232 -0.7505067 0.43216 -0.4999774 -0.4331656 0.2497675 -0.8660161 -0.250251 0.4328652 -0.8660268 -0.4339105 0.7495093 -0.4999576 -2.37893e-6 0.8354928 -0.5495014 6.36105e-6 0.474605 -0.8801989 -0.4619517 0.1913453 -0.8660183 -0.8001366 0.3314266 -0.4999378 -0.9659256 0.2588198 -3.25204e-5 -0.8660249 0.5000011 -3.85116e-5 0.4619494 0.1913495 -0.8660186 0.8001345 0.3314316 -0.4999379 0.8660247 0.5000013 -3.85973e-5 0.9659256 0.2588197 -3.30554e-5 0.5000069 4.19673e-5 -0.8660215 0.8660243 1.26579e-5 -0.500002 4.59552e-5 3.95784e-5 -1 0.7505068 0.4321604 -0.4999771 0.4338781 0.7494989 -0.5000012 4.98593e-5 0.8354868 -0.5495106 0.2502489 0.4328668 -0.8660265 3.8527e-5 0.4746026 -0.8802002 0.4331658 0.2497676 -0.8660159 4.51317e-6 1.81794e-6 -1 -3.83072e-5 0.4746114 -0.8801954 6.47362e-6 0.8354895 -0.5495065 -1.00331e-5 0.9961937 -0.08716803 3.61679e-5 0.9961954 -0.08714765 2.43625e-5 0.9961944 -0.08716005 1.38544e-5 0.9961944 -0.08716005 9.82732e-6 0.9961923 -0.08718448 3.31402e-5 0.9961943 -0.087161 1.76579e-5 0.9961937 -0.08716732 9.36165e-6 0.996194 -0.08716428 1.82092e-5 0.9961934 -0.08717101 -3.00631e-6 0.9961943 -0.0871613 5.49108e-6 0.9961926 -0.08717995 4.5076e-5 0.9271855 -0.3746024 1.92672e-5 0.7771426 -0.6293246 2.60174e-5 0.5591893 -0.8290399 2.01575e-5 0.2923654 -0.9563068 9.66154e-6 4.4742e-6 -1 6.44848e-6 9.23127e-6 -1 5.13345e-6 -5.18933e-6 -1 -2.59839e-6 -3.42727e-7 -1 2.22586e-5 1.51806e-5 -1 -2.2985e-6 3.97488e-6 -1 1.31875e-5 7.21402e-6 -1 -2.32086e-6 1.05426e-6 -1 -7.22706e-6 -4.70411e-6 -1 -3.28571e-5 1.24583e-5 -1 2.33948e-5 7.58097e-6 -1 -1.35377e-5 7.62567e-6 -1 1.35452e-5 2.36853e-5 -1 -3.39076e-5 1.27703e-5 -1 -1.36904e-5 0.2923685 -0.9563058 -1.37016e-5 0.5591849 -0.8290431 -4.85778e-5 0.77714 -0.6293278 -8.09133e-6 0.9271822 -0.3746107 -1.47261e-5 0.9961916 -0.08719193 -2.07126e-6 0.9961943 -0.08716136 9.16049e-6 0.9961943 -0.08716106 8.6315e-6 0.9961947 -0.0871573 -8.59983e-6 0.9961914 -0.0871945 -3.2492e-5 0.9961937 -0.08716744 -2.24039e-5 0.9961935 -0.08716976 -1.07661e-5 0.996195 -0.08715307 7.17721e-5 0.9961894 -0.08721649 -1.06692e-5 0.9961932 -0.0871728 -2.19792e-7 0.996195 -0.08715236 -1.10203e-5 0.835491 -0.5495042 -1.8701e-6 0.4746001 -0.8802016 1.44858e-5 6.73276e-6 -1 -9.38773e-7 3.06303e-5 -1 -2.32868e-5 3.18214e-5 -1 1.19694e-5 1.50278e-5 -1 1.1988e-5 1.87941e-5 -1 5.8189e-6 1.74157e-5 -1 -1.25663e-5 2.86512e-5 -1 2.38139e-6 2.81911e-6 -1 -9.57586e-6 6.43358e-6 -1 4.48991e-6 -8.35955e-6 -1 1.30236e-5 -8.97795e-6 -1 0.09410601 -0.3781821 -0.9209356 0.1736143 -0.6963433 -0.6963937 0.2461974 -0.1375563 -0.9594088 0.3972854 -0.5032832 -0.7673789 0.5844356 -0.2637066 -0.7673942 0.7176508 2.04965e-5 -0.6964032 0.3897124 1.92188e-4 -0.9209367 0.02573627 -0.01433658 -0.999566 0.1736783 -0.6963516 -0.6963694 0.1736913 -0.6963483 -0.6963695 0.408859 -0.617379 -0.6720697 0.5970937 -0.5672914 -0.5671505 0.7900439 -0.3515255 -0.5022554 0.8936593 -0.3174634 -0.3171594 1 -4.66816e-5 7.55489e-6 0.9268086 -9.03159e-5 -0.3755341 0.6840836 -0.3293955 -0.6507906 0.3629448 -0.599423 -0.7134166 0.1736952 -0.6963697 -0.6963471 0.5970882 -0.5672249 -0.5672227 0.8936619 -0.317307 -0.3173088 1 -6.99609e-6 -1.00732e-5 0.1737012 -0.9846487 -0.01717251 0.5971134 -0.8020359 -0.01393318 0.1853037 -0.9462404 -0.2651258 0.6750786 -0.6793685 -0.2876237 0.1853619 -0.8480133 -0.4965023 0.893671 -0.4486553 -0.007792234 0.9619927 -0.2514569 -0.1064872 1 -8.40845e-6 4.61563e-6 1 -3.4064e-5 -1.65217e-5 1 -3.28589e-5 -5.14835e-6 0.1736757 -0.9846528 -0.01719415 0.5971596 -0.8020001 -0.01401335 0.8936324 -0.4487316 -0.007819294 1 -4.39584e-5 -1.6456e-5 0.1736883 0.2548772 -0.9512466 0.5971587 0.2075809 -0.7747979 0.1736741 0.07896637 -0.9816321 0.7660429 0.05155313 -0.6407188 0.1736811 -0.09952282 -0.9797603 0.7660477 -0.06495785 -0.6394933 0.1736816 -0.2747532 -0.9456984 0.7660483 -0.1793313 -0.6172603 0.1736794 -0.4409567 -0.8805639 0.7660468 -0.2878139 -0.5747483 0.1736784 -0.5926712 -0.7864964 0.7660464 -0.3868381 -0.513351 0.1736817 -0.7249118 -0.6665866 0.7660483 -0.4731512 -0.435084 0.1736806 -0.8333339 -0.5247759 0.7660476 -0.5439195 -0.3425244 0.1736798 -0.9143759 -0.3657215 0.7660467 -0.5968169 -0.2387091 0.1736836 -0.9653719 -0.194657 0.7660273 -0.6301235 -0.1270691 1 -3.03239e-5 -1.64174e-5 0.8936293 0.116146 -0.4335168 1 1.65147e-5 -5.4666e-5 1 -5.04591e-6 -5.09173e-5 1 -9.83104e-6 -3.59267e-5 1 -1.44392e-5 -2.9698e-5 1 -2.81185e-5 -3.92795e-5 1 -3.80725e-5 -3.50252e-5 1 -4.22746e-5 -2.70158e-5 1 -3.01749e-5 -1.24574e-5 1 -1.14739e-6 -1.13696e-5 0.1736756 0.2548945 -0.9512442 0.5970956 0.207597 -0.7748422 0.893659 0.1161357 -0.4334585 1 3.10875e-6 -4.32432e-5 0.4523221 -0.05110621 -0.8903892 0.6517364 -0.3480626 -0.6738636 0.8282698 -0.1207815 -0.5471572 0.8397709 -0.2490592 -0.4824461 0.9591362 -0.1297585 -0.2514369 0.9804114 -0.04245567 -0.1923301 1 -4.27016e-5 -1.81459e-5 1 1.53668e-6 -8.00937e-6 0.9720968 0.01008242 -0.2343637 0.7581629 0.02808547 -0.6514602 0.9239404 -0.3825362 3.32631e-4 0.8215999 -0.5340642 -0.1993715 0.7352301 -0.5712593 -0.364828 0.7196863 -0.694072 -0.01776939 0.7071097 -0.707104 -3.0864e-6 0.7070828 -0.7071308 -5.68926e-5 0.7162554 -0.4948174 -0.4920713 0.5195435 -0.1399945 -0.8428975 0.1736613 0.2548846 -0.9512495 0.1736637 0.2548849 -0.951249 0.1736633 0.2548838 -0.9512494 0.1736913 0.2548853 -0.9512439 0.1737791 0.2548208 -0.9512452 0.1736681 0.07896935 -0.981633 0.1736897 -0.0995022 -0.9797608 0.1736931 -0.2747438 -0.945699 0.1736679 -0.4409627 -0.8805631 0.1736962 -0.5926749 -0.7864899 0.1737073 -0.7248958 -0.6665974 0.1736893 -0.8333289 -0.524781 0.173678 -0.9143659 -0.3657471 0.1737107 -0.9653707 -0.1946387 0.17366 -0.9846559 -0.01717728 0.1736739 -0.984653 -0.01720499 0.1852945 -0.9462475 -0.2651071 0.185371 -0.8480556 -0.4964265 0.1736612 -0.6963649 -0.6963603 0.1736805 -0.6963491 -0.6963713 0.1230862 -0.4935646 -0.8609552 0.06382936 -0.2558346 -0.9646111 1 -7.44462e-5 7.69645e-6 0.8936667 -0.1162447 -0.4334133 0.965928 0.2588109 4.24832e-5 0.8817358 0.2216324 -0.4164385 0.8659763 0.5000851 -8.00639e-5 0.6620009 0.01645278 -0.7493225 0.5971029 -0.2076674 -0.7748177 1 -7.32019e-6 -4.28408e-5 0.8936353 -0.1161316 -0.4335082 0.5971622 -0.207601 -0.7747898 1 4.71917e-5 -5.74393e-6 0.8936306 0.4487355 -0.007815361 1 3.71039e-5 -2.46782e-5 0.7660489 0.6321134 -0.1166274 1 3.27677e-5 -1.83098e-5 0.7660439 0.6043708 -0.2188902 1 2.67923e-5 -2.22698e-5 0.766035 0.5602154 -0.3151971 1 2.10553e-5 -2.49445e-5 0.7660613 0.5008089 -0.4029152 1 1.21072e-5 -2.05785e-5 0.7660583 0.4278169 -0.4797161 1 2.16439e-5 -4.67598e-5 0.7660533 0.3432105 -0.5434786 1 1.36495e-5 -4.81606e-5 0.7660501 0.2492779 -0.592476 1 4.53368e-6 -4.20511e-5 0.7660493 0.1485646 -0.6253777 1 -4.05312e-6 -3.74615e-5 0.7660581 0.04380977 -0.6412766 1 -1.44697e-5 -5.16623e-5 0.7660348 -0.06210905 -0.6397917 0.5971619 0.8019983 -0.01401728 1 4.70877e-5 -2.09203e-5 0.8936303 0.4487354 -0.007842659 0.5962091 0.8027082 -0.01394683 1 1.7859e-5 -4.35337e-5 0.8936349 0.3173518 -0.3173399 0.8936288 0.3173289 -0.3173801 0.5971709 0.5671541 -0.5672066 0.5971424 0.5672117 -0.5671789 0.7099237 0.5956967 -0.3757044 0.5000083 -2.46167e-5 -0.8660207 0.5000088 1.29715e-5 -0.8660205 0.8660226 -5.02318e-5 -0.5000049 0.8660197 2.83131e-6 -0.5000101 1 -1.4279e-5 -1.81264e-5 0.3939983 0.3078272 -0.86603 1 -5.14612e-5 -1.67638e-5 0.8936307 -0.3173418 -0.3173615 0.8936331 -0.3173456 -0.3173511 0.59715 -0.567207 -0.5671756 0.5971564 -0.5671573 -0.5672186 0.394037 -0.3078172 -0.866016 0.8660202 -4.03657e-5 -0.5000091 0.4999971 -5.57417e-6 -0.8660271 1 -1.38383e-5 -4.43011e-5 0.4999943 -0.6123924 -0.6123571 0.500003 -0.6123689 -0.6123737 0.8660373 -0.3535433 -0.3535346 0.8660332 -0.3535233 -0.3535645 1 -1.86004e-5 1.12355e-5 1 -5.14537e-5 -1.06925e-5 0.8936325 -0.4487307 -0.007864713 0.8936372 -0.4487215 -0.007855772 0.5971588 -0.8020008 -0.01401019 0.5971558 -0.8020027 -0.01402616 1 5.8366e-6 -3.96506e-5 0.8936314 0.1161564 -0.4335097 1 -1.47708e-5 -3.32445e-5 0.7660487 0.06212782 -0.6397732 1 -9.43663e-6 -5.09322e-5 0.7660415 -0.04382044 -0.6412957 1 -1.39009e-5 -3.28273e-5 0.7660357 -0.1485744 -0.6253919 1 -1.17272e-5 -1.28001e-5 0.7660608 -0.2492693 -0.5924658 1 -3.69549e-5 -4.71175e-5 0.7660588 -0.3432074 -0.5434728 1 -3.56659e-5 -3.22014e-5 0.7660539 -0.4278224 -0.4797182 1 -3.36692e-5 -1.88351e-5 0.7660474 -0.5008204 -0.4029275 1 -2.4423e-5 -7.21961e-6 0.7660503 -0.5602026 -0.3151827 1 -3.14117e-5 -5.34952e-6 0.7660591 -0.6043577 -0.2188727 1 -5.31077e-5 2.08616e-7 0.7660357 -0.632125 -0.1166502 0.5971607 0.2075862 -0.7747949 1 -4.44334e-6 -1.27405e-5 0.8936704 0.1161223 -0.4334384 0.5971177 0.2075851 -0.7748284 0.8660163 -0.5000159 3.98904e-5 0.9163646 -0.2828977 -0.2832756 0.9659457 -0.2587449 -5.47618e-6 0.6617948 -0.01699858 -0.7494924 1 -1.38478e-5 -8.66316e-6 0.9659222 -0.2588325 -6.46412e-5 0.8660265 -0.4951293 -0.0696069 0.8660238 -0.5000028 -2.0781e-5 0.7070948 -0.7071188 -1.64807e-5 0.5000019 -0.8575941 -0.1205437 0.5007446 -0.8640887 -0.05104446 0.2594717 -0.9607043 -0.09859877 0.09801471 -0.995185 -9.2946e-7 0.05156284 -0.9951455 -0.0838263 0.1951124 -0.980781 -2.49939e-5 0.08020192 -0.9932301 -0.0840342 0.09352457 -0.9920535 -0.08416038 0.2249123 -0.9705228 -0.08660167 0.1492534 -0.9851443 -0.08493679 0.2594345 -0.9607179 -0.09856522 0.5007882 -0.864063 -0.05105388 0.7070987 -0.7071149 -1.01328e-6 0.5555741 -0.8314671 2.20635e-5 0.3826875 -0.9238779 1.38481e-5 0.4999992 -0.8575972 -0.1205316 0.8660275 -0.4951274 -0.06960785 0.8003509 -0.4614945 -0.3827031 0.4637277 -0.799071 -0.382678 0.749993 -0.4330474 -0.4999804 0.4330276 -0.2499923 -0.8660203 0.2499988 -0.4330087 -0.8660278 0.709922 -0.595698 -0.3757057 1 6.27905e-7 0 1 0 0 1 1.02644e-6 0 1 1.42978e-7 0 1 1.79358e-7 0 1 0 0 1 -3.35791e-7 0 1 -3.61913e-7 0 1 0 0 1 0 0 1 -1.38457e-7 0 1 1.75297e-7 0 1 0 0 1 -2.20835e-7 0 1 1.19284e-7 0 1 2.44012e-7 0 1 2.27393e-7 0 1 6.50602e-7 0 1.21817e-5 -0.9999997 8.80062e-4 0.2588188 -0.9659259 6.53287e-5 0.5000026 -0.866024 4.53468e-5 0.7070941 -0.7071195 -2.87488e-7 0.7071036 0.7071101 0 0.7071144 0.7070992 0 1 -3.42155e-7 0 1 -3.29966e-7 0 1 0 0 1 0 0 1 -1.30162e-5 2.50453e-6 1 0 0 1 9.6038e-6 0 1 -1.35989e-7 0 1 2.5691e-7 0 1 5.55956e-7 0 1 -1.00634e-6 0 -0.1026731 0.9905249 -0.09120666 -0.338526 0.9359684 -0.09676414 -0.4984251 0.8614742 -0.09713315 -0.5524794 0.8269706 -0.1043371 -0.5553684 0.82596 -0.09672665 -0.6496784 0.7536567 -0.09959834 -0.8639346 0.4970203 -0.08116668 -0.7388037 0.6657502 -0.104622 -0.8825821 0.4594073 -0.09996908 -0.8829457 0.4570277 -0.1073915 -0.9678791 0.2322272 -0.09633576 -0.9572575 0.276432 -0.08510959 -0.9892358 0.1386059 -0.04691499 -0.976999 0.2077491 -0.04809612 -0.8855491 0.4642416 -0.01680928 -0.8870418 0.4616219 -0.007896542 -0.8652015 0.4999991 -0.03778088 -0.7410629 0.6711876 -0.01825135 -0.6512454 0.7585151 -0.02312064 -0.7440246 0.6680991 -0.008429229 -0.6531034 0.7571576 -0.01297998 -0.7446194 0.6674866 -0.001932442 -0.6590865 0.7520555 -0.00418806 -0.7401838 0.6724033 0.001341164 -0.6631162 0.7485144 0.001799404 -0.7304472 0.6829659 0.002141296 -0.6619342 0.7495458 0.004936337 -0.7161444 0.6979509 0.001319944 -0.6548953 0.7556965 0.005932867 -0.6981712 0.7159307 -5.80371e-4 -0.6424846 0.7662792 0.005472362 -0.6537483 0.7566797 -0.007014334 -0.6048406 0.7963454 0.001481294 -0.6002822 0.7995649 -0.01890164 -0.5534614 0.8328328 -0.008375942 -0.5387521 0.8414062 -0.04221528 -0.490082 0.8711332 -0.03077173 -0.4688841 0.878993 -0.08671176 -0.4141679 0.906879 -0.07768946 -0.3895542 0.9062802 -0.1640236 -0.3247312 0.9315724 -0.1634706 -0.2124809 0.8772464 -0.4304541 -0.1305562 0.8757562 -0.4647647 -0.1429466 0.7913966 -0.5943549 -0.07103735 0.7615841 -0.6441612 -0.102254 0.6131411 -0.7833276 -0.05716139 0.5522593 -0.8317103 -0.03859561 0.1631333 -0.9858489 -0.02192372 0.1691379 -0.9853486 -0.003283679 0.1800007 -0.983661 1.09896e-5 0.4999919 -0.8660302 -0.03668934 0.5074243 -0.860915 -0.006297886 0.514011 -0.8577605 -0.00151509 0.6895542 -0.7242324 -6.09644e-6 0.8660195 -0.5000103 0.0153346 0.8422634 -0.5388481 0.0294215 0.8510376 -0.52428 0.008491694 0.9876798 -0.1562573 -1.58679e-5 1 -8.88109e-6 1.06171e-6 1 -1.06096e-5 -0.1329169 0.9865561 -0.09508019 -0.1202453 0.9883729 -0.09306019 -0.3389248 0.9355048 -0.09980428 -0.1537743 0.9830952 -0.0993849 -0.1913776 0.9756395 -0.1072481 -0.2801008 0.9512838 -0.1288519 -0.3427639 0.9264594 -0.1555183 -0.02459734 0.9950792 -0.09598076 -0.3693448 0.9096015 -0.1902879 -0.06234294 0.9897294 -0.128643 -0.3639615 0.9002285 -0.2389993 -0.07166165 0.9773888 -0.1989365 -0.3254616 0.8920825 -0.3134703 -0.09965181 0.808334 -0.5802291 -0.4766464 0.8215628 -0.3127984 -0.3070033 0.7561293 -0.5779424 -0.5668156 0.7717486 -0.2883126 -0.4648966 0.7282125 -0.5035651 -0.5953011 0.7549965 -0.274949 -0.5153366 0.7202305 -0.4644311 -0.6154713 0.7433617 -0.2619322 -0.5500708 0.7160105 -0.4298269 -0.6363052 0.7339718 -0.2374895 -0.5842626 0.7184854 -0.3773804 -0.6361868 0.7409878 -0.2149497 -0.5842692 0.7343918 -0.3453959 -0.6162893 0.7630721 -0.1947016 -0.5547917 0.7630167 -0.3316804 -0.4985067 0.850441 -0.1680516 -0.37367 0.8499773 -0.3713614 -0.1347559 0.6459807 -0.7513653 -0.002987384 0.169936 -0.9854506 -0.1315577 0.4645813 -0.8757036 -0.008208632 0.4876022 -0.8730273 -0.3318169 0.6496902 -0.6839593 -0.03260606 0.1363177 -0.9901285 -0.02005857 0.1534165 -0.987958 -0.2177193 0.4934262 -0.8420979 -0.410799 0.6611147 -0.6278309 -0.1549465 0.247679 -0.9563717 -0.08013308 0.1604276 -0.9837895 -0.4254783 0.6062531 -0.671882 -0.3022794 0.5340534 -0.7895658 -0.534022 0.6910489 -0.4871057 -0.4694598 0.6719424 -0.5728009 -0.19788 0.318569 -0.9270154 -0.08245849 0.2158163 -0.972946 -4.02145e-6 1 1.01628e-5 -0.06751501 0.996573 -0.04779314 -0.1240546 0.979477 -0.1588564 -0.2221052 0.973643 -0.05185288 -0.2569642 0.9525833 -0.1629554 -0.3542395 0.9326354 -0.06859731 9.99309e-7 1 1.24681e-6 -0.1327392 0.991151 -2.97539e-4 -0.3021306 0.9532645 -0.001959204 -0.4347531 0.9003329 -0.01975762 -1.21072e-5 1 -7.74395e-7 -0.1710624 0.9851882 0.01191979 -0.3594444 0.9330554 0.01440584 -0.4988071 0.8667122 0.001240611 6.54534e-6 1 -8.9407e-7 -0.1781566 0.983957 0.009437859 -0.3916456 0.9199892 0.01528263 -0.5464981 0.8374181 0.008415162 -0.1571837 0.9875656 0.002738595 -8.09319e-6 1 -1.90549e-6 -0.1427919 0.9897527 -3.82022e-4 -7.50273e-6 1 2.94484e-6 -0.1318295 0.9912694 -0.002469003 -0.1204609 0.9927113 -0.00368452 -0.3639513 0.931418 -4.82202e-4 -0.3477621 0.9375612 -0.006377041 -0.5784173 0.8157255 0.005048155 -0.5703883 0.8213752 -2.7905e-4 -3.37958e-5 1 -4.3828e-6 -0.1029468 0.994677 -0.004434823 -0.3393617 0.9405872 -0.01137912 -0.5597713 0.8286091 -0.007947802 -0.3392825 0.9405702 -0.01467263 -0.4995172 0.8660285 -0.02184796 -0.553107 0.8329439 -0.01665538 -0.5565906 0.8304386 -0.02405619 -0.9961845 0.07420647 -0.04593569 -0.9990496 3.08603e-5 -0.04359048 -0.9670768 0.2308757 -0.1070464 -0.5065672 0.8257995 -0.2478812 -0.5878403 0.7745202 -0.2335855 -0.6144223 0.7564023 -0.2243679 -0.6342566 0.7427135 -0.2146981 -0.6578879 0.7276592 -0.1941533 -0.6633453 0.7282917 -0.1719422 -0.65086 0.7444754 -0.148788 -0.5578657 0.8232027 -0.1054675 -0.5221059 0.8275157 -0.2064538 -0.6040503 0.7718281 -0.1985059 -0.631534 0.7513217 -0.1915218 -0.6532102 0.734627 -0.1834114 -0.6826285 0.7120622 -0.1642735 -0.6953551 0.7045843 -0.1415709 -0.6904548 0.7139343 -0.1164904 -0.6155428 0.7853431 -0.06590551 -0.52456 0.832588 -0.1778593 -0.6171945 0.7670139 -0.1753877 -0.6485192 0.7419668 -0.1700241 -0.6741699 0.7203788 -0.16294 -0.7123262 0.6868648 -0.1442503 -0.7335203 0.668857 -0.120741 -0.7357782 0.6706097 -0.09440886 -0.6720482 0.7393069 -0.04214876 -0.5081187 0.846896 -0.1567886 -0.6250414 0.7640367 -0.1599098 -0.6641796 0.7310847 -0.1561434 -0.6968537 0.7013948 -0.1498011 -0.7472372 0.6515002 -0.1310885 -0.7779746 0.6191972 -0.106539 -0.786642 0.612304 -0.07923567 -0.7271469 0.6859235 -0.02768582 -0.4616628 0.8761972 -0.138369 -0.6221238 0.7686913 -0.1485796 -0.675435 0.7226729 -0.1467361 -0.7193486 0.6801145 -0.1413573 -0.7865002 0.6053193 -0.1224998 -0.8277156 0.5527657 -0.09662806 -0.8416225 0.5357301 -0.06829953 -0.7800251 0.625487 -0.01807892 -0.4256666 0.8957486 -0.1282279 -0.6140069 0.7762657 -0.1428533 -0.6775118 0.7215853 -0.1424516 -0.7293034 0.670135 -0.1379701 -0.8069437 0.578454 -0.1193021 -0.8535314 0.5127219 -0.09273952 -0.8695319 0.4897348 -0.06382924 -0.8050363 0.5930517 -0.01437127 -0.3864272 0.914839 -0.1172336 -0.6002532 0.7881989 -0.1357889 -0.6760692 0.7238909 -0.1375228 -0.737401 0.6619415 -0.1344373 -0.8271118 0.5498159 -0.1165708 -0.8790703 0.4682381 -0.08937841 -0.8967338 0.4385101 -0.05981177 -0.8284022 0.5600218 -0.01119905 -0.3543179 0.9289947 -0.1069006 -0.5817921 0.8034327 -0.1265469 -0.6703935 0.7303584 -0.1309549 -0.7425653 0.6570271 -0.1300469 -0.8460677 0.5207136 -0.1141354 -0.9032984 0.4201938 -0.08653974 -0.9220914 0.3828724 -0.05618095 -0.8494009 0.5276764 -0.008710503 -0.5632025 0.8182297 -0.1153402 -0.6520762 0.7500411 -0.1106122 -0.6611673 0.7402698 -0.1218959 -0.743936 0.6566566 -0.1239411 -0.862553 0.4934466 -0.1118611 -0.9250531 0.3703354 -0.08443027 -0.9445152 0.3241728 -0.05294406 -0.8669282 0.4983837 -0.007028877 -0.7418481 0.6605562 -0.1154424 -0.4759266 0.6540325 -0.5879927 -0.4663668 0.6901715 -0.553322 -0.2552058 0.7052182 -0.6614661 -0.5475105 0.7128893 -0.4382023 -0.5209188 0.7421701 -0.4216957 -0.3145199 0.8074426 -0.4991131 -0.9433074 0.3212326 -0.08355134 -0.8753367 0.470908 -0.1096875 -0.9629711 0.2648937 -0.05018001 -0.8798825 0.475146 -0.006577491 -0.5802091 0.8144278 0.008056342 -0.3810521 0.9245398 0.005057632 -0.5750399 0.8180719 0.009367942 -0.3929659 0.919503 0.009592354 -0.06156289 0.8654879 -0.4971324 -0.02443504 0.7265285 -0.6867018 0.07165443 0.9773892 -0.1989372 0.06235313 0.989728 -0.1286496 0.02460563 0.9950792 -0.09597933 0.2801132 0.9512801 -0.1288523 0.3427633 0.92646 -0.1555161 0.3693817 0.9095866 -0.1902882 0.3639686 0.900227 -0.2389945 0.5065575 0.8258063 -0.2478785 0.4766421 0.8215625 -0.3128059 0.5668081 0.7717465 -0.2883334 0.4649257 0.7281814 -0.5035831 0.5153305 0.7202479 -0.464411 0.4108081 0.6611154 -0.6278242 0.4694472 0.6719319 -0.5728237 0.3022713 0.5340457 -0.7895742 0.42546 0.6062335 -0.6719112 0.08014327 0.1604368 -0.9837871 0.1978865 0.3185779 -0.9270108 0.1640213 0.3108074 -0.9362136 0.08245021 0.2158114 -0.9729478 0.03858417 0.163128 -0.9858502 0.2551993 0.7051954 -0.6614929 0.1022447 0.6131464 -0.7833248 0.3145232 0.8074476 -0.4991028 0.1429273 0.7913985 -0.5943569 0.3736572 0.8499812 -0.3713655 0.2124893 0.877244 -0.4304548 0.4984923 0.8504487 -0.1680552 0.3895387 0.9062879 -0.1640182 0.5578328 0.8232241 -0.1054738 0.4688647 0.8790026 -0.08672034 0.615532 0.7853519 -0.0659002 0.5387619 0.8413996 -0.04222011 0.6720343 0.7393212 -0.04211986 0.6002758 0.7995699 -0.01890075 0.7271548 0.6859163 -0.02765697 0.6537161 0.7567075 -0.007013261 0.7800226 0.6254901 -0.01808017 0.69814 0.7159611 -5.88757e-4 0.8283908 0.5600386 -0.01120382 0.730441 0.6829725 0.002134978 0.8493841 0.5277038 -0.008690059 0.7401897 0.6723968 0.001341104 0.8669358 0.4983702 -0.007041275 0.7446084 0.6674988 -0.001930117 0.8870224 0.4616591 -0.007893741 0.7410571 0.6711934 -0.01827144 0.8855394 0.4642606 -0.01679998 0.8651931 0.5000119 -0.03780514 0.9716626 0.2363576 0.002662897 0.9990472 6.2257e-5 -0.0436424 0.9961867 0.07418656 -0.045919 0.8639371 0.49701 -0.0812031 0.8825787 0.4594132 -0.09997218 0.8829754 0.4569712 -0.1073864 0.9769966 0.2077606 -0.048096 0.9445077 0.3241947 -0.05294293 0.9283256 0.3708984 -0.02541911 0.9062463 0.4217548 -0.0289939 0.191376 0.9756399 -0.1072466 0.5081422 0.8468808 -0.1567943 0.4616805 0.8761876 -0.1383709 0.6250429 0.7640358 -0.1599088 0.6221044 0.7687079 -0.1485748 0.6641981 0.7310772 -0.1561 0.6754614 0.7226515 -0.1467202 0.6968591 0.7013897 -0.1497994 0.7193383 0.6801252 -0.1413584 0.7472302 0.6515166 -0.1310468 0.7865136 0.6053066 -0.1224763 0.7866456 0.6122984 -0.07924419 0.8416182 0.535737 -0.06829869 0.7705856 0.6351957 -0.05219447 0.8266615 0.5611849 -0.04125916 0.13293 0.9865539 -0.09508562 0.3864433 0.9148306 -0.117245 0.6002402 0.7882086 -0.1357905 0.6761165 0.7238374 -0.1375714 0.7374033 0.661939 -0.1344366 0.8271231 0.5497946 -0.1165909 0.8967152 0.4385482 -0.05981081 0.881306 0.4714111 -0.03273099 0.1202692 0.98837 -0.09306037 0.1026866 0.9905254 -0.09118664 0.4984295 0.8614733 -0.09711819 0.3389198 0.9355075 -0.09979617 0.5631863 0.8182405 -0.1153419 0.5817558 0.8034583 -0.1265494 0.6704017 0.7303498 -0.1309606 0.5553662 0.825962 -0.096722 0.649669 0.7536638 -0.09960508 0.7388039 0.6657492 -0.104627 0.7439243 0.6566703 -0.1239389 0.8625683 0.4934181 -0.1118685 0.8460609 0.5207265 -0.1141263 0.9220913 0.3828718 -0.05618518 0.5565576 0.8304614 -0.02403414 0.4994977 0.8660401 -0.02183717 0.5597575 0.8286184 -0.007951319 0.4511368 0.8923867 -0.01103186 0.4633034 0.8861911 -0.003917813 0.3477374 0.9375703 -0.006380319 0.3639178 0.9314309 -4.77505e-4 0.1318041 0.9912728 -0.002470135 0.1571733 0.9875673 0.002737879 -6.61053e-6 1 -5.95115e-7 3.41199e-5 1 2.03028e-6 3.82774e-5 1 -6.89924e-6 0.102961 0.9946755 -0.00443238 0.3393064 0.9406069 -0.01139736 2.69674e-5 1 -2.71364e-6 0.1204587 0.9927116 -0.003680229 0.1781624 0.9839559 0.009441733 5.71459e-6 1 -8.54954e-7 0.1709876 0.9852008 0.0119524 4.787e-7 1 0 0.1326832 0.9911586 -2.95801e-4 -0.01791977 0.999819 -0.006391286 -0.05849432 0.9973921 -0.04227942 -9.09529e-6 1 -7.05942e-6 -0.06675678 0.9905661 -0.1196762 -3.75882e-6 1 -1.5147e-5 7.88271e-6 0.8660319 -0.499989 -2.75942e-5 1 2.4548e-5 3.26661e-5 0.5000051 -0.8660225 0.001530945 0.6895602 -0.7242268 -0.02935338 0.8510452 -0.5242714 -0.008483231 0.9876804 -0.1562551 0.12405 0.9794809 -0.1588361 0.2221055 0.9736426 -0.05185973 0.2901893 0.9551025 -0.05974686 0.3724515 0.9280004 -0.009758949 0.4347457 0.9003365 -0.01976054 0.4988041 0.8667139 0.001241981 0.003248512 0.1799988 -0.9836615 0.02573192 0.4936957 -0.869254 0.006303429 0.513975 -0.8577821 0.004489719 0.6988083 -0.715295 0.0127446 0.8521075 -0.5232116 -0.01534247 0.8422533 -0.5388636 0.1895949 0.9684912 -0.161489 0.03261166 0.1362961 -0.9901313 0.02005499 0.1534063 -0.9879598 0.00300157 0.1699625 -0.985446 0.1315606 0.4645643 -0.8757123 0.00820744 0.4875595 -0.8730512 0.1347367 0.6460189 -0.7513359 0.09963631 0.8083308 -0.5802362 0.3069865 0.7561265 -0.577955 0.3254305 0.8920849 -0.3134957 0.3543366 0.9289796 -0.1069701 0.5245591 0.832589 -0.1778578 0.6171712 0.7670326 -0.1753877 0.6485309 0.7419517 -0.1700451 0.6742125 0.7203435 -0.1629196 0.7123279 0.686862 -0.1442553 0.7357875 0.6706003 -0.09440332 0.716322 0.6944884 -0.06759274 0.5221087 0.827516 -0.2064455 0.604072 0.771813 -0.1984989 0.631522 0.7513318 -0.1915215 0.6531816 0.7346515 -0.1834149 0.6826478 0.7120448 -0.1642687 0.6904185 0.7139643 -0.1165223 0.6650981 0.7412159 -0.09079426 0.6611689 0.7402737 -0.121863 0.5878531 0.7745117 -0.2335817 0.5952998 0.755003 -0.2749341 0.5500684 0.7160254 -0.429805 0.5340008 0.6910502 -0.487127 0.4663563 0.6901594 -0.553346 0.614398 0.7564125 -0.2244005 0.6344777 0.7424873 -0.2148273 0.6578857 0.7276619 -0.1941512 0.6508426 0.7444835 -0.1488227 0.6173619 0.7764944 -0.1261785 0.3318213 0.6496912 -0.6839561 0.217716 0.4933995 -0.8421145 0.7425395 0.6570554 -0.1300513 0.6362973 0.7339738 -0.2375041 0.6154744 0.7433652 -0.261915 0.5842611 0.7184872 -0.3773792 0.6162905 0.7630714 -0.1947005 0.5727542 0.8000758 -0.1784135 0.5209262 0.7421576 -0.4217085 0.3951625 0.7166906 -0.5746314 0.5547915 0.7630203 -0.3316723 0.4890304 0.8039194 -0.3384716 0.4478292 0.7786467 -0.4394981 0.9892321 0.1386337 -0.0469098 0.9604322 0.2779848 -0.01716035 0.9716014 0.2365576 -0.00560081 0.5704349 0.8213428 -2.8024e-4 0.5784462 0.815705 0.005050182 0.4783648 0.8781567 0.002837717 0.5750284 0.8180798 0.009370088 0.4928583 0.8700427 0.01079154 0.3929541 0.9195081 0.009593248 0.5465236 0.8374014 0.008418858 0.4765071 0.8790706 0.01327115 0.3916735 0.9199773 0.01529139 0.3542507 0.932631 -0.06859886 0.2569684 0.9525848 -0.1629405 0.06157249 0.8654837 -0.4971389 0.02443891 0.7265437 -0.6866855 0.03669095 0.5074375 -0.8609071 0.4348272 0.9004672 0.009183228 0.3594373 0.9330581 0.01440787 0.3021261 0.953266 -0.001943767 0.06750977 0.9965731 -0.04779726 -0.4873482 -2.14949e-6 -0.8732078 -0.1840407 0.02339524 -0.9826402 -0.2014263 0.05432575 -0.977996 -0.2321962 0.068762 -0.9702355 -0.2572425 0.07499265 -0.9634327 -0.4989435 0.1355733 -0.8559645 -0.4815472 0.1853218 -0.8566027 -0.6682181 0.2413132 -0.7037419 -0.4834998 0.3867185 -0.7852878 -0.6085119 0.4690961 -0.6400486 -0.326716 0.6192564 -0.7139875 -0.3833857 0.7282347 -0.5680578 -0.3906251 0.8222666 -0.4138717 -0.3101946 0.9154078 -0.2565307 -0.07034409 0.9934531 -0.0900157 -0.2462947 0.1010316 -0.9639148 -0.3271875 0.2756859 -0.9038504 -0.2468409 0.4856944 -0.8385526 -0.1599612 0.1417157 -0.9768977 -0.07654279 0.165134 -0.9832966 -0.1603549 0.3308709 -0.929952 -0.1320509 0.9869545 -0.09210556 -0.5745552 0.7818899 -0.2419391 -0.6923958 0.6235274 -0.3630451 -0.8657387 0.3955597 -0.3066418 -0.8567575 0.3126348 -0.4101539 -0.8763957 0.2394518 -0.4178436 -0.8104837 0.2016767 -0.549948 -0.7728195 0.2060004 -0.6002615 -0.6421489 0.1709665 -0.7472719 -0.5780756 0.1493439 -0.8022001 -0.4009132 0.1047663 -0.9101058 -0.369276 0.04725122 -0.9281178 -0.2339477 0.9676087 -0.09487819 -0.7647909 0.6049783 -0.2215769 -0.8898505 0.3298922 -0.3151783 -0.8479314 0.2542883 -0.4651343 -0.7163186 0.1938882 -0.6702947 -0.5426279 0.07282322 -0.8368105 -0.4223502 0.9011989 -0.09726792 -0.8029688 0.5511433 -0.2268974 -0.8668008 0.3548101 -0.35038 -0.8072676 0.2548856 -0.5323087 -0.691358 0.1049543 -0.7148488 -0.7874912 0.5670871 -0.2413921 -0.5675657 0.8176719 -0.09634244 -0.8057934 0.5345284 -0.254905 -0.7539154 0.6507953 -0.08987271 -0.909226 0.3334662 -0.2492157 -0.9269028 0.368197 -0.07267904 -0.9803848 0.1879789 -0.05924129 -0.9990465 1.80677e-5 -0.04366213 -0.851109 2.59075e-5 -0.524989 -0.8809768 0.2269709 -0.4151675 -0.8060919 0.1526733 -0.5717576 -0.8448134 0.3593796 -0.3964048 -0.4564799 0.1275222 -0.8805477 -0.6873549 0.174905 -0.7049479 -0.7916089 0.2756308 -0.5453283 -0.6847735 0.536019 -0.4937296 -0.8511198 3.87803e-5 -0.5249717 -0.9990478 3.54084e-5 -0.04363036 -0.7498788 0.4332177 -0.5000043 -0.8652011 0.4999986 -0.03779631 -0.4328026 0.7501282 -0.4999898 -0.499507 0.8660343 -0.02184373 -1.06331e-5 0.8660273 -0.4999968 -2.66358e-5 1 -5.05934e-5 -8.10251e-7 0.5000024 -0.866024 -0.2499693 0.4330349 -0.8660233 -0.4329849 0.2500646 -0.8660207 -0.4873508 2.21804e-5 -0.8732064 0.865202 0.4999971 -0.03779524 0.9990474 4.55063e-5 -0.04364067 0.7498782 0.4332193 -0.5000038 0.8511166 2.7156e-5 -0.5249767 0.4329841 0.250065 -0.866021 0.4873533 3.21884e-5 -0.873205 1.90849e-5 0.8660277 -0.499996 0.4328035 0.7501277 -0.4999896 1.29566e-5 0.4999985 -0.8660264 0.2499416 0.43305 -0.8660236 2.59811e-5 1 -2.77907e-6 0.499506 0.8660351 -0.02184152 0.8511151 1.12616e-5 -0.5249792 0.9990482 2.05264e-5 -0.04361987 0.9695157 0.08659744 -0.2292166 0.9803897 0.1879368 -0.0592944 0.9565504 0.1696487 -0.2371302 0.9268545 0.3683218 -0.07266271 0.9352701 0.2564665 -0.2439156 0.9092257 0.333476 -0.2492039 0.8809691 0.2269712 -0.4151838 0.8683438 0.2730886 -0.4140069 0.8029595 0.1871334 -0.565895 0.8013679 0.2167325 -0.5575273 0.6989729 0.1578049 -0.6975203 0.7163187 0.1938957 -0.6702925 0.5780814 0.149322 -0.8021999 0.6421777 0.1709467 -0.7472516 0.4564727 0.1275042 -0.8805541 0.4989174 0.1355876 -0.8559775 0.2572448 0.07498854 -0.9634324 0.2463005 0.1010189 -0.9639146 0.1599969 0.1417326 -0.9768894 0.07655608 0.1651148 -0.9832987 0.1603592 0.3308704 -0.9299516 0.2468553 0.4856745 -0.8385599 0.3267055 0.6192572 -0.7139917 0.6084983 0.4690876 -0.6400677 0.6847745 0.536017 -0.4937304 0.8567538 0.3126351 -0.4101611 0.8657512 0.3955413 -0.3066304 0.8898521 0.3298884 -0.3151779 0.8029596 0.5511613 -0.2268863 0.7874982 0.5670783 -0.2413897 0.4223443 0.9011987 -0.0972951 0.5675638 0.8176726 -0.0963478 0.8057761 0.5345534 -0.254907 0.7539264 0.650784 -0.08986181 0.8525307 0.4561716 -0.255145 0.8810999 0.3995958 -0.252955 0.8569514 0.3114977 -0.4106137 0.764785 0.6049864 -0.2215748 0.2339425 0.9676085 -0.09489363 0.574559 0.7818868 -0.2419404 0.1320515 0.9869546 -0.09210419 0.3101981 0.9154066 -0.2565305 0.07034367 0.9934541 -0.09000396 0.39063 0.8222655 -0.4138693 0.383405 0.7282496 -0.5680258 0.2014039 0.05437105 -0.9779981 0.2321913 0.06875646 -0.970237 0.1812618 0.01531714 -0.9833157 0.1840479 0.02339231 -0.9826389 0.187399 0.03157085 -0.9817765 0.3689564 0.04721301 -0.9282468 0.3749738 0.06286364 -0.9249015 0.5425816 0.0728141 -0.8368413 0.5486307 0.09479683 -0.8306732 0.6913228 0.1049479 -0.7148838 0.6944267 0.1325631 -0.7072473 0.8060805 0.1526862 -0.5717703 0.487347 3.74019e-6 -0.8732084 0.1777136 0.002905011 -0.984078 0.179158 0.007967531 -0.9837881 0.3611209 0.01675373 -0.9323685 0.3643587 0.0317285 -0.930718 0.5349706 0.02758616 -0.8444203 0.538075 0.04993873 -0.8414164 0.6893449 0.04369729 -0.7231142 0.6897062 0.07483309 -0.7202122 0.8146172 0.0700249 -0.5757565 0.8102471 0.1131767 -0.575057 0.9048731 0.1115096 -0.4108166 0.8936992 0.1726756 -0.4141075 0.6895272 0.01939469 -0.7240002 0.5332441 0.01126265 -0.8458865 0.3589049 0.006384074 -0.9333523 0.9121882 0.05565953 -0.4059738 0.8179413 0.03338348 -0.5743324 0.1910079 0.03997808 -0.9807741 0.3817788 0.07867395 -0.9208992 0.5559886 0.1160841 -0.823044 0.8448184 0.3593802 -0.3963935 0.8668009 0.3548192 -0.3503708 0.8072838 0.2548578 -0.5322973 0.8479304 0.2542927 -0.4651336 0.8764003 0.2394472 -0.4178369 0.7728159 0.2059977 -0.6002671 0.6873511 0.1749094 -0.7049505 0.4815611 0.1853205 -0.8565951 0.4009292 0.1047209 -0.910104 0.8104824 0.2016781 -0.5499492 0.7916217 0.2756181 -0.5453163 0.6682498 0.2412982 -0.7037168 0.3271951 0.2757097 -0.9038405 0.6923637 0.6235584 -0.3630531 0.4834975 0.3867226 -0.7852871 -4.04641e-5 1 -1.25415e-7 -0.2588182 0.9659261 0 -0.4999972 0.8660271 0 0 1 0 0 1 -6.14458e-5 0 1 3.46784e-6 0 1 -5.33924e-6 0 1 8.49545e-7 0 1 -3.09871e-6 0 1 -4.45017e-6 0 1 -1.09477e-6 0 1 -5.96832e-7 0 1 4.47003e-7 0 1 1.27285e-6 0 1 2.51001e-6 0 1 1.76805e-6 0 1 0 2.58684e-5 1 -2.08777e-5 0 1 4.06026e-6 0 1 1.64539e-5 0 1 2.51545e-6 0 1 2.2436e-6 0 1 3.42309e-7 0 1 3.32907e-6 0 1 2.53693e-6 0 1 2.3433e-6 0 1 -8.76468e-7 0 1 6.94001e-7 0 1 -1.02418e-6 0 1 -4.07156e-7 0 1 -4.56063e-6 0 1 4.61842e-7 0 1 -2.26926e-6 0 1 -3.43811e-7 0 1 -8.7105e-7 0 1 -4.27118e-5 0 1 2.89451e-6 0 1 1.46639e-5 0 1 -2.32307e-6 0 1 -1.70631e-6 0 1 -4.92956e-6 0 1 -3.71032e-7 0 1 -6.28539e-7 0 1 2.90033e-6 0 1 -8.34375e-7 0 1 0 0.4999981 0.8660265 0 0.2588189 0.9659259 0 0.9659252 0.2588213 0 0.8660238 0.5000028 0 0.7071227 -0.707091 0 0.866024 -0.5000025 0 0.9659253 -0.2588211 0 0 -1 -6.14443e-5 0 -1 2.82775e-6 0 -1 1.21546e-7 0 -1 -9.47103e-6 4.35412e-5 0 -1 2.2769e-5 -6.25585e-5 -1 0.5000036 0 -0.8660234 0.4999958 0 -0.8660279 0.8660287 0 -0.4999943 0.866023 0 -0.5000041 1 0 -5.60433e-5 1 0 -4.56274e-5 -4.35412e-5 0 -1 -2.2769e-5 6.25585e-5 -1 -1 0 -1.19954e-5 -1 -5.00216e-5 -1.67489e-5 -0.8660226 0 -0.500005 -0.8660292 0 -0.4999938 -0.4999953 0 -0.8660283 -0.5000045 0 -0.8660229 -1 0 2.22772e-6 -1 0 3.00258e-6 -2.66731e-6 0 1 -4.48227e-5 0 1 -0.3826797 0 0.9238812 -0.3826876 0 0.9238779 -0.7071035 0 0.7071101 -0.7071095 0 0.7071042 -0.923878 0 0.3826873 -0.9238813 0 0.3826794 2.98768e-6 0 1 4.48599e-5 0 1 1 0 2.0124e-5 1 -3.75511e-5 4.90099e-5 0.9238809 0 0.38268 0.9238778 0 0.3826877 0.7071101 0 0.7071034 0.707104 0 0.7071096 0.3826873 0 0.923878 0.3826788 0 0.9238815 0 1 1.39978e-6 0 1 -7.9392e-7 0 1 -5.85687e-7 0 1 2.36633e-6 0 1 0 0 1 -5.00656e-7 0 1 -1.49361e-6 0 1 1.81468e-6 0 1 -4.46898e-7 0 1 -6.70487e-6 0 -1 0 0 -1 -1.19707e-7 0 -1 -1.67621e-6 4.5009e-5 3.75519e-5 1 0.382679 0 0.9238814 0.3826879 0 0.9238778 0.7071034 0 0.7071102 0.7071104 0 0.7071032 0.923878 0 0.3826872 0.9238814 0 0.3826793 1 3.75389e-6 2.04891e-6 1 0 3.00258e-6 -2.98768e-6 0 1 -4.5009e-5 -3.75519e-5 1 -1 0 1.97366e-5 -1 0 4.8764e-5 -0.9238808 0 0.3826805 -0.9238777 0 0.3826881 -0.7071093 0 0.7071043 -0.7071042 0 0.7071095 -0.3826881 0 0.9238776 -0.3826806 0 0.9238808 -1 0 -5.60433e-5 -1 0 -4.56274e-5 -0.499996 0 -0.8660278 -0.8660292 0 -0.4999935 -0.866023 0 -0.5000041 1 0 -1.19954e-5 1 5.00216e-5 -1.67489e-5 0.8660292 0 -0.4999935 0.499996 0 -0.8660278 0.5000045 0 -0.8660229 0 -1 4.66887e-7 0 -1 0 0 -1 0 0 -1 -1.52936e-7 0 -1 -1.12827e-6 0 -1 8.93796e-7 0 -1 1.34097e-5 0 1 -4.46916e-7 0 1 -4.46922e-7 0 1 -4.78827e-7 0 1 -6.70484e-6 0 1 -4.78827e-7 -1 -9.86594e-7 0 -1 -8.53304e-7 0 -1 -4.75791e-6 0 -1 2.63567e-6 0 -1 -3.3191e-7 0 -1 0 0 -1 1.92036e-7 0 -1 3.83813e-7 0 -1 0 0 -1 -3.32842e-7 0 -1 2.16564e-6 0 -1 -8.21134e-7 0 -1 -1.21173e-7 0 -1 5.83063e-7 0 -1 0 0 -1 0 0 -1 -2.82384e-7 0 -1 -5.9771e-7 0 -1 -5.75861e-7 0 -1 4.53329e-7 0 -1 4.99797e-6 0 -1 1.66032e-6 0 -1 0 0 -1 3.16534e-6 0 -1 -1.01964e-6 0 -1 0 0 -1 -3.311e-6 0 -1 -7.52384e-7 0 -1 1.87596e-5 0 -1 -1.87596e-5 0 1 -7.17196e-6 0 1 1.40877e-7 0 1 -8.8414e-7 0 1 0 0 1 -3.75193e-5 0 1 -4.11394e-6 0 1 -2.77119e-7 0 1 4.99077e-6 0 1 1.88498e-6 0 1 0 0 1 4.44791e-7 0 1 -7.52384e-7 0 1 1.87596e-5 0 1 3.78995e-6 0 1 -6.10794e-7 0 1 0 0 1 0 0 1 -5.9771e-7 0 1 4.28855e-7 0 1 5.83063e-7 0 1 1.40164e-6 0 1 0 0 1 -7.16121e-7 0 1 0 0 1 0 0 1 -7.64732e-7 0 0 1 -1.74195e-5 0 1 -8.32975e-6 0 0.9238806 -0.3826811 0 0.9238785 -0.382686 0 0.7071078 -0.7071058 0 0.7071058 -0.7071078 0 0.3826833 -0.9238796 0 0.3826835 -0.9238796 0 4.23565e-5 -1 0 2.22772e-6 -1 -3.75535e-5 -4.19095e-5 -1 0 -2.67476e-6 -1 0 -0.3826839 -0.9238795 0 -0.3826829 -0.9238798 0 -0.7071058 -0.7071078 0 -0.7071065 -0.7071071 0 -0.9238794 -0.3826839 0 -0.9238799 -0.3826829 0 -1 -3.10093e-5 0 -1 -4.31091e-5 0 -1 6.21974e-5 0 -1 1.29044e-5 0 -1 -8.74293e-6 0 -1 8.21883e-6 0 -1 4.82607e-6 -5.00287e-5 -1 1.29193e-5 0 -1 3.52413e-5 0 -0.8660209 0.500008 0 -0.8660269 0.4999973 0 -0.4999958 0.8660278 0 -0.5000061 0.866022 0 -4.70728e-5 1 0 -4.36157e-5 1 0 4.70728e-5 1 0 4.36157e-5 1 0 0.5000061 0.866022 0 0.5000064 0.8660218 0 0.8660269 0.4999973 0 0.866027 0.4999974 0 1 4.62234e-5 0 1 6.21974e-5 0 1 1.29044e-5 5.00287e-5 1 1.29193e-5 0 1 8.74293e-6 0 1 -8.21883e-6 0 1 -4.82607e-6 1 6.95133e-7 0 1 1.21597e-7 0 1 -2.11148e-7 0 1 0 0 1 -1.80009e-6 0 1 5.39235e-7 0 1 4.46137e-6 0 1 -7.45743e-6 0 1 1.73399e-7 0 1 -4.65077e-7 0 1 -7.80378e-7 0 1 3.74298e-7 0 -9.6783e-6 -0.294763 -0.9555705 1.01402e-5 -0.2225216 -0.9749278 -2.89083e-6 4.38362e-7 -1 1.23903e-5 0.07473099 -0.9972038 -1.16751e-5 0.2947567 -0.9555724 1.19209e-5 0.3653408 -0.9308739 -1.43573e-5 0.5633184 -0.8262399 4.03076e-6 0.6234905 -0.7818311 -1.61678e-5 0.7818292 -0.6234927 2.31713e-6 0.8262391 -0.5633196 -1.3724e-5 0.9308715 -0.3653469 1.00359e-5 0.9555727 -0.2947557 -1.42083e-5 0.9972038 -0.07473111 5.69969e-6 1 2.89897e-6 -6.54161e-6 0.9749277 0.222522 1.47596e-5 0.9555709 0.2947613 -1.44392e-5 0.8660264 0.4999985 5.69969e-6 0.8262385 0.5633205 -1.24574e-5 0.6801736 0.7330511 1.17198e-5 0.6234915 0.7818302 -1.30385e-5 0.4338862 0.9009678 6.3926e-6 0.3653423 0.9308733 -1.91629e-5 0.149042 0.9888309 1.59591e-5 0.07472187 0.9972044 -1.02073e-5 -0.149035 0.9888319 2.18302e-6 -0.2225195 0.9749283 -9.17166e-6 -0.4338756 0.9009728 1.26138e-5 -0.4999983 0.8660265 -7.86781e-6 -0.6801735 0.7330513 9.16421e-6 -0.7330513 0.6801735 -6.59376e-6 -0.8660249 0.5000011 1.25691e-5 -0.9009707 0.4338801 -1.11833e-5 -0.9749285 0.2225185 1.11312e-5 -0.9888309 0.1490415 -7.21961e-6 -0.9972038 -0.07472962 1.2286e-5 -0.9888311 -0.149041 -1.28895e-5 -0.930875 -0.365338 9.87202e-6 -0.9009688 -0.4338839 -9.6336e-6 -0.7818307 -0.6234908 1.24648e-5 -0.7330533 -0.6801712 -1.3046e-5 -0.5633186 -0.8262398 9.27597e-6 -0.4999988 -0.8660262 -9.79751e-6 0.9555727 -0.2947558 1.41189e-5 0.9972038 -0.07473021 -5.84125e-6 1 2.73145e-6 8.50856e-6 0.9749274 0.2225232 -1.25095e-5 0.9555712 0.2947605 1.44914e-5 0.8660261 0.4999988 -7.011e-6 0.8262374 0.5633221 9.75281e-6 0.6801736 0.7330511 -1.34632e-5 0.623489 0.7818322 1.08928e-5 0.4338783 0.9009716 -1.29044e-5 0.3653429 0.930873 1.64285e-5 0.1490417 0.9888309 -1.6734e-5 0.07472223 0.9972045 1.03712e-5 -0.1490358 0.9888319 -2.72691e-6 -0.2225214 0.9749279 8.09133e-6 -0.4338828 0.9009693 -1.39251e-5 -0.4999979 0.8660267 9.43989e-6 -0.6801741 0.7330506 -9.02265e-6 -0.7330511 0.6801735 7.31647e-6 -0.8660265 0.4999984 -1.28001e-5 -0.9009708 0.43388 1.05053e-5 -0.9749285 0.2225187 -1.16304e-5 -0.9888309 0.1490421 7.78586e-6 -0.9972038 -0.07473045 -1.394e-5 -0.9888309 -0.1490426 1.30311e-5 -0.9308747 -0.3653388 -9.80496e-6 -0.9009688 -0.433884 8.04663e-6 -0.7818337 -0.6234872 -1.21221e-5 -0.7330533 -0.6801713 1.37612e-5 -0.5633184 -0.82624 -1.16006e-5 -0.4999991 -0.8660261 1.03191e-5 -0.294761 -0.9555711 -7.74115e-6 -0.2225217 -0.9749279 6.45965e-6 1.02562e-6 -1 -9.81241e-6 0.07473045 -0.9972038 9.71556e-6 0.2947558 -0.9555726 -1.25915e-5 0.3653401 -0.9308741 1.63093e-5 0.5633187 -0.8262398 -1.67638e-6 0.6234902 -0.7818313 1.59964e-5 0.7818315 -0.6234899 -2.70456e-6 0.8262394 -0.5633192 1.37761e-5 0.9308721 -0.3653455 -1 -7.20061e-7 0 -1 -2.67391e-7 0 -1 -6.79055e-7 0 -1 5.80534e-7 0 -1 3.74298e-7 0 -1 -3.90189e-7 0 -1 -1.45839e-7 0 -1 1.73399e-7 0 -1 -1.49149e-5 0 -1 4.06896e-6 0 -1 5.39235e-7 0 -1 -2.88014e-6 0 -1 -2.44826e-5 0 -1 -3.54499e-5 0 1 3.54499e-5 0 1 2.44826e-5 0 0.8090251 0.5877742 0 0.8090184 0.5877834 0 0.3089737 0.9510706 0 0.3089654 0.9510733 0 -0.3090415 0.9510486 0 -0.3090434 0.951048 0 -0.8090112 0.5877933 0 -0.809011 0.5877937 0 -1 5.97835e-5 0 -1 6.60717e-5 0 -0.8090251 -0.5877742 0 -0.8090184 -0.5877834 0 -0.3089737 -0.9510706 0 -0.3089654 -0.9510733 0 0.3090415 -0.9510486 0 0.3090434 -0.951048 0 0.8090112 -0.5877933 0 0.809011 -0.5877937 0 1 -5.97835e-5 0 1 -6.60717e-5 0 -1 -3.27826e-5 0 -1 -4.14252e-5 0 1 3.27826e-5 0 1 4.14252e-5 0 -0.8089905 -0.5878218 0 -0.8089826 -0.5878328 0 0.3090434 -0.951048 0 0.8090113 -0.5877933 0 0.8090096 -0.5877956 0 1 -5.48065e-5 0 1 -2.10404e-5 0 0.8089905 0.5878218 0 0.8089826 0.5878328 0 -0.3090434 0.951048 0 -0.8090113 0.5877933 0 -0.8090096 0.5877956 0 -1 5.48065e-5 0 -1 2.10404e-5 0 5.11337e-5 0 1 -2.75694e-6 0 1 6.14311e-6 0 1 -8.38142e-6 0 1 0 0 1 -3.47759e-6 0 1 3.47756e-6 0 1 0 0 1 8.3814e-6 0 1 -6.14306e-6 0 1 2.7567e-6 0 1 -5.11329e-5 0 1 3.55794e-5 0 1 -1.57567e-5 0 1 -4.52491e-7 0 1 -6.67847e-6 0 1 -2.04565e-6 0 1 2.04563e-6 0 1 6.67854e-6 0 1 4.52491e-7 0 1 1.57569e-5 0 1 -3.55801e-5 0 1</float_array>
          <technique_common>
            <accessor source="#MPO-500_V1_3_0_Simplified_Body-mesh-normals-array" count="3691" stride="3">
              <param name="X" type="float"/>
              <param name="Y" type="float"/>
              <param name="Z" type="float"/>
            </accessor>
          </technique_common>
        </source>
        <source id="MPO-500_V1_3_0_Simplified_Body-mesh-map-0">
          <float_array id="MPO-500_V1_3_0_Simplified_Body-mesh-map-0-array" count="39048">-10.66 0.662201 0 0.662201 -10.66 0.737799 -10.66 0.737799 0 0.662201 0 0.737799 -9.798979 0.737799 -9.798979 0.662201 -9.555892 1.231189 -9.555892 1.231189 -9.798979 0.662201 -9.693222 0.328398 -9.555892 1.231189 -9.693222 0.328398 -9.439027 0.08757799 -9.439027 0.08757799 -9.100001 0 -9.555892 1.231189 -9.555892 1.231189 -9.100001 0 0 0 -9.555892 1.231189 0 0 -2.453824 7.326526 -2.453824 7.326526 0 0 0 8.050001 -2.453824 7.326526 0 8.050001 -0.5 8.050001 -1.202674 7.966547 -1.866255 7.720833 -0.5 8.050001 -0.5 8.050001 -1.866255 7.720833 -2.453824 7.326526 -9.680737 1.090827 -9.763758 0.922318 -9.555892 1.231189 -9.555892 1.231189 -9.763758 0.922318 -9.798979 0.737799 -9.798979 0 -0.698979 0 -0.243086 1.231189 -0.243086 1.231189 -0.698979 0 -0.359952 0.08757799 -0.243086 1.231189 -0.359952 0.08757799 -0.1057569 0.328398 -0.1057569 0.328398 0 0.662201 -0.243086 1.231189 -0.243086 1.231189 0 0.662201 0 0.737799 -0.243086 1.231189 0 0.737799 -0.03522098 0.922318 -0.03522098 0.922318 -0.118242 1.090827 -0.243086 1.231189 -0.243086 1.231189 -7.345154 7.326526 -9.798979 0 -9.798979 0 -7.345154 7.326526 -9.798979 8.050001 -9.798979 8.050001 -7.345154 7.326526 -9.298979 8.050001 -9.298979 8.050001 -7.345154 7.326526 -7.932724 7.720833 -9.298979 8.050001 -7.932724 7.720833 -8.596305 7.966547 0 8.050001 -10.66 8.050001 0 0 0 0 -10.66 8.050001 -10.66 0 -9.798979 8.050001 -7.345154 7.326526 -9.298979 8.050001 -9.298979 8.050001 -7.345154 7.326526 -7.932724 7.720833 -9.298979 8.050001 -7.932724 7.720833 -8.596305 7.966547 -9.798979 8.050001 -9.798979 0 -7.345154 7.326526 -7.345154 7.326526 -9.798979 0 -0.244108 1.232066 -0.244108 1.232066 -9.798979 0 -0.2 0 -0.244108 1.232066 -0.2 0 0 0.700877 0 0.700877 -0.2 0 0 0.2 0 0.2 -0.2 0 -0.02679497 0.1 -0.02679497 0.1 -0.2 0 -0.1 0.02679497 0 0.700877 -0.02866697 0.899149 -0.244108 1.232066 -0.244108 1.232066 -0.02866697 0.899149 -0.11232 1.081182 0 0 0 8.050001 -2.453824 7.326526 -2.453824 7.326526 0 8.050001 -0.5 8.050001 -2.453824 7.326526 -0.5 8.050001 -1.866255 7.720833 -1.866255 7.720833 -0.5 8.050001 -1.202674 7.966547 -2.453824 7.326526 -9.554871 1.232066 0 0 0 0 -9.554871 1.232066 -9.598979 0 -9.598979 0 -9.554871 1.232066 -9.798979 0.700877 -9.598979 0 -9.798979 0.700877 -9.798979 0.2 -9.686659 1.081182 -9.770312 0.899149 -9.554871 1.232066 -9.554871 1.232066 -9.770312 0.899149 -9.798979 0.700877 -9.798979 0.2 -9.772184 0.1 -9.598979 0 -9.598979 0 -9.772184 0.1 -9.698979 0.02679497 0 8.050001 -10.66 8.050001 0 0 0 0 -10.66 8.050001 -10.66 0 -5.33 0 -5.33 0.353913 -5.63 0 -5.63 0 -5.33 0.353913 -5.63 0.425658 -5.63 0.425658 -5.33 0.353913 -5.33 0.707826 -5.63 0.425658 -5.33 0.707826 -5.63 0.851315 -5.63 0.851315 -5.33 0.707826 -5.33 1.06174 -5.63 0.851315 -5.33 1.06174 -5.63 1.276973 -5.63 1.276973 -5.33 1.06174 -5.33 1.137375 -5.63 1.276973 -5.33 1.137375 -5.33 1.325794 -5.33 1.06174 5.33 1.06174 -5.33 1.137375 -5.33 1.137375 5.33 1.06174 5.33 1.137375 5.33 1.137375 5.33 1.06174 5.63 1.276973 5.33 1.137375 5.63 1.276973 5.33 1.325794 5.33 1.325794 5.63 1.276973 5.33 1.514212 5.33 1.514212 5.63 1.276973 5.63 1.702631 5.33 1.514212 5.63 1.702631 5.33 1.702631 5.63 1.276973 5.33 1.06174 5.63 0.851315 5.63 0.851315 5.33 1.06174 5.33 0.707826 5.63 0.851315 5.33 0.707826 5.63 0.425658 5.63 0.425658 5.33 0.707826 5.33 0.353913 5.63 0.425658 5.33 0.353913 5.63 0 5.63 0 5.33 0.353913 5.33 0 -5.33 1.325794 -5.33 1.514212 -5.63 1.276973 -5.63 1.276973 -5.33 1.514212 -5.63 1.702631 -5.63 1.702631 -5.33 1.514212 -5.33 1.702631 0 5.33 9.359086 5.33 0 5.63 0 5.63 9.359086 5.33 9.359086 5.63 -5.63 0 -5.33 0 -5.63 0.709263 -5.63 0.709263 -5.33 0 -5.33 0.709263 -5.63 0.709263 -5.33 0.709263 -5.33 1.418526 -5.33 2.127789 -5.63 2.127789 -5.33 1.418526 -5.33 1.418526 -5.63 2.127789 -5.63 1.418526 -5.33 1.418526 -5.63 1.418526 -5.63 0.709263 5.63 2.127789 5.33 2.127789 5.63 1.418526 5.63 1.418526 5.33 2.127789 5.33 1.418526 5.63 1.418526 5.33 1.418526 5.33 0.709263 5.33 0 5.63 0 5.33 0.709263 5.33 0.709263 5.63 0 5.63 0.709263 5.33 0.709263 5.63 0.709263 5.63 1.418526 -5.63 0 -5.33 0 -5.63 0.709263 -5.63 0.709263 -5.33 0 -5.33 0.709263 -5.63 0.709263 -5.33 0.709263 -5.33 1.418526 -5.33 2.127789 -5.63 2.127789 -5.33 1.418526 -5.33 1.418526 -5.63 2.127789 -5.63 1.418526 -5.33 1.418526 -5.63 1.418526 -5.63 0.709263 9.357741 -5.33 0 -5.33 9.357741 -5.63 9.357741 -5.63 0 -5.33 0 -5.63 0 5.33 9.357741 5.33 0 5.63 0 5.63 9.357741 5.33 9.357741 5.63 5.63 0.603073 5.33 0.603073 5.63 0.402049 5.63 0.402049 5.33 0.603073 5.33 0.402049 5.63 0.402049 5.33 0.402049 5.33 0.2010239 5.33 0 5.63 0 5.33 0.2010239 5.33 0.2010239 5.63 0 5.63 0.2010239 5.33 0.2010239 5.63 0.2010239 5.63 0.402049 -5.63 0 -5.33 0 -5.63 0.2010239 -5.63 0.2010239 -5.33 0 -5.33 0.2010239 -5.63 0.2010239 -5.33 0.2010239 -5.33 0.402049 -5.33 0.603073 -5.63 0.603073 -5.33 0.402049 -5.33 0.402049 -5.63 0.603073 -5.63 0.402049 -5.33 0.402049 -5.63 0.402049 -5.63 0.2010239 0.500877 -5.33 0 -5.33 0.500877 -5.63 0.500877 -5.63 0 -5.33 0 -5.63 0 5.33 0.500877 5.33 0 5.63 0 5.63 0.500877 5.33 0.500877 5.63 5.63 0.314159 5.33 0.314159 5.63 0.2094399 5.63 0.2094399 5.33 0.314159 5.33 0.2094399 5.63 0.2094399 5.33 0.2094399 5.63 0.1047199 5.63 0.1047199 5.33 0.2094399 5.33 0.1047199 5.63 0.1047199 5.33 0.1047199 5.63 0 5.63 0 5.33 0.1047199 5.33 0 -5.63 0 -5.33 0 -5.63 0.1047199 -5.63 0.1047199 -5.33 0 -5.33 0.1047199 -5.63 0.1047199 -5.33 0.1047199 -5.63 0.2094399 -5.63 0.2094399 -5.33 0.1047199 -5.33 0.2094399 -5.63 0.2094399 -5.33 0.2094399 -5.63 0.314159 -5.63 0.314159 -5.33 0.2094399 -5.33 0.314159 0 5.33 9.598979 5.33 0 5.63 0 5.63 9.598979 5.33 9.898979 5.63 9.898979 5.63 9.598979 5.33 9.898979 -5.63 9.898979 -5.63 9.598979 5.33 9.598979 -5.33 9.898979 -5.63 9.598979 -5.33 0 -5.63 0 -5.63 9.598979 -5.33 0 -5.33 -4.025 -4.249489 -4.025 -5.049489 -3.301526 -2.295665 -3.301526 -2.295665 -4.025 -5.049489 4.025 -5.049489 -3.301526 -2.295665 4.025 -5.049489 2.792934 4.805382 2.792934 4.805382 4.025 -5.049489 4.025 4.849489 2.792934 4.805382 4.025 4.849489 3.324123 5.049489 3.324123 5.049489 4.025 4.849489 3.825 5.049489 3.825 5.049489 4.025 4.849489 3.925 5.022695 3.925 5.022695 4.025 4.849489 3.998205 4.949489 3.324123 5.049489 3.125851 5.020823 2.792934 4.805382 2.792934 4.805382 3.125851 5.020823 2.943818 4.937169 -3.301526 -2.295665 -3.695833 -2.883234 -4.025 -4.249489 -4.025 -4.249489 -3.695833 -2.883234 -3.941547 -3.546815 0.8 5.33 0.8 5.63 0.3 5.33 0.3 5.33 0.8 5.63 0 5.63 0.3 5.33 0 5.63 0 -5.63 0.3 5.33 0 -5.63 0.3 -5.33 0.3 -5.33 0 -5.63 0.8 -5.63 0.3 -5.33 0.8 -5.63 0.8 -5.33 4.025 -5.049489 3.301526 -2.295665 -4.025 -5.049489 -4.025 -5.049489 3.301526 -2.295665 -2.792934 4.805382 -4.025 -5.049489 -2.792934 4.805382 -4.025 4.849489 -4.025 4.849489 -2.792934 4.805382 -3.324123 5.049489 -4.025 4.849489 -3.324123 5.049489 -3.825 5.049489 4.025 -5.049489 4.025 -4.249489 3.301526 -2.295665 3.301526 -2.295665 4.025 -4.249489 3.695833 -2.883234 3.695833 -2.883234 4.025 -4.249489 3.941547 -3.546815 -2.943818 4.937169 -3.125851 5.020823 -2.792934 4.805382 -2.792934 4.805382 -3.125851 5.020823 -3.324123 5.049489 -3.825 5.049489 -3.925 5.022695 -4.025 4.849489 -4.025 4.849489 -3.925 5.022695 -3.998205 4.949489 2.793811 -4.805892 4.025 5.05 -3.301526 2.296176 -3.301526 2.296176 4.025 5.05 -4.025 5.05 -3.301526 2.296176 -4.025 5.05 -4.025 4.25 4.025 5.05 2.793811 -4.805892 4.025 -4.35 4.025 -4.35 2.793811 -4.805892 3.149478 -5.027637 4.025 -4.35 3.149478 -5.027637 3.568071 -5.006442 3.568071 -5.006442 3.899522 -4.749906 4.025 -4.35 -3.941547 3.547326 -3.695833 2.883745 -4.025 4.25 -4.025 4.25 -3.695833 2.883745 -3.301526 2.296176 9.4 5.33 9.4 5.63 0.3 5.33 0.3 5.33 9.4 5.63 0 5.63 0.3 5.33 0 5.63 0 -5.63 0.3 5.33 0 -5.63 0.3 -5.33 0.3 -5.33 0 -5.63 9.4 -5.63 0.3 -5.33 9.4 -5.63 9.4 -5.33 0 -5.33 0 -5.63 0.5 -5.33 0.5 -5.33 0 -5.63 0.8 -5.63 0.5 -5.33 0.8 -5.63 0.5 5.33 0.5 5.33 0.8 -5.63 0.8 5.63 0.5 5.33 0.8 5.63 0 5.63 0 5.63 0 5.33 0.5 5.33 5.63 2.127789 5.33 2.127789 5.63 1.418526 5.63 1.418526 5.33 2.127789 5.33 1.418526 5.63 1.418526 5.33 1.418526 5.33 0.709263 5.33 0 5.63 0 5.33 0.709263 5.33 0.709263 5.63 0 5.63 0.709263 5.33 0.709263 5.63 0.709263 5.63 1.418526 9.359086 -5.33 0 -5.33 9.359086 -5.63 9.359086 -5.63 0 -5.33 0 -5.63 3.301526 2.296176 -4.025 5.05 -2.793811 -4.805892 -2.793811 -4.805892 -4.025 5.05 -4.025 -4.35 -2.793811 -4.805892 -4.025 -4.35 -3.149478 -5.027637 -3.149478 -5.027637 -4.025 -4.35 -3.568071 -5.006442 -3.568071 -5.006442 -4.025 -4.35 -3.899522 -4.749906 3.695833 2.883745 4.025 4.25 3.301526 2.296176 3.301526 2.296176 4.025 4.25 4.025 5.05 3.301526 2.296176 4.025 5.05 -4.025 5.05 3.695833 2.883745 3.941547 3.547326 4.025 4.25 -0.314159 3.737679 -0.183841 3.806895 -0.314159 4.568274 -0.314159 4.568274 -0.183841 3.806895 -0.183841 4.568274 -0.314159 -4.568274 -0.183841 -4.568274 -0.183841 -3.806895 -0.183841 -3.806895 -0.183841 -4.568274 -0.053523 -4.568274 -0.183841 -3.806895 -0.053523 -4.568274 -0.053523 -3.806895 -0.053523 -3.806895 -0.053523 -4.568274 0.07679396 -4.568274 -0.053523 -3.806895 0.07679396 -4.568274 0.07679396 -3.806895 -0.183841 3.806895 -0.314159 3.737679 -0.183841 3.045516 -0.183841 3.045516 -0.314159 3.737679 -0.314159 2.907084 -0.183841 3.045516 -0.314159 2.907084 -0.183841 2.284137 -0.183841 2.284137 -0.314159 2.907084 -0.314159 2.076488 -0.183841 2.284137 -0.314159 2.076488 -0.183841 1.522758 -0.183841 1.522758 -0.314159 2.076488 -0.314159 1.245893 -0.183841 1.522758 -0.314159 1.245893 -0.183841 0.761379 -0.183841 0.761379 -0.314159 1.245893 -0.314159 0.415298 -0.183841 0.761379 -0.314159 0.415298 -0.183841 0 -0.183841 0 -0.314159 0.415298 -0.314159 -0.415298 -0.183841 0 -0.314159 -0.415298 -0.183841 -0.761379 -0.183841 -0.761379 -0.314159 -0.415298 -0.314159 -1.245893 -0.183841 -0.761379 -0.314159 -1.245893 -0.183841 -1.522758 -0.183841 -1.522758 -0.314159 -1.245893 -0.314159 -2.076488 -0.183841 -1.522758 -0.314159 -2.076488 -0.183841 -2.284137 -0.183841 -2.284137 -0.314159 -2.076488 -0.314159 -2.907084 -0.183841 -2.284137 -0.314159 -2.907084 -0.183841 -3.045516 -0.183841 -3.045516 -0.314159 -2.907084 -0.314159 -3.737679 -0.183841 -3.045516 -0.314159 -3.737679 -0.183841 -3.806895 -0.183841 -3.806895 -0.314159 -3.737679 -0.314159 -4.568274 -0.053523 -3.806895 0.07679396 -3.806895 -0.053523 -3.045516 -0.053523 -3.045516 0.07679396 -3.806895 0.07679396 -3.045516 -0.053523 -3.045516 0.07679396 -3.045516 -0.053523 -2.284137 -0.053523 -2.284137 0.07679396 -3.045516 0.07679396 -2.284137 -0.053523 -2.284137 0.07679396 -2.284137 -0.053523 -1.522758 -0.053523 -1.522758 0.07679396 -2.284137 0.07679396 -1.522758 -0.053523 -1.522758 0.07679396 -1.522758 -0.053523 -0.761379 -0.053523 -0.761379 0.07679396 -1.522758 0.07679396 -0.761379 -0.053523 -0.761379 0.07679396 -0.761379 -0.053523 0 -0.053523 0 0.07679396 -0.761379 0.07679396 0 -0.053523 0 0.07679396 0 -0.053523 0.761379 -0.053523 0.761379 0.07679396 0 0.07679396 0.761379 -0.053523 0.761379 0.07679396 0.761379 -0.053523 1.522758 -0.053523 1.522758 0.07679396 0.761379 0.07679396 1.522758 -0.053523 1.522758 0.07679396 1.522758 -0.053523 2.284137 -0.053523 2.284137 0.07679396 1.522758 0.07679396 2.284137 -0.053523 2.284137 0.07679396 2.284137 -0.053523 3.045516 -0.053523 3.045516 0.07679396 2.284137 0.07679396 3.045516 -0.053523 3.045516 0.07679396 3.045516 -0.053523 3.806895 -0.053523 3.806895 0.07679396 3.045516 0.07679396 3.806895 -0.053523 3.806895 0.07679396 3.806895 -0.053523 4.568274 -0.053523 -4.568274 0.07679396 -5.329654 0.07679396 -4.568274 -0.053523 -5.329654 -0.053523 -4.568274 -0.183841 -4.568274 -0.053523 3.806895 -0.183841 4.568274 -0.183841 3.806895 -0.053523 3.045516 -0.053523 3.806895 -0.183841 3.806895 -0.053523 2.284137 -0.053523 3.045516 -0.183841 3.045516 -0.183841 3.045516 -0.053523 3.045516 -0.183841 3.806895 -0.053523 1.522758 -0.053523 2.284137 -0.183841 2.284137 -0.183841 2.284137 -0.053523 2.284137 -0.183841 3.045516 -0.053523 0.761379 -0.053523 1.522758 -0.183841 1.522758 -0.183841 1.522758 -0.053523 1.522758 -0.183841 2.284137 -0.053523 0 -0.053523 0.761379 -0.183841 0.761379 -0.183841 0.761379 -0.053523 0.761379 -0.183841 1.522758 -0.053523 -0.761379 -0.053523 0 -0.183841 0 -0.183841 0 -0.053523 0 -0.183841 0.761379 -0.053523 -1.522758 -0.053523 -0.761379 -0.183841 -0.761379 -0.183841 -0.761379 -0.053523 -0.761379 -0.183841 0 -0.053523 -2.284137 -0.053523 -1.522758 -0.183841 -1.522758 -0.183841 -1.522758 -0.053523 -1.522758 -0.183841 -0.761379 -0.053523 -3.045516 -0.053523 -2.284137 -0.183841 -2.284137 -0.183841 -2.284137 -0.053523 -2.284137 -0.183841 -1.522758 -0.053523 -3.806895 -0.053523 -3.045516 -0.183841 -3.045516 -0.183841 -3.045516 -0.053523 -3.045516 -0.183841 -2.284137 -0.183841 -3.806895 -0.053523 -3.806895 -0.183841 -3.045516 0 3.234277 0.99773 3.369039 0 4.042847 0 4.042847 0.99773 3.369039 0.99773 4.042847 0 -4.042847 0.99773 -4.042847 0.99773 -3.369039 0.99773 3.369039 0 3.234277 0.99773 2.695231 0.99773 2.695231 0 3.234277 0 2.425708 0.99773 2.695231 0 2.425708 0.99773 2.021423 0.99773 2.021423 0 2.425708 0 1.617139 0.99773 2.021423 0 1.617139 0.99773 1.347615 0.99773 1.347615 0 1.617139 0 0.808569 0.99773 1.347615 0 0.808569 0.99773 0.673808 0.99773 0.673808 0 0.808569 0 0 0.99773 0.673808 0 0 0.99773 0 0.99773 0 0 0 0.99773 -0.673808 0.99773 -0.673808 0 0 0 -0.808569 0.99773 -0.673808 0 -0.808569 0.99773 -1.347615 0.99773 -1.347615 0 -0.808569 0 -1.617139 0.99773 -1.347615 0 -1.617139 0.99773 -2.021423 0.99773 -2.021423 0 -1.617139 0 -2.425708 0.99773 -2.021423 0 -2.425708 0.99773 -2.695231 0.99773 -2.695231 0 -2.425708 0 -3.234277 0.99773 -2.695231 0 -3.234277 0.99773 -3.369039 0.99773 -3.369039 0 -3.234277 0 -4.042847 -1.288319 0 -1.083803 -0.696518 -1.083803 0.696518 -1.083803 0.696518 -1.083803 -0.696518 -0.535187 1.171896 -0.535187 1.171896 -1.083803 -0.696518 -0.535187 -1.171896 -0.535187 1.171896 -0.535187 -1.171896 0.183347 1.275206 0.183347 1.275206 -0.535187 -1.171896 0.183347 -1.275206 0.183347 1.275206 0.183347 -1.275206 0.84367 0.973647 0.84367 0.973647 0.183347 -1.275206 0.84367 -0.973647 0.84367 0.973647 0.84367 -0.973647 1.236133 0.362961 1.236133 0.362961 0.84367 -0.973647 1.236133 -0.362961 0.889919 0.646564 0.797519 0.579432 1.1 0 1.1 0 0.797519 0.579432 0.985788 0 1.1 0 0.985788 0 0.797519 -0.579432 0.797519 0.579432 0.889919 0.646564 0.304625 0.93754 0.304625 0.93754 0.889919 0.646564 0.339919 1.046162 0.304625 0.93754 0.339919 1.046162 -0.339919 1.046162 0.304625 0.93754 -0.339919 1.046162 -0.304625 0.93754 -0.304625 0.93754 -0.339919 1.046162 -0.889919 0.646564 -0.304625 0.93754 -0.889919 0.646564 -0.797519 0.579432 -0.797519 0.579432 -0.889919 0.646564 -1.1 0 -0.797519 0.579432 -1.1 0 -0.985788 0 -0.985788 0 -1.1 0 -0.797519 -0.579432 -0.797519 -0.579432 -1.1 0 -0.889919 -0.646564 -0.797519 -0.579432 -0.889919 -0.646564 -0.304625 -0.93754 -0.304625 -0.93754 -0.889919 -0.646564 -0.339919 -1.046162 -0.304625 -0.93754 -0.339919 -1.046162 0.339919 -1.046162 -0.304625 -0.93754 0.339919 -1.046162 0.304625 -0.93754 0.304625 -0.93754 0.339919 -1.046162 0.889919 -0.646564 0.304625 -0.93754 0.889919 -0.646564 0.797519 -0.579432 0.797519 -0.579432 0.889919 -0.646564 1.1 0 0.55 -2.477555 0 -2.477555 0.55 -3.096944 0.55 -3.096944 0 -2.477555 0 -3.096944 0.55 3.096944 0 3.096944 0.55 2.477555 0.55 2.477555 0 3.096944 0 2.477555 0.55 2.477555 0 2.477555 0.55 1.858166 0.55 1.858166 0 2.477555 0 1.858166 0.55 1.858166 0 1.858166 0.55 1.238778 0.55 1.238778 0 1.858166 0 1.238778 0.55 1.238778 0 1.238778 0.55 0.619389 0.55 0.619389 0 1.238778 0 0.619389 0.55 0.619389 0 0.619389 0.55 0 0.55 0 0 0.619389 0 0 0.55 0 0 0 0.55 -0.619389 0.55 -0.619389 0 0 0 -0.619389 0.55 -0.619389 0 -0.619389 0.55 -1.238778 0.55 -1.238778 0 -0.619389 0 -1.238778 0.55 -1.238778 0 -1.238778 0.55 -1.858166 0.55 -1.858166 0 -1.238778 0 -1.858166 0.55 -1.858166 0 -1.858166 0.55 -2.477555 0.55 -2.477555 0 -1.858166 0 -2.477555 0.575823 -2.99807 0 -3.066208 0.575823 -3.747587 0.575823 -3.747587 0 -3.066208 0 -3.747587 0.575823 3.747587 0 3.747587 0 3.066208 0 -3.066208 0.575823 -2.99807 0 -2.384828 0 -2.384828 0.575823 -2.99807 0.575823 -2.248552 0 -2.384828 0.575823 -2.248552 0 -1.703449 0 -1.703449 0.575823 -2.248552 0.575823 -1.499035 0 -1.703449 0.575823 -1.499035 0 -1.022069 0 -1.022069 0.575823 -1.499035 0.575823 -0.749517 0 -1.022069 0.575823 -0.749517 0 -0.34069 0 -0.34069 0.575823 -0.749517 0.575823 0 0 -0.34069 0.575823 0 0 0.34069 0 0.34069 0.575823 0 0.575823 0.749517 0 0.34069 0.575823 0.749517 0 1.022069 0 1.022069 0.575823 0.749517 0.575823 1.499035 0 1.022069 0.575823 1.499035 0 1.703449 0 1.703449 0.575823 1.499035 0.575823 2.248552 0 1.703449 0.575823 2.248552 0 2.384828 0 2.384828 0.575823 2.248552 0.575823 2.99807 0 2.384828 0.575823 2.99807 0 3.066208 0 3.066208 0.575823 2.99807 0.575823 3.747587 0.2 -3.598552 0 -3.598552 0.2 -4.39823 0.2 -4.39823 0 -3.598552 0 -4.39823 0.2 4.39823 0 4.39823 0.2 3.598552 0.2 3.598552 0 4.39823 0 3.598552 0.2 3.598552 0 3.598552 0.2 2.798873 0.2 2.798873 0 3.598552 0 2.798873 0.2 2.798873 0 2.798873 0.2 1.999195 0.2 1.999195 0 2.798873 0 1.999195 0.2 1.999195 0 1.999195 0.2 1.199517 0.2 1.199517 0 1.999195 0 1.199517 0.2 1.199517 0 1.199517 0.2 0.399839 0.2 0.399839 0 1.199517 0 0.399839 0.2 0.399839 0 0.399839 0.2 -0.399839 0.2 -0.399839 0 0.399839 0 -0.399839 0.2 -0.399839 0 -0.399839 0.2 -1.199517 0.2 -1.199517 0 -0.399839 0 -1.199517 0.2 -1.199517 0 -1.199517 0.2 -1.999195 0.2 -1.999195 0 -1.199517 0 -1.999195 0.2 -1.999195 0 -1.999195 0.2 -2.798873 0.2 -2.798873 0 -1.999195 0 -2.798873 0.2 -2.798873 0 -2.798873 0.2 -3.598552 0.2 -3.598552 0 -2.798873 0 -3.598552 0.141421 2.513274 0.141421 3.141593 -0.141421 3.141593 -0.141421 -3.141593 0.141421 -3.141593 0.141421 -2.513274 -0.141421 -3.141593 0.141421 -2.513274 -0.141421 -2.443461 -0.141421 -2.443461 0.141421 -2.513274 0.141421 -1.884956 -0.141421 -2.443461 0.141421 -1.884956 -0.141421 -1.745329 -0.141421 -1.745329 0.141421 -1.884956 0.141421 -1.256637 -0.141421 -1.745329 0.141421 -1.256637 -0.141421 -1.047198 -0.141421 -1.047198 0.141421 -1.256637 0.141421 -0.628319 -0.141421 -1.047198 0.141421 -0.628319 -0.141421 -0.349066 -0.141421 -0.349066 0.141421 -0.628319 0.141421 0 -0.141421 -0.349066 0.141421 0 -0.141421 0.349066 -0.141421 0.349066 0.141421 0 0.141421 0.628319 -0.141421 0.349066 0.141421 0.628319 -0.141421 1.047198 -0.141421 1.047198 0.141421 0.628319 0.141421 1.256637 -0.141421 1.047198 0.141421 1.256637 -0.141421 1.745329 -0.141421 1.745329 0.141421 1.256637 0.141421 1.884956 -0.141421 1.745329 0.141421 1.884956 -0.141421 2.443461 -0.141421 2.443461 0.141421 1.884956 0.141421 2.513274 -0.141421 2.443461 0.141421 2.513274 -0.141421 3.141593 0 -2.764602 -0.8 -2.764602 0 -3.455752 0 -3.455752 -0.8 -2.764602 -0.8 -3.455752 0 3.455752 -0.8 3.455752 0 2.764602 0 2.764602 -0.8 3.455752 -0.8 2.764602 0 2.764602 -0.8 2.764602 0 2.073451 0 2.073451 -0.8 2.764602 -0.8 2.073451 0 2.073451 -0.8 2.073451 0 1.382301 0 1.382301 -0.8 2.073451 -0.8 1.382301 0 1.382301 -0.8 1.382301 0 0.69115 0 0.69115 -0.8 1.382301 -0.8 0.69115 0 0.69115 -0.8 0.69115 0 0 0 0 -0.8 0.69115 -0.8 0 0 0 -0.8 0 0 -0.69115 0 -0.69115 -0.8 0 -0.8 -0.69115 0 -0.69115 -0.8 -0.69115 0 -1.382301 0 -1.382301 -0.8 -0.69115 -0.8 -1.382301 0 -1.382301 -0.8 -1.382301 0 -2.073451 0 -2.073451 -0.8 -1.382301 -0.8 -2.073451 0 -2.073451 -0.8 -2.073451 0 -2.764602 0 -2.764602 -0.8 -2.073451 -0.8 -2.764602 0 0.9 -0.578509 0.68944 0.578509 0.68944 0.578509 0.68944 -0.578509 0.68944 0.886327 0.156283 0.886327 0.156283 -0.578509 0.68944 -0.886327 0.156283 0.886327 0.156283 -0.886327 0.156283 0.779423 -0.45 0.779423 -0.45 -0.886327 0.156283 -0.779423 -0.45 0.779423 -0.45 -0.779423 -0.45 0.307818 -0.845723 0.307818 -0.845723 -0.779423 -0.45 -0.307818 -0.845723 0 2.822171 -0.18326 2.69389 0 2.116628 0 2.116628 -0.18326 2.69389 -0.18326 1.924207 0 2.116628 -0.18326 1.924207 0 1.411085 0 1.411085 -0.18326 1.924207 -0.18326 1.154524 0 1.411085 -0.18326 1.154524 0 0.705543 0 0.705543 -0.18326 1.154524 -0.18326 0.384841 0 0.705543 -0.18326 0.384841 0 0 0 0 -0.18326 0.384841 -0.18326 -0.384841 0 0 -0.18326 -0.384841 0 -0.705543 0 -0.705543 -0.18326 -0.384841 -0.18326 -1.154524 0 -0.705543 -0.18326 -1.154524 0 -1.411085 0 -1.411085 -0.18326 -1.154524 -0.18326 -1.924207 0 -1.411085 -0.18326 -1.924207 0 -2.116628 0 -2.116628 -0.18326 -1.924207 -0.18326 -2.69389 0 -2.116628 -0.18326 -2.69389 0 -2.822171 0 -2.822171 -0.18326 -2.69389 -0.18326 -3.463573 0 -2.822171 -0.18326 -3.463573 0 -3.527714 0 -3.527714 -0.18326 -3.463573 -0.18326 -4.233256 0 -3.527714 -0.18326 -4.233256 0 -4.233256 0 4.233256 -0.18326 4.233256 0 3.527714 0 3.527714 -0.18326 4.233256 -0.18326 3.463573 0 3.527714 -0.18326 3.463573 0 2.822171 0 2.822171 -0.18326 3.463573 -0.18326 2.69389 -0.549779 1.269977 -0.366519 1.924207 -0.549779 2.116628 -0.549779 2.116628 -0.366519 1.924207 -0.366519 2.69389 -0.549779 2.116628 -0.366519 2.69389 -0.549779 2.963279 -0.549779 2.963279 -0.366519 2.69389 -0.366519 3.463573 -0.549779 2.963279 -0.366519 3.463573 -0.549779 3.809931 -0.549779 3.809931 -0.366519 3.463573 -0.366519 4.233256 -0.549779 3.809931 -0.366519 4.233256 -0.549779 4.656582 -0.549779 -3.809931 -0.366519 -4.233256 -0.366519 -3.463573 -0.549779 -3.809931 -0.366519 -3.463573 -0.549779 -2.963279 -0.549779 -2.963279 -0.366519 -3.463573 -0.366519 -2.69389 -0.549779 -2.963279 -0.366519 -2.69389 -0.549779 -2.116628 -0.549779 -2.116628 -0.366519 -2.69389 -0.366519 -1.924207 -0.549779 -2.116628 -0.366519 -1.924207 -0.549779 -1.269977 -0.549779 -1.269977 -0.366519 -1.924207 -0.366519 -1.154524 -0.549779 -1.269977 -0.366519 -1.154524 -0.549779 -0.423326 -0.549779 -0.423326 -0.366519 -1.154524 -0.366519 -0.384841 -0.549779 -0.423326 -0.366519 -0.384841 -0.366519 0.384841 -0.366519 0.384841 -0.366519 -0.384841 -0.18326 -0.384841 -0.366519 0.384841 -0.18326 -0.384841 -0.18326 0.384841 -0.366519 1.924207 -0.549779 1.269977 -0.366519 1.154524 -0.366519 1.154524 -0.549779 1.269977 -0.549779 0.423326 -0.366519 1.154524 -0.549779 0.423326 -0.366519 0.384841 -0.366519 0.384841 -0.549779 0.423326 -0.549779 -0.423326 -0.18326 4.233256 -0.366519 4.233256 -0.18326 3.463573 -0.18326 3.463573 -0.366519 4.233256 -0.366519 3.463573 -0.18326 3.463573 -0.366519 3.463573 -0.18326 2.69389 -0.18326 2.69389 -0.366519 3.463573 -0.366519 2.69389 -0.18326 2.69389 -0.366519 2.69389 -0.18326 1.924207 -0.18326 1.924207 -0.366519 2.69389 -0.366519 1.924207 -0.18326 1.924207 -0.366519 1.924207 -0.18326 1.154524 -0.18326 1.154524 -0.366519 1.924207 -0.366519 1.154524 -0.18326 1.154524 -0.366519 1.154524 -0.18326 0.384841 -0.18326 0.384841 -0.366519 1.154524 -0.366519 0.384841 -0.366519 -4.233256 -0.18326 -4.233256 -0.366519 -3.463573 -0.366519 -3.463573 -0.18326 -4.233256 -0.18326 -3.463573 -0.366519 -3.463573 -0.18326 -3.463573 -0.366519 -2.69389 -0.366519 -2.69389 -0.18326 -3.463573 -0.18326 -2.69389 -0.366519 -2.69389 -0.18326 -2.69389 -0.366519 -1.924207 -0.366519 -1.924207 -0.18326 -2.69389 -0.18326 -1.924207 -0.366519 -1.924207 -0.18326 -1.924207 -0.366519 -1.154524 -0.366519 -1.154524 -0.18326 -1.924207 -0.18326 -1.154524 -0.366519 -1.154524 -0.18326 -1.154524 -0.366519 -0.384841 -0.366519 -0.384841 -0.18326 -1.154524 -0.18326 -0.384841 0 -3.796091 -0.6 -3.796091 0 -4.55531 0 -4.55531 -0.6 -3.796091 -0.6 -4.55531 0 4.55531 -0.6 4.55531 0 3.796091 0 3.796091 -0.6 4.55531 -0.6 3.796091 0 3.796091 -0.6 3.796091 -0.6 3.036873 0 -3.796091 0 -3.036873 -0.6 -3.796091 -0.6 -3.796091 0 -3.036873 -0.6 -3.036873 -0.6 -3.036873 0 -3.036873 0 -2.277655 -0.6 -3.036873 0 -2.277655 -0.6 -2.277655 -0.6 -2.277655 0 -2.277655 0 -1.518437 -0.6 -2.277655 0 -1.518437 -0.6 -1.518437 -0.6 -1.518437 0 -1.518437 0 -0.759218 -0.6 -1.518437 0 -0.759218 -0.6 -0.759218 -0.6 -0.759218 0 -0.759218 0 0 -0.6 -0.759218 0 0 -0.6 0 -0.6 0 0 0 0 0.759218 -0.6 0 0 0.759218 -0.6 0.759218 -0.6 0.759218 0 0.759218 0 1.518437 -0.6 0.759218 0 1.518437 -0.6 1.518437 -0.6 1.518437 0 1.518437 0 2.277655 -0.6 1.518437 0 2.277655 -0.6 2.277655 -0.6 2.277655 0 2.277655 0 3.036873 -0.6 2.277655 0 3.036873 -0.6 3.036873 -0.6 3.036873 0 3.036873 0 3.796091 0 2.822171 -0.18326 2.69389 0 2.116628 0 2.116628 -0.18326 2.69389 -0.18326 1.924207 0 2.116628 -0.18326 1.924207 0 1.411085 0 1.411085 -0.18326 1.924207 -0.18326 1.154524 0 1.411085 -0.18326 1.154524 0 0.705543 0 0.705543 -0.18326 1.154524 -0.18326 0.384841 0 0.705543 -0.18326 0.384841 0 0 0 0 -0.18326 0.384841 -0.18326 -0.384841 0 0 -0.18326 -0.384841 0 -0.705543 0 -0.705543 -0.18326 -0.384841 -0.18326 -1.154524 0 -0.705543 -0.18326 -1.154524 0 -1.411085 0 -1.411085 -0.18326 -1.154524 -0.18326 -1.924207 0 -1.411085 -0.18326 -1.924207 0 -2.116628 0 -2.116628 -0.18326 -1.924207 -0.18326 -2.69389 0 -2.116628 -0.18326 -2.69389 0 -2.822171 0 -2.822171 -0.18326 -2.69389 -0.18326 -3.463573 0 -2.822171 -0.18326 -3.463573 0 -3.527714 0 -3.527714 -0.18326 -3.463573 -0.18326 -4.233256 0 -3.527714 -0.18326 -4.233256 0 -4.233256 0 4.233256 -0.18326 4.233256 0 3.527714 0 3.527714 -0.18326 4.233256 -0.18326 3.463573 0 3.527714 -0.18326 3.463573 0 2.822171 0 2.822171 -0.18326 3.463573 -0.18326 2.69389 -0.549779 1.269977 -0.366519 1.924207 -0.549779 2.116628 -0.549779 2.116628 -0.366519 1.924207 -0.366519 2.69389 -0.549779 2.116628 -0.366519 2.69389 -0.549779 2.963279 -0.549779 2.963279 -0.366519 2.69389 -0.366519 3.463573 -0.549779 2.963279 -0.366519 3.463573 -0.549779 3.809931 -0.549779 3.809931 -0.366519 3.463573 -0.366519 4.233256 -0.549779 3.809931 -0.366519 4.233256 -0.549779 4.656582 -0.549779 -3.809931 -0.366519 -4.233256 -0.366519 -3.463573 -0.549779 -3.809931 -0.366519 -3.463573 -0.549779 -2.963279 -0.549779 -2.963279 -0.366519 -3.463573 -0.366519 -2.69389 -0.549779 -2.963279 -0.366519 -2.69389 -0.549779 -2.116628 -0.549779 -2.116628 -0.366519 -2.69389 -0.366519 -1.924207 -0.549779 -2.116628 -0.366519 -1.924207 -0.549779 -1.269977 -0.549779 -1.269977 -0.366519 -1.924207 -0.366519 -1.154524 -0.549779 -1.269977 -0.366519 -1.154524 -0.549779 -0.423326 -0.549779 -0.423326 -0.366519 -1.154524 -0.366519 -0.384841 -0.549779 -0.423326 -0.366519 -0.384841 -0.366519 0.384841 -0.366519 0.384841 -0.366519 -0.384841 -0.18326 -0.384841 -0.366519 0.384841 -0.18326 -0.384841 -0.18326 0.384841 -0.366519 1.924207 -0.549779 1.269977 -0.366519 1.154524 -0.366519 1.154524 -0.549779 1.269977 -0.549779 0.423326 -0.366519 1.154524 -0.549779 0.423326 -0.366519 0.384841 -0.366519 0.384841 -0.549779 0.423326 -0.549779 -0.423326 -0.18326 4.233256 -0.366519 4.233256 -0.18326 3.463573 -0.18326 3.463573 -0.366519 4.233256 -0.366519 3.463573 -0.18326 3.463573 -0.366519 3.463573 -0.18326 2.69389 -0.18326 2.69389 -0.366519 3.463573 -0.366519 2.69389 -0.18326 2.69389 -0.366519 2.69389 -0.18326 1.924207 -0.18326 1.924207 -0.366519 2.69389 -0.366519 1.924207 -0.18326 1.924207 -0.366519 1.924207 -0.18326 1.154524 -0.18326 1.154524 -0.366519 1.924207 -0.366519 1.154524 -0.18326 1.154524 -0.366519 1.154524 -0.18326 0.384841 -0.18326 0.384841 -0.366519 1.154524 -0.366519 0.384841 -0.366519 -4.233256 -0.18326 -4.233256 -0.366519 -3.463573 -0.366519 -3.463573 -0.18326 -4.233256 -0.18326 -3.463573 -0.366519 -3.463573 -0.18326 -3.463573 -0.366519 -2.69389 -0.366519 -2.69389 -0.18326 -3.463573 -0.18326 -2.69389 -0.366519 -2.69389 -0.18326 -2.69389 -0.366519 -1.924207 -0.366519 -1.924207 -0.18326 -2.69389 -0.18326 -1.924207 -0.366519 -1.924207 -0.18326 -1.924207 -0.366519 -1.154524 -0.366519 -1.154524 -0.18326 -1.924207 -0.18326 -1.154524 -0.366519 -1.154524 -0.18326 -1.154524 -0.366519 -0.384841 -0.366519 -0.384841 -0.18326 -1.154524 -0.18326 -0.384841 -0.646564 0.889919 0 -1.1 0 1.1 0 1.1 0 -1.1 0.646564 -0.889919 0 1.1 0.646564 -0.889919 0.646564 0.889919 0.646564 0.889919 0.646564 -0.889919 1.046162 -0.339919 0.646564 0.889919 1.046162 -0.339919 1.046162 0.339919 0 -1.1 -0.646564 0.889919 -0.646564 -0.889919 -0.646564 -0.889919 -0.646564 0.889919 -1.046162 0.339919 -0.646564 -0.889919 -1.046162 0.339919 -1.046162 -0.339919 0 -3.796091 -0.6 -3.796091 0 -4.55531 0 -4.55531 -0.6 -3.796091 -0.6 -4.55531 0 4.55531 -0.6 4.55531 0 3.796091 0 3.796091 -0.6 4.55531 -0.6 3.796091 0 3.796091 -0.6 3.796091 -0.6 3.036873 0 -3.796091 0 -3.036873 -0.6 -3.796091 -0.6 -3.796091 0 -3.036873 -0.6 -3.036873 -0.6 -3.036873 0 -3.036873 0 -2.277655 -0.6 -3.036873 0 -2.277655 -0.6 -2.277655 -0.6 -2.277655 0 -2.277655 0 -1.518437 -0.6 -2.277655 0 -1.518437 -0.6 -1.518437 -0.6 -1.518437 0 -1.518437 0 -0.759218 -0.6 -1.518437 0 -0.759218 -0.6 -0.759218 -0.6 -0.759218 0 -0.759218 0 0 -0.6 -0.759218 0 0 -0.6 0 -0.6 0 0 0 0 0.759218 -0.6 0 0 0.759218 -0.6 0.759218 -0.6 0.759218 0 0.759218 0 1.518437 -0.6 0.759218 0 1.518437 -0.6 1.518437 -0.6 1.518437 0 1.518437 0 2.277655 -0.6 1.518437 0 2.277655 -0.6 2.277655 -0.6 2.277655 0 2.277655 0 3.036873 -0.6 2.277655 0 3.036873 -0.6 3.036873 -0.6 3.036873 0 3.036873 0 3.796091 0 2.323288 -0.2094399 2.044494 0 1.703745 0 1.703745 -0.2094399 2.044494 -0.2094399 1.362996 0 1.703745 -0.2094399 1.362996 0 1.084201 0 1.084201 -0.2094399 1.362996 -0.2094399 0.681498 0 1.084201 -0.2094399 0.681498 0 0.464658 0 0.464658 -0.2094399 0.681498 -0.2094399 0 0 0.464658 -0.2094399 0 0 -0.154886 0 -0.154886 -0.2094399 0 -0.2094399 -0.681498 0 -0.154886 -0.2094399 -0.681498 0 -0.774429 0 -0.774429 -0.2094399 -0.681498 -0.2094399 -1.362996 0 -0.774429 -0.2094399 -1.362996 0 -1.393973 0 -1.393973 -0.2094399 -1.362996 -0.2094399 -2.044494 0 -1.393973 -0.2094399 -2.044494 0 -2.013517 0 -2.013517 -0.2094399 -2.044494 0 -2.63306 0 -2.63306 -0.2094399 -2.044494 -0.2094399 -2.725992 0 -2.63306 -0.2094399 -2.725992 0 -3.252604 0 -3.252604 -0.2094399 -2.725992 -0.2094399 -3.40749 0 -3.252604 -0.2094399 -3.40749 0 -3.872147 0 2.942832 -0.2094399 3.40749 -0.2094399 2.725992 0 2.942832 -0.2094399 2.725992 0 2.323288 0 2.323288 -0.2094399 2.725992 -0.2094399 2.044494 -0.628319 0.946525 -0.418879 1.362996 -0.628319 1.703745 -0.628319 1.703745 -0.418879 1.362996 -0.418879 2.044494 -0.628319 1.703745 -0.418879 2.044494 -0.628319 2.460965 -0.628319 2.460965 -0.418879 2.044494 -0.418879 2.725992 -0.628319 2.460965 -0.418879 2.725992 -0.628319 3.218184 -0.628319 3.218184 -0.418879 2.725992 -0.418879 3.40749 -0.628319 3.218184 -0.418879 3.40749 -0.628319 3.975405 -0.628319 -2.839575 -0.418879 -3.40749 -0.418879 -2.725992 -0.628319 -2.839575 -0.418879 -2.725992 -0.628319 -2.082355 -0.628319 -2.082355 -0.418879 -2.725992 -0.418879 -2.044494 -0.628319 -2.082355 -0.418879 -2.044494 -0.418879 -1.362996 -0.418879 -1.362996 -0.418879 -2.044494 -0.2094399 -2.044494 -0.418879 -1.362996 -0.2094399 -2.044494 -0.2094399 -1.362996 -0.418879 1.362996 -0.628319 0.946525 -0.418879 0.681498 -0.418879 0.681498 -0.628319 0.946525 -0.628319 0.189305 -0.418879 0.681498 -0.628319 0.189305 -0.418879 0 -0.418879 0 -0.628319 0.189305 -0.628319 -0.567915 -0.418879 0 -0.628319 -0.567915 -0.418879 -0.681498 -0.418879 -0.681498 -0.628319 -0.567915 -0.628319 -1.325135 -0.418879 -0.681498 -0.628319 -1.325135 -0.418879 -1.362996 -0.418879 -1.362996 -0.628319 -1.325135 -0.628319 -2.082355 -0.2094399 3.40749 -0.418879 3.40749 -0.2094399 2.725992 -0.2094399 2.725992 -0.418879 3.40749 -0.418879 2.725992 -0.2094399 2.725992 -0.418879 2.725992 -0.2094399 2.044494 -0.2094399 2.044494 -0.418879 2.725992 -0.418879 2.044494 -0.2094399 2.044494 -0.418879 2.044494 -0.2094399 1.362996 -0.2094399 1.362996 -0.418879 2.044494 -0.418879 1.362996 -0.2094399 1.362996 -0.418879 1.362996 -0.2094399 0.681498 -0.2094399 0.681498 -0.418879 1.362996 -0.418879 0.681498 -0.2094399 0.681498 -0.418879 0.681498 -0.2094399 0 -0.2094399 0 -0.418879 0.681498 -0.418879 0 -0.2094399 0 -0.418879 0 -0.2094399 -0.681498 -0.2094399 -0.681498 -0.418879 0 -0.418879 -0.681498 -0.2094399 -0.681498 -0.418879 -0.681498 -0.2094399 -1.362996 -0.2094399 -1.362996 -0.418879 -0.681498 -0.418879 -1.362996 -0.418879 -3.40749 -0.2094399 -3.40749 -0.418879 -2.725992 -0.418879 -2.725992 -0.2094399 -3.40749 -0.2094399 -2.725992 -0.418879 -2.725992 -0.2094399 -2.725992 -0.418879 -2.044494 -0.418879 -2.044494 -0.2094399 -2.725992 -0.2094399 -2.044494 0 -3.089086 -0.1 -3.089086 0 -3.77555 0 -3.77555 -0.1 -3.089086 -0.1 -3.77555 0 3.77555 -0.1 3.77555 0 3.089086 0 3.089086 -0.1 3.77555 -0.1 3.089086 0 3.089086 -0.1 3.089086 -0.1 2.402623 0 -3.089086 0 -2.402623 -0.1 -3.089086 -0.1 -3.089086 0 -2.402623 -0.1 -2.402623 -0.1 -2.402623 0 -2.402623 0 -1.716159 -0.1 -2.402623 0 -1.716159 -0.1 -1.716159 -0.1 -1.716159 0 -1.716159 0 -1.029695 -0.1 -1.716159 0 -1.029695 -0.1 -1.029695 -0.1 -1.029695 0 -1.029695 0 -0.343232 -0.1 -1.029695 0 -0.343232 -0.1 -0.343232 -0.1 -0.343232 0 -0.343232 0 0.343232 -0.1 -0.343232 0 0.343232 -0.1 0.343232 -0.1 0.343232 0 0.343232 0 1.029695 -0.1 0.343232 0 1.029695 -0.1 1.029695 -0.1 1.029695 0 1.029695 0 1.716159 -0.1 1.029695 0 1.716159 -0.1 1.716159 -0.1 1.716159 0 1.716159 0 2.402623 -0.1 1.716159 0 2.402623 -0.1 2.402623 -0.1 2.402623 0 2.402623 0 3.089086 0 0.801795 -0.515384 0.614211 0.515384 0.614211 0.515384 0.614211 -0.515384 0.614211 0.789614 0.13923 0.789614 0.13923 -0.515384 0.614211 -0.789614 0.13923 0.789614 0.13923 -0.789614 0.13923 0.694375 -0.400897 0.694375 -0.400897 -0.789614 0.13923 -0.694375 -0.400897 0.694375 -0.400897 -0.694375 -0.400897 0.27423 -0.753441 0.27423 -0.753441 -0.694375 -0.400897 -0.27423 -0.753441 0 2.323288 -0.2094399 2.044494 0 1.703745 0 1.703745 -0.2094399 2.044494 -0.2094399 1.362996 0 1.703745 -0.2094399 1.362996 0 1.084201 0 1.084201 -0.2094399 1.362996 -0.2094399 0.681498 0 1.084201 -0.2094399 0.681498 0 0.464658 0 0.464658 -0.2094399 0.681498 -0.2094399 0 0 0.464658 -0.2094399 0 0 -0.154886 0 -0.154886 -0.2094399 0 -0.2094399 -0.681498 0 -0.154886 -0.2094399 -0.681498 0 -0.774429 0 -0.774429 -0.2094399 -0.681498 -0.2094399 -1.362996 0 -0.774429 -0.2094399 -1.362996 0 -1.393973 0 -1.393973 -0.2094399 -1.362996 -0.2094399 -2.044494 0 -1.393973 -0.2094399 -2.044494 0 -2.013517 0 -2.013517 -0.2094399 -2.044494 0 -2.63306 0 -2.63306 -0.2094399 -2.044494 -0.2094399 -2.725992 0 -2.63306 -0.2094399 -2.725992 0 -3.252604 0 -3.252604 -0.2094399 -2.725992 -0.2094399 -3.40749 0 -3.252604 -0.2094399 -3.40749 0 -3.872147 0 2.942832 -0.2094399 3.40749 -0.2094399 2.725992 0 2.942832 -0.2094399 2.725992 0 2.323288 0 2.323288 -0.2094399 2.725992 -0.2094399 2.044494 -0.628319 0.946525 -0.418879 1.362996 -0.628319 1.703745 -0.628319 1.703745 -0.418879 1.362996 -0.418879 2.044494 -0.628319 1.703745 -0.418879 2.044494 -0.628319 2.460965 -0.628319 2.460965 -0.418879 2.044494 -0.418879 2.725992 -0.628319 2.460965 -0.418879 2.725992 -0.628319 3.218184 -0.628319 3.218184 -0.418879 2.725992 -0.418879 3.40749 -0.628319 3.218184 -0.418879 3.40749 -0.628319 3.975405 -0.628319 -2.839575 -0.418879 -3.40749 -0.418879 -2.725992 -0.628319 -2.839575 -0.418879 -2.725992 -0.628319 -2.082355 -0.628319 -2.082355 -0.418879 -2.725992 -0.418879 -2.044494 -0.628319 -2.082355 -0.418879 -2.044494 -0.418879 -1.362996 -0.418879 -1.362996 -0.418879 -2.044494 -0.2094399 -2.044494 -0.418879 -1.362996 -0.2094399 -2.044494 -0.2094399 -1.362996 -0.418879 1.362996 -0.628319 0.946525 -0.418879 0.681498 -0.418879 0.681498 -0.628319 0.946525 -0.628319 0.189305 -0.418879 0.681498 -0.628319 0.189305 -0.418879 0 -0.418879 0 -0.628319 0.189305 -0.628319 -0.567915 -0.418879 0 -0.628319 -0.567915 -0.418879 -0.681498 -0.418879 -0.681498 -0.628319 -0.567915 -0.628319 -1.325135 -0.418879 -0.681498 -0.628319 -1.325135 -0.418879 -1.362996 -0.418879 -1.362996 -0.628319 -1.325135 -0.628319 -2.082355 -0.2094399 3.40749 -0.418879 3.40749 -0.2094399 2.725992 -0.2094399 2.725992 -0.418879 3.40749 -0.418879 2.725992 -0.2094399 2.725992 -0.418879 2.725992 -0.2094399 2.044494 -0.2094399 2.044494 -0.418879 2.725992 -0.418879 2.044494 -0.2094399 2.044494 -0.418879 2.044494 -0.2094399 1.362996 -0.2094399 1.362996 -0.418879 2.044494 -0.418879 1.362996 -0.2094399 1.362996 -0.418879 1.362996 -0.2094399 0.681498 -0.2094399 0.681498 -0.418879 1.362996 -0.418879 0.681498 -0.2094399 0.681498 -0.418879 0.681498 -0.2094399 0 -0.2094399 0 -0.418879 0.681498 -0.418879 0 -0.2094399 0 -0.418879 0 -0.2094399 -0.681498 -0.2094399 -0.681498 -0.418879 0 -0.418879 -0.681498 -0.2094399 -0.681498 -0.418879 -0.681498 -0.2094399 -1.362996 -0.2094399 -1.362996 -0.418879 -0.681498 -0.418879 -1.362996 -0.418879 -3.40749 -0.2094399 -3.40749 -0.418879 -2.725992 -0.418879 -2.725992 -0.2094399 -3.40749 -0.2094399 -2.725992 -0.418879 -2.725992 -0.2094399 -2.725992 -0.418879 -2.044494 -0.418879 -2.044494 -0.2094399 -2.725992 -0.2094399 -2.044494 0 -3.089086 -0.1 -3.089086 0 -3.77555 0 -3.77555 -0.1 -3.089086 -0.1 -3.77555 0 3.77555 -0.1 3.77555 0 3.089086 0 3.089086 -0.1 3.77555 -0.1 3.089086 0 3.089086 -0.1 3.089086 -0.1 2.402623 0 -3.089086 0 -2.402623 -0.1 -3.089086 -0.1 -3.089086 0 -2.402623 -0.1 -2.402623 -0.1 -2.402623 0 -2.402623 0 -1.716159 -0.1 -2.402623 0 -1.716159 -0.1 -1.716159 -0.1 -1.716159 0 -1.716159 0 -1.029695 -0.1 -1.716159 0 -1.029695 -0.1 -1.029695 -0.1 -1.029695 0 -1.029695 0 -0.343232 -0.1 -1.029695 0 -0.343232 -0.1 -0.343232 -0.1 -0.343232 0 -0.343232 0 0.343232 -0.1 -0.343232 0 0.343232 -0.1 0.343232 -0.1 0.343232 0 0.343232 0 1.029695 -0.1 0.343232 0 1.029695 -0.1 1.029695 -0.1 1.029695 0 1.029695 0 1.716159 -0.1 1.029695 0 1.716159 -0.1 1.716159 -0.1 1.716159 0 1.716159 0 2.402623 -0.1 1.716159 0 2.402623 -0.1 2.402623 -0.1 2.402623 0 2.402623 0 3.089086 0 0.801795 -0.515384 0.614211 0.515384 0.614211 0.515384 0.614211 -0.515384 0.614211 0.789614 0.13923 0.789614 0.13923 -0.515384 0.614211 -0.789614 0.13923 0.789614 0.13923 -0.789614 0.13923 0.694375 -0.400897 0.694375 -0.400897 -0.789614 0.13923 -0.694375 -0.400897 0.694375 -0.400897 -0.694375 -0.400897 0.27423 -0.753441 0.27423 -0.753441 -0.694375 -0.400897 -0.27423 -0.753441 0 2.323288 -0.2094399 2.044494 0 1.703745 0 1.703745 -0.2094399 2.044494 -0.2094399 1.362996 0 1.703745 -0.2094399 1.362996 0 1.084201 0 1.084201 -0.2094399 1.362996 -0.2094399 0.681498 0 1.084201 -0.2094399 0.681498 0 0.464658 0 0.464658 -0.2094399 0.681498 -0.2094399 0 0 0.464658 -0.2094399 0 0 -0.154886 0 -0.154886 -0.2094399 0 -0.2094399 -0.681498 0 -0.154886 -0.2094399 -0.681498 0 -0.774429 0 -0.774429 -0.2094399 -0.681498 -0.2094399 -1.362996 0 -0.774429 -0.2094399 -1.362996 0 -1.393973 0 -1.393973 -0.2094399 -1.362996 -0.2094399 -2.044494 0 -1.393973 -0.2094399 -2.044494 0 -2.013517 0 -2.013517 -0.2094399 -2.044494 0 -2.63306 0 -2.63306 -0.2094399 -2.044494 -0.2094399 -2.725992 0 -2.63306 -0.2094399 -2.725992 0 -3.252604 0 -3.252604 -0.2094399 -2.725992 -0.2094399 -3.40749 0 -3.252604 -0.2094399 -3.40749 0 -3.872147 0 2.942832 -0.2094399 3.40749 -0.2094399 2.725992 0 2.942832 -0.2094399 2.725992 0 2.323288 0 2.323288 -0.2094399 2.725992 -0.2094399 2.044494 -0.628319 0.946525 -0.418879 1.362996 -0.628319 1.703745 -0.628319 1.703745 -0.418879 1.362996 -0.418879 2.044494 -0.628319 1.703745 -0.418879 2.044494 -0.628319 2.460965 -0.628319 2.460965 -0.418879 2.044494 -0.418879 2.725992 -0.628319 2.460965 -0.418879 2.725992 -0.628319 3.218184 -0.628319 3.218184 -0.418879 2.725992 -0.418879 3.40749 -0.628319 3.218184 -0.418879 3.40749 -0.628319 3.975405 -0.628319 -2.839575 -0.418879 -3.40749 -0.418879 -2.725992 -0.628319 -2.839575 -0.418879 -2.725992 -0.628319 -2.082355 -0.628319 -2.082355 -0.418879 -2.725992 -0.418879 -2.044494 -0.628319 -2.082355 -0.418879 -2.044494 -0.418879 -1.362996 -0.418879 -1.362996 -0.418879 -2.044494 -0.2094399 -2.044494 -0.418879 -1.362996 -0.2094399 -2.044494 -0.2094399 -1.362996 -0.418879 1.362996 -0.628319 0.946525 -0.418879 0.681498 -0.418879 0.681498 -0.628319 0.946525 -0.628319 0.189305 -0.418879 0.681498 -0.628319 0.189305 -0.418879 0 -0.418879 0 -0.628319 0.189305 -0.628319 -0.567915 -0.418879 0 -0.628319 -0.567915 -0.418879 -0.681498 -0.418879 -0.681498 -0.628319 -0.567915 -0.628319 -1.325135 -0.418879 -0.681498 -0.628319 -1.325135 -0.418879 -1.362996 -0.418879 -1.362996 -0.628319 -1.325135 -0.628319 -2.082355 -0.2094399 3.40749 -0.418879 3.40749 -0.2094399 2.725992 -0.2094399 2.725992 -0.418879 3.40749 -0.418879 2.725992 -0.2094399 2.725992 -0.418879 2.725992 -0.2094399 2.044494 -0.2094399 2.044494 -0.418879 2.725992 -0.418879 2.044494 -0.2094399 2.044494 -0.418879 2.044494 -0.2094399 1.362996 -0.2094399 1.362996 -0.418879 2.044494 -0.418879 1.362996 -0.2094399 1.362996 -0.418879 1.362996 -0.2094399 0.681498 -0.2094399 0.681498 -0.418879 1.362996 -0.418879 0.681498 -0.2094399 0.681498 -0.418879 0.681498 -0.2094399 0 -0.2094399 0 -0.418879 0.681498 -0.418879 0 -0.2094399 0 -0.418879 0 -0.2094399 -0.681498 -0.2094399 -0.681498 -0.418879 0 -0.418879 -0.681498 -0.2094399 -0.681498 -0.418879 -0.681498 -0.2094399 -1.362996 -0.2094399 -1.362996 -0.418879 -0.681498 -0.418879 -1.362996 -0.418879 -3.40749 -0.2094399 -3.40749 -0.418879 -2.725992 -0.418879 -2.725992 -0.2094399 -3.40749 -0.2094399 -2.725992 -0.418879 -2.725992 -0.2094399 -2.725992 -0.418879 -2.044494 -0.418879 -2.044494 -0.2094399 -2.725992 -0.2094399 -2.044494 0 -3.089086 -0.1 -3.089086 0 -3.77555 0 -3.77555 -0.1 -3.089086 -0.1 -3.77555 0 3.77555 -0.1 3.77555 0 3.089086 0 3.089086 -0.1 3.77555 -0.1 3.089086 0 3.089086 -0.1 3.089086 -0.1 2.402623 0 -3.089086 0 -2.402623 -0.1 -3.089086 -0.1 -3.089086 0 -2.402623 -0.1 -2.402623 -0.1 -2.402623 0 -2.402623 0 -1.716159 -0.1 -2.402623 0 -1.716159 -0.1 -1.716159 -0.1 -1.716159 0 -1.716159 0 -1.029695 -0.1 -1.716159 0 -1.029695 -0.1 -1.029695 -0.1 -1.029695 0 -1.029695 0 -0.343232 -0.1 -1.029695 0 -0.343232 -0.1 -0.343232 -0.1 -0.343232 0 -0.343232 0 0.343232 -0.1 -0.343232 0 0.343232 -0.1 0.343232 -0.1 0.343232 0 0.343232 0 1.029695 -0.1 0.343232 0 1.029695 -0.1 1.029695 -0.1 1.029695 0 1.029695 0 1.716159 -0.1 1.029695 0 1.716159 -0.1 1.716159 -0.1 1.716159 0 1.716159 0 2.402623 -0.1 1.716159 0 2.402623 -0.1 2.402623 -0.1 2.402623 0 2.402623 0 3.089086 0 0.801795 -0.515384 0.614211 0.515384 0.614211 0.515384 0.614211 -0.515384 0.614211 0.789614 0.13923 0.789614 0.13923 -0.515384 0.614211 -0.789614 0.13923 0.789614 0.13923 -0.789614 0.13923 0.694375 -0.400897 0.694375 -0.400897 -0.789614 0.13923 -0.694375 -0.400897 0.694375 -0.400897 -0.694375 -0.400897 0.27423 -0.753441 0.27423 -0.753441 -0.694375 -0.400897 -0.27423 -0.753441 -0.34641 3.311689 0 3.311689 -0.34641 4.04762 -0.34641 4.04762 0 3.311689 0 4.04762 -0.34641 -4.04762 0 -4.04762 -0.34641 -3.311689 -0.34641 -3.311689 0 -4.04762 0 -3.311689 -0.34641 -3.311689 0 -3.311689 -0.34641 -2.575758 -0.34641 -2.575758 0 -3.311689 0 -2.575758 -0.34641 -2.575758 0 -2.575758 -0.34641 -1.839827 -0.34641 -1.839827 0 -2.575758 0 -1.839827 -0.34641 -1.839827 0 -1.839827 -0.34641 -1.103896 -0.34641 -1.103896 0 -1.839827 0 -1.103896 -0.34641 -1.103896 0 -1.103896 -0.34641 -0.367965 -0.34641 -0.367965 0 -1.103896 0 -0.367965 -0.34641 -0.367965 0 -0.367965 -0.34641 0.367965 -0.34641 0.367965 0 -0.367965 0 0.367965 -0.34641 0.367965 0 0.367965 -0.34641 1.103896 -0.34641 1.103896 0 0.367965 0 1.103896 -0.34641 1.103896 0 1.103896 -0.34641 1.839827 -0.34641 1.839827 0 1.103896 0 1.839827 -0.34641 1.839827 0 1.839827 -0.34641 2.575758 -0.34641 2.575758 0 1.839827 0 2.575758 -0.34641 2.575758 0 2.575758 -0.34641 3.311689 -0.34641 3.311689 0 2.575758 0 3.311689 -0.34641 3.311689 0 3.311689 -0.34641 4.04762 -0.34641 4.04762 0 3.311689 0 4.04762 -0.34641 -4.04762 0 -4.04762 -0.34641 -3.311689 -0.34641 -3.311689 0 -4.04762 0 -3.311689 -0.34641 -3.311689 0 -3.311689 -0.34641 -2.575758 -0.34641 -2.575758 0 -3.311689 0 -2.575758 -0.34641 -2.575758 0 -2.575758 -0.34641 -1.839827 -0.34641 -1.839827 0 -2.575758 0 -1.839827 -0.34641 -1.839827 0 -1.839827 -0.34641 -1.103896 -0.34641 -1.103896 0 -1.839827 0 -1.103896 -0.34641 -1.103896 0 -1.103896 -0.34641 -0.367965 -0.34641 -0.367965 0 -1.103896 0 -0.367965 -0.34641 -0.367965 0 -0.367965 -0.34641 0.367965 -0.34641 0.367965 0 -0.367965 0 0.367965 -0.34641 0.367965 0 0.367965 -0.34641 1.103896 -0.34641 1.103896 0 0.367965 0 1.103896 -0.34641 1.103896 0 1.103896 -0.34641 1.839827 -0.34641 1.839827 0 1.103896 0 1.839827 -0.34641 1.839827 0 1.839827 -0.34641 2.575758 -0.34641 2.575758 0 1.839827 0 2.575758 -0.34641 2.575758 0 2.575758 -0.34641 3.311689 -0.34641 3.311689 0 2.575758 0 3.311689 -0.34641 3.311689 0 3.311689 -0.34641 4.04762 -0.34641 4.04762 0 3.311689 0 4.04762 -0.34641 -4.04762 0 -4.04762 -0.34641 -3.311689 -0.34641 -3.311689 0 -4.04762 0 -3.311689 -0.34641 -3.311689 0 -3.311689 -0.34641 -2.575758 -0.34641 -2.575758 0 -3.311689 0 -2.575758 -0.34641 -2.575758 0 -2.575758 -0.34641 -1.839827 -0.34641 -1.839827 0 -2.575758 0 -1.839827 -0.34641 -1.839827 0 -1.839827 -0.34641 -1.103896 -0.34641 -1.103896 0 -1.839827 0 -1.103896 -0.34641 -1.103896 0 -1.103896 -0.34641 -0.367965 -0.34641 -0.367965 0 -1.103896 0 -0.367965 -0.34641 -0.367965 0 -0.367965 -0.34641 0.367965 -0.34641 0.367965 0 -0.367965 0 0.367965 -0.34641 0.367965 0 0.367965 -0.34641 1.103896 -0.34641 1.103896 0 0.367965 0 1.103896 -0.34641 1.103896 0 1.103896 -0.34641 1.839827 -0.34641 1.839827 0 1.103896 0 1.839827 -0.34641 1.839827 0 1.839827 -0.34641 2.575758 -0.34641 2.575758 0 1.839827 0 2.575758 -0.34641 2.575758 0 2.575758 -0.34641 3.311689 -0.34641 3.311689 0 2.575758 0 3.311689 0.743381 1.156724 0 1.375 0 1.075 0 1.075 0 1.375 -0.743381 1.156724 0 1.075 -0.743381 1.156724 -0.631869 0.869693 -0.631869 0.869693 -0.743381 1.156724 -1.250744 0.571196 -0.631869 0.869693 -1.250744 0.571196 -1.022386 0.332193 -1.022386 0.332193 -1.250744 0.571196 -1.361004 -0.195683 -1.022386 0.332193 -1.361004 -0.195683 -1.022386 -0.332193 -1.022386 -0.332193 -1.361004 -0.195683 -1.039156 -0.900433 -1.022386 -0.332193 -1.039156 -0.900433 -0.631869 -0.869693 -0.631869 -0.869693 -1.039156 -0.900433 -0.387382 -1.319303 -0.631869 -0.869693 -0.387382 -1.319303 0 -1.075 0 -1.075 -0.387382 -1.319303 0.387382 -1.319303 0 -1.075 0.387382 -1.319303 0.631869 -0.869693 0.631869 -0.869693 0.387382 -1.319303 1.039156 -0.900433 0.631869 -0.869693 1.039156 -0.900433 1.022386 -0.332193 1.022386 -0.332193 1.039156 -0.900433 1.361004 -0.195683 1.022386 -0.332193 1.361004 -0.195683 1.022386 0.332193 1.022386 0.332193 1.361004 -0.195683 1.250744 0.571196 1.022386 0.332193 1.250744 0.571196 0.631869 0.869693 0.631869 0.869693 1.250744 0.571196 0.743381 1.156724 0.631869 0.869693 0.743381 1.156724 0 1.075 -0.12 3.534292 0 3.534292 -0.12 4.31969 -0.12 4.31969 0 3.534292 0 4.31969 -0.12 -4.31969 0 -4.31969 -0.12 -3.534292 -0.12 -3.534292 0 -4.31969 0 -3.534292 -0.12 -3.534292 0 -3.534292 -0.12 -2.748893 -0.12 -2.748893 0 -3.534292 0 -2.748893 -0.12 -2.748893 0 -2.748893 -0.12 -1.963495 -0.12 -1.963495 0 -2.748893 0 -1.963495 -0.12 -1.963495 0 -1.963495 -0.12 -1.178097 -0.12 -1.178097 0 -1.963495 0 -1.178097 -0.12 -1.178097 0 -1.178097 -0.12 -0.392699 -0.12 -0.392699 0 -1.178097 0 -0.392699 -0.12 -0.392699 0 -0.392699 -0.12 0.392699 -0.12 0.392699 0 -0.392699 0 0.392699 -0.12 0.392699 0 0.392699 -0.12 1.178097 -0.12 1.178097 0 0.392699 0 1.178097 -0.12 1.178097 0 1.178097 -0.12 1.963495 -0.12 1.963495 0 1.178097 0 1.963495 -0.12 1.963495 0 1.963495 -0.12 2.748893 -0.12 2.748893 0 1.963495 0 2.748893 -0.12 2.748893 0 2.748893 -0.12 3.534292 -0.12 3.534292 0 2.748893 0 3.534292 0.743381 1.156724 0 1.375 0 1.075 0 1.075 0 1.375 -0.743381 1.156724 0 1.075 -0.743381 1.156724 -0.631869 0.869693 -0.631869 0.869693 -0.743381 1.156724 -1.250744 0.571196 -0.631869 0.869693 -1.250744 0.571196 -1.022386 0.332193 -1.022386 0.332193 -1.250744 0.571196 -1.361004 -0.195683 -1.022386 0.332193 -1.361004 -0.195683 -1.022386 -0.332193 -1.022386 -0.332193 -1.361004 -0.195683 -1.039156 -0.900433 -1.022386 -0.332193 -1.039156 -0.900433 -0.631869 -0.869693 -0.631869 -0.869693 -1.039156 -0.900433 -0.387382 -1.319303 -0.631869 -0.869693 -0.387382 -1.319303 0 -1.075 0 -1.075 -0.387382 -1.319303 0.387382 -1.319303 0 -1.075 0.387382 -1.319303 0.631869 -0.869693 0.631869 -0.869693 0.387382 -1.319303 1.039156 -0.900433 0.631869 -0.869693 1.039156 -0.900433 1.022386 -0.332193 1.022386 -0.332193 1.039156 -0.900433 1.361004 -0.195683 1.022386 -0.332193 1.361004 -0.195683 1.022386 0.332193 1.022386 0.332193 1.361004 -0.195683 1.250744 0.571196 1.022386 0.332193 1.250744 0.571196 0.631869 0.869693 0.631869 0.869693 1.250744 0.571196 0.743381 1.156724 0.631869 0.869693 0.743381 1.156724 0 1.075 -0.12 3.534292 0 3.534292 -0.12 4.31969 -0.12 4.31969 0 3.534292 0 4.31969 -0.12 -4.31969 0 -4.31969 -0.12 -3.534292 -0.12 -3.534292 0 -4.31969 0 -3.534292 -0.12 -3.534292 0 -3.534292 -0.12 -2.748893 -0.12 -2.748893 0 -3.534292 0 -2.748893 -0.12 -2.748893 0 -2.748893 -0.12 -1.963495 -0.12 -1.963495 0 -2.748893 0 -1.963495 -0.12 -1.963495 0 -1.963495 -0.12 -1.178097 -0.12 -1.178097 0 -1.963495 0 -1.178097 -0.12 -1.178097 0 -1.178097 -0.12 -0.392699 -0.12 -0.392699 0 -1.178097 0 -0.392699 -0.12 -0.392699 0 -0.392699 -0.12 0.392699 -0.12 0.392699 0 -0.392699 0 0.392699 -0.12 0.392699 0 0.392699 -0.12 1.178097 -0.12 1.178097 0 0.392699 0 1.178097 -0.12 1.178097 0 1.178097 -0.12 1.963495 -0.12 1.963495 0 1.178097 0 1.963495 -0.12 1.963495 0 1.963495 -0.12 2.748893 -0.12 2.748893 0 1.963495 0 2.748893 -0.12 2.748893 0 2.748893 -0.12 3.534292 -0.12 3.534292 0 2.748893 0 3.534292 0.743381 1.156724 0 1.375 0 1.075 0 1.075 0 1.375 -0.743381 1.156724 0 1.075 -0.743381 1.156724 -0.631869 0.869693 -0.631869 0.869693 -0.743381 1.156724 -1.250744 0.571196 -0.631869 0.869693 -1.250744 0.571196 -1.022386 0.332193 -1.022386 0.332193 -1.250744 0.571196 -1.361004 -0.195683 -1.022386 0.332193 -1.361004 -0.195683 -1.022386 -0.332193 -1.022386 -0.332193 -1.361004 -0.195683 -1.039156 -0.900433 -1.022386 -0.332193 -1.039156 -0.900433 -0.631869 -0.869693 -0.631869 -0.869693 -1.039156 -0.900433 -0.387382 -1.319303 -0.631869 -0.869693 -0.387382 -1.319303 0 -1.075 0 -1.075 -0.387382 -1.319303 0.387382 -1.319303 0 -1.075 0.387382 -1.319303 0.631869 -0.869693 0.631869 -0.869693 0.387382 -1.319303 1.039156 -0.900433 0.631869 -0.869693 1.039156 -0.900433 1.022386 -0.332193 1.022386 -0.332193 1.039156 -0.900433 1.361004 -0.195683 1.022386 -0.332193 1.361004 -0.195683 1.022386 0.332193 1.022386 0.332193 1.361004 -0.195683 1.250744 0.571196 1.022386 0.332193 1.250744 0.571196 0.631869 0.869693 0.631869 0.869693 1.250744 0.571196 0.743381 1.156724 0.631869 0.869693 0.743381 1.156724 0 1.075 -0.12 3.534292 0 3.534292 -0.12 4.31969 -0.12 4.31969 0 3.534292 0 4.31969 -0.12 -4.31969 0 -4.31969 -0.12 -3.534292 -0.12 -3.534292 0 -4.31969 0 -3.534292 -0.12 -3.534292 0 -3.534292 -0.12 -2.748893 -0.12 -2.748893 0 -3.534292 0 -2.748893 -0.12 -2.748893 0 -2.748893 -0.12 -1.963495 -0.12 -1.963495 0 -2.748893 0 -1.963495 -0.12 -1.963495 0 -1.963495 -0.12 -1.178097 -0.12 -1.178097 0 -1.963495 0 -1.178097 -0.12 -1.178097 0 -1.178097 -0.12 -0.392699 -0.12 -0.392699 0 -1.178097 0 -0.392699 -0.12 -0.392699 0 -0.392699 -0.12 0.392699 -0.12 0.392699 0 -0.392699 0 0.392699 -0.12 0.392699 0 0.392699 -0.12 1.178097 -0.12 1.178097 0 0.392699 0 1.178097 -0.12 1.178097 0 1.178097 -0.12 1.963495 -0.12 1.963495 0 1.178097 0 1.963495 -0.12 1.963495 0 1.963495 -0.12 2.748893 -0.12 2.748893 0 1.963495 0 2.748893 -0.12 2.748893 0 2.748893 -0.12 3.534292 -0.12 3.534292 0 2.748893 0 3.534292 0 2.843859 -0.2094399 2.843859 0 2.132894 0 2.132894 -0.2094399 2.843859 -0.2094399 2.132894 0 2.132894 -0.2094399 2.132894 0 1.42193 0 1.42193 -0.2094399 2.132894 -0.2094399 1.42193 0 1.42193 -0.2094399 1.42193 0 0.710965 0 0.710965 -0.2094399 1.42193 -0.2094399 0.710965 0 0.710965 -0.2094399 0.710965 0 0 0 0 -0.2094399 0.710965 -0.2094399 0 0 0 -0.2094399 0 0 -0.710965 0 -0.710965 -0.2094399 0 -0.2094399 -0.710965 0 -0.710965 -0.2094399 -0.710965 0 -1.42193 0 -1.42193 -0.2094399 -0.710965 -0.2094399 -1.42193 0 -1.42193 -0.2094399 -1.42193 0 -2.132894 0 -2.132894 -0.2094399 -1.42193 -0.2094399 -2.132894 0 -2.132894 -0.2094399 -2.132894 0 -2.843859 0 -2.843859 -0.2094399 -2.132894 -0.2094399 -2.843859 0 -2.843859 -0.2094399 -2.843859 0 -3.554824 0 -3.554824 -0.2094399 -2.843859 -0.2094399 -3.554824 0 -3.554824 -0.2094399 -3.554824 0 -4.265789 0 -4.265789 -0.2094399 -3.554824 -0.2094399 -4.265789 0 4.265789 -0.2094399 4.265789 0 3.554824 0 3.554824 -0.2094399 4.265789 -0.2094399 3.554824 0 3.554824 -0.2094399 3.554824 0 2.843859 0 2.843859 -0.2094399 3.554824 -0.2094399 2.843859 -0.628319 1.279737 -0.418879 1.42193 -0.628319 2.132894 -0.628319 2.132894 -0.418879 1.42193 -0.418879 2.132894 -0.628319 2.132894 -0.418879 2.132894 -0.418879 2.843859 -0.418879 2.843859 -0.418879 2.132894 -0.2094399 2.132894 -0.418879 2.843859 -0.2094399 2.132894 -0.2094399 2.843859 -0.418879 1.42193 -0.628319 1.279737 -0.418879 0.710965 -0.418879 0.710965 -0.628319 1.279737 -0.628319 0.426579 -0.418879 0.710965 -0.628319 0.426579 -0.418879 0 -0.418879 0 -0.628319 0.426579 -0.628319 -0.426579 -0.418879 0 -0.628319 -0.426579 -0.418879 -0.710965 -0.418879 -0.710965 -0.628319 -0.426579 -0.628319 -1.279737 -0.418879 -0.710965 -0.628319 -1.279737 -0.418879 -1.42193 -0.418879 -1.42193 -0.628319 -1.279737 -0.628319 -2.132894 -0.418879 -1.42193 -0.628319 -2.132894 -0.418879 -2.132894 -0.418879 -2.132894 -0.628319 -2.132894 -0.418879 -2.843859 -0.418879 -2.132894 -0.418879 -2.843859 -0.2094399 -2.843859 -0.2094399 -2.843859 -0.418879 -2.843859 -0.2094399 -3.554824 -0.628319 -2.132894 -0.628319 -2.986052 -0.418879 -2.843859 -0.418879 -2.843859 -0.628319 -2.986052 -0.418879 -3.554824 -0.418879 -2.843859 -0.418879 -3.554824 -0.2094399 -3.554824 -0.2094399 -3.554824 -0.418879 -3.554824 -0.2094399 -4.265789 -0.628319 -2.986052 -0.628319 -3.83921 -0.418879 -3.554824 -0.418879 -3.554824 -0.628319 -3.83921 -0.418879 -4.265789 -0.418879 -3.554824 -0.418879 -4.265789 -0.2094399 -4.265789 -0.2094399 4.265789 -0.418879 4.265789 -0.2094399 3.554824 -0.628319 4.692368 -0.628319 3.83921 -0.418879 4.265789 -0.418879 4.265789 -0.628319 3.83921 -0.418879 3.554824 -0.418879 4.265789 -0.418879 3.554824 -0.2094399 3.554824 -0.2094399 3.554824 -0.418879 3.554824 -0.2094399 2.843859 -0.628319 3.83921 -0.628319 2.986052 -0.418879 3.554824 -0.418879 3.554824 -0.628319 2.986052 -0.418879 2.843859 -0.418879 3.554824 -0.418879 2.843859 -0.2094399 2.843859 -0.628319 2.986052 -0.628319 2.132894 -0.418879 2.843859 -0.2094399 1.42193 -0.2094399 2.132894 -0.418879 2.132894 -0.2094399 1.42193 -0.418879 2.132894 -0.418879 1.42193 -0.418879 -2.132894 -0.2094399 -2.843859 -0.2094399 -2.132894 -0.418879 -1.42193 -0.418879 -2.132894 -0.2094399 -2.132894 -0.418879 -1.42193 -0.2094399 -2.132894 -0.2094399 -1.42193 -0.418879 -0.710965 -0.418879 -1.42193 -0.2094399 -1.42193 -0.418879 -0.710965 -0.2094399 -1.42193 -0.2094399 -0.710965 -0.418879 0 -0.418879 -0.710965 -0.2094399 -0.710965 -0.418879 0 -0.2094399 -0.710965 -0.2094399 0 -0.418879 0.710965 -0.418879 0 -0.2094399 0 -0.418879 0.710965 -0.2094399 0 -0.2094399 0.710965 -0.418879 1.42193 -0.418879 0.710965 -0.2094399 0.710965 -0.418879 1.42193 -0.2094399 0.710965 -0.2094399 1.42193 0 -3.861541 -0.7 -3.861541 0 -4.633849 0 -4.633849 -0.7 -3.861541 -0.7 -4.633849 0 4.633849 -0.7 4.633849 0 3.861541 0 3.861541 -0.7 4.633849 -0.7 3.861541 0 3.861541 -0.7 3.861541 0 3.089233 0 3.089233 -0.7 3.861541 -0.7 3.089233 0 3.089233 -0.7 3.089233 0 2.316925 0 2.316925 -0.7 3.089233 -0.7 2.316925 0 2.316925 -0.7 2.316925 0 1.544616 0 1.544616 -0.7 2.316925 -0.7 1.544616 0 1.544616 -0.7 1.544616 0 0.772308 0 0.772308 -0.7 1.544616 -0.7 0.772308 0 0.772308 -0.7 0.772308 0 0 0 0 -0.7 0.772308 -0.7 0 0 0 -0.7 0 0 -0.772308 0 -0.772308 -0.7 0 -0.7 -0.772308 0 -0.772308 -0.7 -0.772308 0 -1.544616 0 -1.544616 -0.7 -0.772308 -0.7 -1.544616 0 -1.544616 -0.7 -1.544616 0 -2.316925 0 -2.316925 -0.7 -1.544616 -0.7 -2.316925 0 -2.316925 -0.7 -2.316925 0 -3.089233 0 -3.089233 -0.7 -2.316925 -0.7 -3.089233 0 -3.089233 -0.7 -3.089233 0 -3.861541 0 -3.861541 -0.7 -3.089233 -0.7 -3.861541 0 2.843859 -0.2094399 2.843859 0 2.132894 0 2.132894 -0.2094399 2.843859 -0.2094399 2.132894 0 2.132894 -0.2094399 2.132894 0 1.42193 0 1.42193 -0.2094399 2.132894 -0.2094399 1.42193 0 1.42193 -0.2094399 1.42193 0 0.710965 0 0.710965 -0.2094399 1.42193 -0.2094399 0.710965 0 0.710965 -0.2094399 0.710965 0 0 0 0 -0.2094399 0.710965 -0.2094399 0 0 0 -0.2094399 0 0 -0.710965 0 -0.710965 -0.2094399 0 -0.2094399 -0.710965 0 -0.710965 -0.2094399 -0.710965 0 -1.42193 0 -1.42193 -0.2094399 -0.710965 -0.2094399 -1.42193 0 -1.42193 -0.2094399 -1.42193 0 -2.132894 0 -2.132894 -0.2094399 -1.42193 -0.2094399 -2.132894 0 -2.132894 -0.2094399 -2.132894 0 -2.843859 0 -2.843859 -0.2094399 -2.132894 -0.2094399 -2.843859 0 -2.843859 -0.2094399 -2.843859 0 -3.554824 0 -3.554824 -0.2094399 -2.843859 -0.2094399 -3.554824 0 -3.554824 -0.2094399 -3.554824 0 -4.265789 0 -4.265789 -0.2094399 -3.554824 -0.2094399 -4.265789 0 4.265789 -0.2094399 4.265789 0 3.554824 0 3.554824 -0.2094399 4.265789 -0.2094399 3.554824 0 3.554824 -0.2094399 3.554824 0 2.843859 0 2.843859 -0.2094399 3.554824 -0.2094399 2.843859 -0.628319 1.279737 -0.418879 1.42193 -0.628319 2.132894 -0.628319 2.132894 -0.418879 1.42193 -0.418879 2.132894 -0.628319 2.132894 -0.418879 2.132894 -0.418879 2.843859 -0.418879 2.843859 -0.418879 2.132894 -0.2094399 2.132894 -0.418879 2.843859 -0.2094399 2.132894 -0.2094399 2.843859 -0.418879 1.42193 -0.628319 1.279737 -0.418879 0.710965 -0.418879 0.710965 -0.628319 1.279737 -0.628319 0.426579 -0.418879 0.710965 -0.628319 0.426579 -0.418879 0 -0.418879 0 -0.628319 0.426579 -0.628319 -0.426579 -0.418879 0 -0.628319 -0.426579 -0.418879 -0.710965 -0.418879 -0.710965 -0.628319 -0.426579 -0.628319 -1.279737 -0.418879 -0.710965 -0.628319 -1.279737 -0.418879 -1.42193 -0.418879 -1.42193 -0.628319 -1.279737 -0.628319 -2.132894 -0.418879 -1.42193 -0.628319 -2.132894 -0.418879 -2.132894 -0.418879 -2.132894 -0.628319 -2.132894 -0.418879 -2.843859 -0.418879 -2.132894 -0.418879 -2.843859 -0.2094399 -2.843859 -0.2094399 -2.843859 -0.418879 -2.843859 -0.2094399 -3.554824 -0.628319 -2.132894 -0.628319 -2.986052 -0.418879 -2.843859 -0.418879 -2.843859 -0.628319 -2.986052 -0.418879 -3.554824 -0.418879 -2.843859 -0.418879 -3.554824 -0.2094399 -3.554824 -0.2094399 -3.554824 -0.418879 -3.554824 -0.2094399 -4.265789 -0.628319 -2.986052 -0.628319 -3.83921 -0.418879 -3.554824 -0.418879 -3.554824 -0.628319 -3.83921 -0.418879 -4.265789 -0.418879 -3.554824 -0.418879 -4.265789 -0.2094399 -4.265789 -0.2094399 4.265789 -0.418879 4.265789 -0.2094399 3.554824 -0.628319 4.692368 -0.628319 3.83921 -0.418879 4.265789 -0.418879 4.265789 -0.628319 3.83921 -0.418879 3.554824 -0.418879 4.265789 -0.418879 3.554824 -0.2094399 3.554824 -0.2094399 3.554824 -0.418879 3.554824 -0.2094399 2.843859 -0.628319 3.83921 -0.628319 2.986052 -0.418879 3.554824 -0.418879 3.554824 -0.628319 2.986052 -0.418879 2.843859 -0.418879 3.554824 -0.418879 2.843859 -0.2094399 2.843859 -0.628319 2.986052 -0.628319 2.132894 -0.418879 2.843859 -0.2094399 1.42193 -0.2094399 2.132894 -0.418879 2.132894 -0.2094399 1.42193 -0.418879 2.132894 -0.418879 1.42193 -0.418879 -2.132894 -0.2094399 -2.843859 -0.2094399 -2.132894 -0.418879 -1.42193 -0.418879 -2.132894 -0.2094399 -2.132894 -0.418879 -1.42193 -0.2094399 -2.132894 -0.2094399 -1.42193 -0.418879 -0.710965 -0.418879 -1.42193 -0.2094399 -1.42193 -0.418879 -0.710965 -0.2094399 -1.42193 -0.2094399 -0.710965 -0.418879 0 -0.418879 -0.710965 -0.2094399 -0.710965 -0.418879 0 -0.2094399 -0.710965 -0.2094399 0 -0.418879 0.710965 -0.418879 0 -0.2094399 0 -0.418879 0.710965 -0.2094399 0 -0.2094399 0.710965 -0.418879 1.42193 -0.418879 0.710965 -0.2094399 0.710965 -0.418879 1.42193 -0.2094399 0.710965 -0.2094399 1.42193 0 -3.861541 -0.7 -3.861541 0 -4.633849 0 -4.633849 -0.7 -3.861541 -0.7 -4.633849 0 4.633849 -0.7 4.633849 0 3.861541 0 3.861541 -0.7 4.633849 -0.7 3.861541 0 3.861541 -0.7 3.861541 0 3.089233 0 3.089233 -0.7 3.861541 -0.7 3.089233 0 3.089233 -0.7 3.089233 0 2.316925 0 2.316925 -0.7 3.089233 -0.7 2.316925 0 2.316925 -0.7 2.316925 0 1.544616 0 1.544616 -0.7 2.316925 -0.7 1.544616 0 1.544616 -0.7 1.544616 0 0.772308 0 0.772308 -0.7 1.544616 -0.7 0.772308 0 0.772308 -0.7 0.772308 0 0 0 0 -0.7 0.772308 -0.7 0 0 0 -0.7 0 0 -0.772308 0 -0.772308 -0.7 0 -0.7 -0.772308 0 -0.772308 -0.7 -0.772308 0 -1.544616 0 -1.544616 -0.7 -0.772308 -0.7 -1.544616 0 -1.544616 -0.7 -1.544616 0 -2.316925 0 -2.316925 -0.7 -1.544616 -0.7 -2.316925 0 -2.316925 -0.7 -2.316925 0 -3.089233 0 -3.089233 -0.7 -2.316925 -0.7 -3.089233 0 -3.089233 -0.7 -3.089233 0 -3.861541 0 -3.861541 -0.7 -3.089233 -0.7 -3.861541 0 2.843859 -0.2094399 2.843859 0 2.132894 0 2.132894 -0.2094399 2.843859 -0.2094399 2.132894 0 2.132894 -0.2094399 2.132894 0 1.42193 0 1.42193 -0.2094399 2.132894 -0.2094399 1.42193 0 1.42193 -0.2094399 1.42193 0 0.710965 0 0.710965 -0.2094399 1.42193 -0.2094399 0.710965 0 0.710965 -0.2094399 0.710965 0 0 0 0 -0.2094399 0.710965 -0.2094399 0 0 0 -0.2094399 0 0 -0.710965 0 -0.710965 -0.2094399 0 -0.2094399 -0.710965 0 -0.710965 -0.2094399 -0.710965 0 -1.42193 0 -1.42193 -0.2094399 -0.710965 -0.2094399 -1.42193 0 -1.42193 -0.2094399 -1.42193 0 -2.132894 0 -2.132894 -0.2094399 -1.42193 -0.2094399 -2.132894 0 -2.132894 -0.2094399 -2.132894 0 -2.843859 0 -2.843859 -0.2094399 -2.132894 -0.2094399 -2.843859 0 -2.843859 -0.2094399 -2.843859 0 -3.554824 0 -3.554824 -0.2094399 -2.843859 -0.2094399 -3.554824 0 -3.554824 -0.2094399 -3.554824 0 -4.265789 0 -4.265789 -0.2094399 -3.554824 -0.2094399 -4.265789 0 4.265789 -0.2094399 4.265789 0 3.554824 0 3.554824 -0.2094399 4.265789 -0.2094399 3.554824 0 3.554824 -0.2094399 3.554824 0 2.843859 0 2.843859 -0.2094399 3.554824 -0.2094399 2.843859 -0.628319 1.279737 -0.418879 1.42193 -0.628319 2.132894 -0.628319 2.132894 -0.418879 1.42193 -0.418879 2.132894 -0.628319 2.132894 -0.418879 2.132894 -0.418879 2.843859 -0.418879 2.843859 -0.418879 2.132894 -0.2094399 2.132894 -0.418879 2.843859 -0.2094399 2.132894 -0.2094399 2.843859 -0.418879 1.42193 -0.628319 1.279737 -0.418879 0.710965 -0.418879 0.710965 -0.628319 1.279737 -0.628319 0.426579 -0.418879 0.710965 -0.628319 0.426579 -0.418879 0 -0.418879 0 -0.628319 0.426579 -0.628319 -0.426579 -0.418879 0 -0.628319 -0.426579 -0.418879 -0.710965 -0.418879 -0.710965 -0.628319 -0.426579 -0.628319 -1.279737 -0.418879 -0.710965 -0.628319 -1.279737 -0.418879 -1.42193 -0.418879 -1.42193 -0.628319 -1.279737 -0.628319 -2.132894 -0.418879 -1.42193 -0.628319 -2.132894 -0.418879 -2.132894 -0.418879 -2.132894 -0.628319 -2.132894 -0.418879 -2.843859 -0.418879 -2.132894 -0.418879 -2.843859 -0.2094399 -2.843859 -0.2094399 -2.843859 -0.418879 -2.843859 -0.2094399 -3.554824 -0.628319 -2.132894 -0.628319 -2.986052 -0.418879 -2.843859 -0.418879 -2.843859 -0.628319 -2.986052 -0.418879 -3.554824 -0.418879 -2.843859 -0.418879 -3.554824 -0.2094399 -3.554824 -0.2094399 -3.554824 -0.418879 -3.554824 -0.2094399 -4.265789 -0.628319 -2.986052 -0.628319 -3.83921 -0.418879 -3.554824 -0.418879 -3.554824 -0.628319 -3.83921 -0.418879 -4.265789 -0.418879 -3.554824 -0.418879 -4.265789 -0.2094399 -4.265789 -0.2094399 4.265789 -0.418879 4.265789 -0.2094399 3.554824 -0.628319 4.692368 -0.628319 3.83921 -0.418879 4.265789 -0.418879 4.265789 -0.628319 3.83921 -0.418879 3.554824 -0.418879 4.265789 -0.418879 3.554824 -0.2094399 3.554824 -0.2094399 3.554824 -0.418879 3.554824 -0.2094399 2.843859 -0.628319 3.83921 -0.628319 2.986052 -0.418879 3.554824 -0.418879 3.554824 -0.628319 2.986052 -0.418879 2.843859 -0.418879 3.554824 -0.418879 2.843859 -0.2094399 2.843859 -0.628319 2.986052 -0.628319 2.132894 -0.418879 2.843859 -0.2094399 1.42193 -0.2094399 2.132894 -0.418879 2.132894 -0.2094399 1.42193 -0.418879 2.132894 -0.418879 1.42193 -0.418879 -2.132894 -0.2094399 -2.843859 -0.2094399 -2.132894 -0.418879 -1.42193 -0.418879 -2.132894 -0.2094399 -2.132894 -0.418879 -1.42193 -0.2094399 -2.132894 -0.2094399 -1.42193 -0.418879 -0.710965 -0.418879 -1.42193 -0.2094399 -1.42193 -0.418879 -0.710965 -0.2094399 -1.42193 -0.2094399 -0.710965 -0.418879 0 -0.418879 -0.710965 -0.2094399 -0.710965 -0.418879 0 -0.2094399 -0.710965 -0.2094399 0 -0.418879 0.710965 -0.418879 0 -0.2094399 0 -0.418879 0.710965 -0.2094399 0 -0.2094399 0.710965 -0.418879 1.42193 -0.418879 0.710965 -0.2094399 0.710965 -0.418879 1.42193 -0.2094399 0.710965 -0.2094399 1.42193 0 -3.861541 -0.7 -3.861541 0 -4.633849 0 -4.633849 -0.7 -3.861541 -0.7 -4.633849 0 4.633849 -0.7 4.633849 0 3.861541 0 3.861541 -0.7 4.633849 -0.7 3.861541 0 3.861541 -0.7 3.861541 0 3.089233 0 3.089233 -0.7 3.861541 -0.7 3.089233 0 3.089233 -0.7 3.089233 0 2.316925 0 2.316925 -0.7 3.089233 -0.7 2.316925 0 2.316925 -0.7 2.316925 0 1.544616 0 1.544616 -0.7 2.316925 -0.7 1.544616 0 1.544616 -0.7 1.544616 0 0.772308 0 0.772308 -0.7 1.544616 -0.7 0.772308 0 0.772308 -0.7 0.772308 0 0 0 0 -0.7 0.772308 -0.7 0 0 0 -0.7 0 0 -0.772308 0 -0.772308 -0.7 0 -0.7 -0.772308 0 -0.772308 -0.7 -0.772308 0 -1.544616 0 -1.544616 -0.7 -0.772308 -0.7 -1.544616 0 -1.544616 -0.7 -1.544616 0 -2.316925 0 -2.316925 -0.7 -1.544616 -0.7 -2.316925 0 -2.316925 -0.7 -2.316925 0 -3.089233 0 -3.089233 -0.7 -2.316925 -0.7 -3.089233 0 -3.089233 -0.7 -3.089233 0 -3.861541 0 -3.861541 -0.7 -3.089233 -0.7 -3.861541 -0.7 3.796091 0 3.796091 -0.7 4.55531 -0.7 4.55531 0 3.796091 0 4.55531 -0.7 -4.55531 0 -4.55531 -0.7 -3.796091 -0.7 -3.796091 0 -4.55531 0 -3.796091 -0.7 -3.796091 0 -3.796091 0 -3.036873 -0.7 3.796091 -0.7 3.036873 0 3.796091 0 3.796091 -0.7 3.036873 0 3.036873 0 3.036873 -0.7 3.036873 -0.7 2.277655 0 3.036873 -0.7 2.277655 0 2.277655 0 2.277655 -0.7 2.277655 -0.7 1.518437 0 2.277655 -0.7 1.518437 0 1.518437 0 1.518437 -0.7 1.518437 -0.7 0.759218 0 1.518437 -0.7 0.759218 0 0.759218 0 0.759218 -0.7 0.759218 -0.7 0 0 0.759218 -0.7 0 0 0 0 0 -0.7 0 -0.7 -0.759218 0 0 -0.7 -0.759218 0 -0.759218 0 -0.759218 -0.7 -0.759218 -0.7 -1.518437 0 -0.759218 -0.7 -1.518437 0 -1.518437 0 -1.518437 -0.7 -1.518437 -0.7 -2.277655 0 -1.518437 -0.7 -2.277655 0 -2.277655 0 -2.277655 -0.7 -2.277655 -0.7 -3.036873 0 -2.277655 -0.7 -3.036873 0 -3.036873 0 -3.036873 -0.7 -3.036873 -0.7 -3.796091 0 1.45 -0.725 1.255737 0.725 1.255737 0.725 1.255737 -0.725 1.255737 1.255737 0.725 1.255737 0.725 -0.725 1.255737 -1.255737 0.725 1.255737 0.725 -1.255737 0.725 1.45 0 1.45 0 -1.255737 0.725 -1.45 0 1.45 0 -1.45 0 1.255737 -0.725 1.255737 -0.725 -1.45 0 -1.255737 -0.725 1.255737 -0.725 -1.255737 -0.725 0.725 -1.255737 0.725 -1.255737 -1.255737 -0.725 -0.725 -1.255737 0.725 -1.255737 -0.725 -1.255737 0 -1.45 0.314159 -3.737679 0.183841 -3.806895 0.314159 -4.568274 0.314159 -4.568274 0.183841 -3.806895 0.183841 -4.568274 0.314159 4.568274 0.183841 4.568274 0.183841 3.806895 0.183841 3.806895 0.183841 4.568274 0.053523 4.568274 0.183841 3.806895 0.053523 4.568274 0.053523 3.806895 0.053523 3.806895 0.053523 4.568274 -0.07679396 4.568274 0.053523 3.806895 -0.07679396 4.568274 -0.07679396 3.806895 0.183841 -3.806895 0.314159 -3.737679 0.183841 -3.045516 0.183841 -3.045516 0.314159 -3.737679 0.314159 -2.907084 0.183841 -3.045516 0.314159 -2.907084 0.183841 -2.284137 0.183841 -2.284137 0.314159 -2.907084 0.314159 -2.076488 0.183841 -2.284137 0.314159 -2.076488 0.183841 -1.522758 0.183841 -1.522758 0.314159 -2.076488 0.314159 -1.245893 0.183841 -1.522758 0.314159 -1.245893 0.183841 -0.761379 0.183841 -0.761379 0.314159 -1.245893 0.314159 -0.415298 0.183841 -0.761379 0.314159 -0.415298 0.183841 0 0.183841 0 0.314159 -0.415298 0.314159 0.415298 0.183841 0 0.314159 0.415298 0.183841 0.761379 0.183841 0.761379 0.314159 0.415298 0.314159 1.245893 0.183841 0.761379 0.314159 1.245893 0.183841 1.522758 0.183841 1.522758 0.314159 1.245893 0.314159 2.076488 0.183841 1.522758 0.314159 2.076488 0.183841 2.284137 0.183841 2.284137 0.314159 2.076488 0.314159 2.907084 0.183841 2.284137 0.314159 2.907084 0.183841 3.045516 0.183841 3.045516 0.314159 2.907084 0.314159 3.737679 0.183841 3.045516 0.314159 3.737679 0.183841 3.806895 0.183841 3.806895 0.314159 3.737679 0.314159 4.568274 0.053523 3.806895 -0.07679396 3.806895 0.053523 3.045516 0.053523 3.045516 -0.07679396 3.806895 -0.07679396 3.045516 0.053523 3.045516 -0.07679396 3.045516 0.053523 2.284137 0.053523 2.284137 -0.07679396 3.045516 -0.07679396 2.284137 0.053523 2.284137 -0.07679396 2.284137 0.053523 1.522758 0.053523 1.522758 -0.07679396 2.284137 -0.07679396 1.522758 0.053523 1.522758 -0.07679396 1.522758 0.053523 0.761379 0.053523 0.761379 -0.07679396 1.522758 -0.07679396 0.761379 0.053523 0.761379 -0.07679396 0.761379 0.053523 0 0.053523 0 -0.07679396 0.761379 -0.07679396 0 0.053523 0 -0.07679396 0 0.053523 -0.761379 0.053523 -0.761379 -0.07679396 0 -0.07679396 -0.761379 0.053523 -0.761379 -0.07679396 -0.761379 0.053523 -1.522758 0.053523 -1.522758 -0.07679396 -0.761379 -0.07679396 -1.522758 0.053523 -1.522758 -0.07679396 -1.522758 0.053523 -2.284137 0.053523 -2.284137 -0.07679396 -1.522758 -0.07679396 -2.284137 0.053523 -2.284137 -0.07679396 -2.284137 0.053523 -3.045516 0.053523 -3.045516 -0.07679396 -2.284137 -0.07679396 -3.045516 0.053523 -3.045516 -0.07679396 -3.045516 0.053523 -3.806895 0.053523 -3.806895 -0.07679396 -3.045516 -0.07679396 -3.806895 0.053523 -3.806895 -0.07679396 -3.806895 0.053523 -4.568274 0.053523 4.568274 -0.07679396 5.329654 -0.07679396 4.568274 0.053523 5.329654 0.053523 4.568274 0.183841 4.568274 0.053523 -3.806895 0.183841 -4.568274 0.183841 -3.806895 0.053523 -3.045516 0.053523 -3.806895 0.183841 -3.806895 0.053523 -2.284137 0.053523 -3.045516 0.183841 -3.045516 0.183841 -3.045516 0.053523 -3.045516 0.183841 -3.806895 0.053523 -1.522758 0.053523 -2.284137 0.183841 -2.284137 0.183841 -2.284137 0.053523 -2.284137 0.183841 -3.045516 0.053523 -0.761379 0.053523 -1.522758 0.183841 -1.522758 0.183841 -1.522758 0.053523 -1.522758 0.183841 -2.284137 0.053523 0 0.053523 -0.761379 0.183841 -0.761379 0.183841 -0.761379 0.053523 -0.761379 0.183841 -1.522758 0.053523 0.761379 0.053523 0 0.183841 0 0.183841 0 0.053523 0 0.183841 -0.761379 0.053523 1.522758 0.053523 0.761379 0.183841 0.761379 0.183841 0.761379 0.053523 0.761379 0.183841 0 0.053523 2.284137 0.053523 1.522758 0.183841 1.522758 0.183841 1.522758 0.053523 1.522758 0.183841 0.761379 0.053523 3.045516 0.053523 2.284137 0.183841 2.284137 0.183841 2.284137 0.053523 2.284137 0.183841 1.522758 0.053523 3.806895 0.053523 3.045516 0.183841 3.045516 0.183841 3.045516 0.053523 3.045516 0.183841 2.284137 0.183841 3.806895 0.053523 3.806895 0.183841 3.045516 0 -3.234277 -0.99773 -3.369039 0 -4.042847 0 -4.042847 -0.99773 -3.369039 -0.99773 -4.042847 0 4.042847 -0.99773 4.042847 -0.99773 3.369039 -0.99773 -3.369039 0 -3.234277 -0.99773 -2.695231 -0.99773 -2.695231 0 -3.234277 0 -2.425708 -0.99773 -2.695231 0 -2.425708 -0.99773 -2.021423 -0.99773 -2.021423 0 -2.425708 0 -1.617139 -0.99773 -2.021423 0 -1.617139 -0.99773 -1.347615 -0.99773 -1.347615 0 -1.617139 0 -0.808569 -0.99773 -1.347615 0 -0.808569 -0.99773 -0.673808 -0.99773 -0.673808 0 -0.808569 0 0 -0.99773 -0.673808 0 0 -0.99773 0 -0.99773 0 0 0 -0.99773 0.673808 -0.99773 0.673808 0 0 0 0.808569 -0.99773 0.673808 0 0.808569 -0.99773 1.347615 -0.99773 1.347615 0 0.808569 0 1.617139 -0.99773 1.347615 0 1.617139 -0.99773 2.021423 -0.99773 2.021423 0 1.617139 0 2.425708 -0.99773 2.021423 0 2.425708 -0.99773 2.695231 -0.99773 2.695231 0 2.425708 0 3.234277 -0.99773 2.695231 0 3.234277 -0.99773 3.369039 -0.99773 3.369039 0 3.234277 0 4.042847 1.288319 0 1.083803 0.696518 1.083803 -0.696518 1.083803 -0.696518 1.083803 0.696518 0.535187 1.171896 1.083803 -0.696518 0.535187 1.171896 0.535187 -1.171896 0.535187 -1.171896 0.535187 1.171896 -0.183347 1.275206 0.535187 -1.171896 -0.183347 1.275206 -0.183347 -1.275206 -0.183347 -1.275206 -0.183347 1.275206 -0.84367 0.973647 -0.183347 -1.275206 -0.84367 0.973647 -0.84367 -0.973647 -0.84367 -0.973647 -0.84367 0.973647 -1.236133 0.362961 -0.84367 -0.973647 -1.236133 0.362961 -1.236133 -0.362961 -0.889919 -0.646564 -0.797519 -0.579432 -1.1 0 -1.1 0 -0.797519 -0.579432 -0.985788 0 -1.1 0 -0.985788 0 -0.797519 0.579432 -0.797519 -0.579432 -0.889919 -0.646564 -0.304625 -0.93754 -0.304625 -0.93754 -0.889919 -0.646564 -0.339919 -1.046162 -0.304625 -0.93754 -0.339919 -1.046162 0.339919 -1.046162 -0.304625 -0.93754 0.339919 -1.046162 0.304625 -0.93754 0.304625 -0.93754 0.339919 -1.046162 0.889919 -0.646564 0.304625 -0.93754 0.889919 -0.646564 0.797519 -0.579432 0.797519 -0.579432 0.889919 -0.646564 1.1 0 0.797519 -0.579432 1.1 0 0.985788 0 0.985788 0 1.1 0 0.797519 0.579432 0.797519 0.579432 1.1 0 0.889919 0.646564 0.797519 0.579432 0.889919 0.646564 0.304625 0.93754 0.304625 0.93754 0.889919 0.646564 0.339919 1.046162 0.304625 0.93754 0.339919 1.046162 -0.339919 1.046162 0.304625 0.93754 -0.339919 1.046162 -0.304625 0.93754 -0.304625 0.93754 -0.339919 1.046162 -0.889919 0.646564 -0.304625 0.93754 -0.889919 0.646564 -0.797519 0.579432 -0.797519 0.579432 -0.889919 0.646564 -1.1 0 -0.55 2.477555 0 2.477555 -0.55 3.096944 -0.55 3.096944 0 2.477555 0 3.096944 -0.55 -3.096944 0 -3.096944 -0.55 -2.477555 -0.55 -2.477555 0 -3.096944 0 -2.477555 -0.55 -2.477555 0 -2.477555 -0.55 -1.858166 -0.55 -1.858166 0 -2.477555 0 -1.858166 -0.55 -1.858166 0 -1.858166 -0.55 -1.238778 -0.55 -1.238778 0 -1.858166 0 -1.238778 -0.55 -1.238778 0 -1.238778 -0.55 -0.619389 -0.55 -0.619389 0 -1.238778 0 -0.619389 -0.55 -0.619389 0 -0.619389 -0.55 0 -0.55 0 0 -0.619389 0 0 -0.55 0 0 0 -0.55 0.619389 -0.55 0.619389 0 0 0 0.619389 -0.55 0.619389 0 0.619389 -0.55 1.238778 -0.55 1.238778 0 0.619389 0 1.238778 -0.55 1.238778 0 1.238778 -0.55 1.858166 -0.55 1.858166 0 1.238778 0 1.858166 -0.55 1.858166 0 1.858166 -0.55 2.477555 -0.55 2.477555 0 1.858166 0 2.477555 -0.575823 2.99807 0 3.066208 -0.575823 3.747587 -0.575823 3.747587 0 3.066208 0 3.747587 -0.575823 -3.747587 0 -3.747587 0 -3.066208 0 3.066208 -0.575823 2.99807 0 2.384828 0 2.384828 -0.575823 2.99807 -0.575823 2.248552 0 2.384828 -0.575823 2.248552 0 1.703449 0 1.703449 -0.575823 2.248552 -0.575823 1.499035 0 1.703449 -0.575823 1.499035 0 1.022069 0 1.022069 -0.575823 1.499035 -0.575823 0.749517 0 1.022069 -0.575823 0.749517 0 0.34069 0 0.34069 -0.575823 0.749517 -0.575823 0 0 0.34069 -0.575823 0 0 -0.34069 0 -0.34069 -0.575823 0 -0.575823 -0.749517 0 -0.34069 -0.575823 -0.749517 0 -1.022069 0 -1.022069 -0.575823 -0.749517 -0.575823 -1.499035 0 -1.022069 -0.575823 -1.499035 0 -1.703449 0 -1.703449 -0.575823 -1.499035 -0.575823 -2.248552 0 -1.703449 -0.575823 -2.248552 0 -2.384828 0 -2.384828 -0.575823 -2.248552 -0.575823 -2.99807 0 -2.384828 -0.575823 -2.99807 0 -3.066208 0 -3.066208 -0.575823 -2.99807 -0.575823 -3.747587 -0.2 3.598552 0 3.598552 -0.2 4.39823 -0.2 4.39823 0 3.598552 0 4.39823 -0.2 -4.39823 0 -4.39823 -0.2 -3.598552 -0.2 -3.598552 0 -4.39823 0 -3.598552 -0.2 -3.598552 0 -3.598552 -0.2 -2.798873 -0.2 -2.798873 0 -3.598552 0 -2.798873 -0.2 -2.798873 0 -2.798873 -0.2 -1.999195 -0.2 -1.999195 0 -2.798873 0 -1.999195 -0.2 -1.999195 0 -1.999195 -0.2 -1.199517 -0.2 -1.199517 0 -1.999195 0 -1.199517 -0.2 -1.199517 0 -1.199517 -0.2 -0.399839 -0.2 -0.399839 0 -1.199517 0 -0.399839 -0.2 -0.399839 0 -0.399839 -0.2 0.399839 -0.2 0.399839 0 -0.399839 0 0.399839 -0.2 0.399839 0 0.399839 -0.2 1.199517 -0.2 1.199517 0 0.399839 0 1.199517 -0.2 1.199517 0 1.199517 -0.2 1.999195 -0.2 1.999195 0 1.199517 0 1.999195 -0.2 1.999195 0 1.999195 -0.2 2.798873 -0.2 2.798873 0 1.999195 0 2.798873 -0.2 2.798873 0 2.798873 -0.2 3.598552 -0.2 3.598552 0 2.798873 0 3.598552 -0.289824 -1.5 -0.714824 -1.3 -1.189824 -1.5 -1.189824 -1.5 -0.714824 -1.3 -0.714824 -0.966421 -1.189824 -1.5 -0.714824 -0.966421 -1.389824 -1.3 -1.389824 -1.3 -0.714824 -0.966421 -0.856246 -0.825 -1.389824 -1.3 -0.856246 -0.825 -1.189824 -0.825 -0.289824 -1.5 -0.289824 -1.3 -0.714824 -1.3 -0.714824 -0.966421 -0.348403 -0.6 -0.856246 -0.825 -0.856246 -0.825 -0.348403 -0.6 -0.489824 -0.458579 -0.489824 -0.458579 -0.348403 -0.6 0.568754 -0.6 -0.489824 -0.458579 0.568754 -0.6 -0.489824 0.458579 -0.489824 0.458579 0.568754 -0.6 -0.348403 0.6 -0.489824 0.458579 -0.348403 0.6 -0.856246 0.825 -0.856246 0.825 -0.348403 0.6 -0.714824 0.966421 -0.856246 0.825 -0.714824 0.966421 -1.389824 1.3 -1.389824 1.3 -0.714824 0.966421 -1.189824 1.5 -1.389824 1.3 -1.189824 1.5 -1.363029 1.4 -1.363029 1.4 -1.189824 1.5 -1.289824 1.473205 0.935176 -0.966421 0.935176 0.966421 0.568754 -0.6 0.568754 -0.6 0.935176 0.966421 0.568754 0.6 0.568754 -0.6 0.568754 0.6 -0.348403 0.6 0.935176 0.966421 0.935176 -0.966421 1.610176 -1.5 1.610176 -1.5 0.935176 -0.966421 0.935176 -1.3 1.610176 -1.5 0.935176 -1.3 0.510176 -1.5 0.510176 -1.5 0.935176 -1.3 0.510176 -1.3 1.610176 -1.5 1.610176 1.5 0.935176 0.966421 0.935176 0.966421 1.610176 1.5 0.935176 1.3 0.935176 1.3 1.610176 1.5 0.510176 1.5 0.935176 1.3 0.510176 1.5 0.510176 1.3 -0.714824 0.966421 -0.714824 1.3 -1.189824 1.5 -1.189824 1.5 -0.714824 1.3 -0.289824 1.5 -0.289824 1.5 -0.714824 1.3 -0.289824 1.3 -0.856246 0.825 -1.389824 1.3 -1.189824 0.825 -1.189824 0.825 -1.389824 1.3 -1.389824 0.4 -1.189824 0.825 -1.389824 0.4 -1.189824 0.4 -1.189824 -0.4 -1.389824 -0.4 -1.189824 -0.825 -1.189824 -0.825 -1.389824 -0.4 -1.389824 -1.3 -1.363029 -1.4 -1.289824 -1.473205 -1.389824 -1.3 -1.389824 -1.3 -1.289824 -1.473205 -1.189824 -1.5 0.289824 -1.3 0.289824 -1.5 0.714824 -1.3 0.714824 -1.3 0.289824 -1.5 1.189824 -1.5 0.714824 -1.3 1.189824 -1.5 0.714824 -0.966421 0.714824 -0.966421 1.189824 -1.5 1.389824 -1.3 0.714824 -0.966421 1.389824 -1.3 0.856246 -0.825 0.856246 -0.825 1.389824 -1.3 1.189824 -0.825 1.189824 -0.825 1.389824 -1.3 1.389824 -0.4 1.189824 -0.825 1.389824 -0.4 1.189824 -0.4 1.189824 -1.5 1.289824 -1.473205 1.389824 -1.3 1.389824 -1.3 1.289824 -1.473205 1.363029 -1.4 0.714824 -0.966421 0.856246 -0.825 0.348403 -0.6 0.348403 -0.6 0.856246 -0.825 0.489824 -0.458579 0.348403 -0.6 0.489824 -0.458579 -0.568754 -0.6 -0.568754 -0.6 0.489824 -0.458579 0.489824 0.458579 -0.568754 -0.6 0.489824 0.458579 0.348403 0.6 0.348403 0.6 0.489824 0.458579 0.856246 0.825 0.348403 0.6 0.856246 0.825 0.714824 0.966421 0.714824 0.966421 0.856246 0.825 1.389824 1.3 0.714824 0.966421 1.389824 1.3 1.189824 1.5 1.189824 1.5 1.389824 1.3 1.363029 1.4 1.189824 1.5 1.363029 1.4 1.289824 1.473205 0.856246 0.825 1.189824 0.825 1.389824 1.3 1.389824 1.3 1.189824 0.825 1.389824 0.4 1.389824 0.4 1.189824 0.825 1.189824 0.4 0.714824 0.966421 1.189824 1.5 0.714824 1.3 0.714824 1.3 1.189824 1.5 0.289824 1.5 0.714824 1.3 0.289824 1.5 0.289824 1.3 0.348403 0.6 -0.568754 0.6 -0.568754 -0.6 -0.568754 -0.6 -0.568754 0.6 -0.935176 0.966421 -0.568754 -0.6 -0.935176 0.966421 -0.935176 -0.966421 -0.935176 -0.966421 -0.935176 0.966421 -1.610176 -1.5 -0.935176 -0.966421 -1.610176 -1.5 -0.935176 -1.3 -0.935176 -1.3 -1.610176 -1.5 -0.510176 -1.5 -0.935176 -1.3 -0.510176 -1.5 -0.510176 -1.3 -1.610176 -1.5 -0.935176 0.966421 -1.610176 1.5 -1.610176 1.5 -0.935176 0.966421 -0.935176 1.3 -1.610176 1.5 -0.935176 1.3 -0.510176 1.5 -0.510176 1.5 -0.935176 1.3 -0.510176 1.3 -0.289824 -1.5 -0.714824 -1.3 -1.189824 -1.5 -1.189824 -1.5 -0.714824 -1.3 -0.714824 -0.966421 -1.189824 -1.5 -0.714824 -0.966421 -1.389824 -1.3 -1.389824 -1.3 -0.714824 -0.966421 -0.856246 -0.825 -1.389824 -1.3 -0.856246 -0.825 -1.189824 -0.825 -0.289824 -1.5 -0.289824 -1.3 -0.714824 -1.3 -0.714824 -0.966421 -0.348403 -0.6 -0.856246 -0.825 -0.856246 -0.825 -0.348403 -0.6 -0.489824 -0.458579 -0.489824 -0.458579 -0.348403 -0.6 0.568754 -0.6 -0.489824 -0.458579 0.568754 -0.6 -0.489824 0.458579 -0.489824 0.458579 0.568754 -0.6 -0.348403 0.6 -0.489824 0.458579 -0.348403 0.6 -0.856246 0.825 -0.856246 0.825 -0.348403 0.6 -0.714824 0.966421 -0.856246 0.825 -0.714824 0.966421 -1.389824 1.3 -1.389824 1.3 -0.714824 0.966421 -1.189824 1.5 -1.389824 1.3 -1.189824 1.5 -1.363029 1.4 -1.363029 1.4 -1.189824 1.5 -1.289824 1.473205 0.935176 -0.966421 0.935176 0.966421 0.568754 -0.6 0.568754 -0.6 0.935176 0.966421 0.568754 0.6 0.568754 -0.6 0.568754 0.6 -0.348403 0.6 0.935176 0.966421 0.935176 -0.966421 1.610176 -1.5 1.610176 -1.5 0.935176 -0.966421 0.935176 -1.3 1.610176 -1.5 0.935176 -1.3 0.510176 -1.5 0.510176 -1.5 0.935176 -1.3 0.510176 -1.3 1.610176 -1.5 1.610176 1.5 0.935176 0.966421 0.935176 0.966421 1.610176 1.5 0.935176 1.3 0.935176 1.3 1.610176 1.5 0.510176 1.5 0.935176 1.3 0.510176 1.5 0.510176 1.3 -0.714824 0.966421 -0.714824 1.3 -1.189824 1.5 -1.189824 1.5 -0.714824 1.3 -0.289824 1.5 -0.289824 1.5 -0.714824 1.3 -0.289824 1.3 -0.856246 0.825 -1.389824 1.3 -1.189824 0.825 -1.189824 0.825 -1.389824 1.3 -1.389824 0.4 -1.189824 0.825 -1.389824 0.4 -1.189824 0.4 -1.189824 -0.4 -1.389824 -0.4 -1.189824 -0.825 -1.189824 -0.825 -1.389824 -0.4 -1.389824 -1.3 -1.363029 -1.4 -1.289824 -1.473205 -1.389824 -1.3 -1.389824 -1.3 -1.289824 -1.473205 -1.189824 -1.5 0.289824 -1.3 0.289824 -1.5 0.714824 -1.3 0.714824 -1.3 0.289824 -1.5 1.189824 -1.5 0.714824 -1.3 1.189824 -1.5 0.714824 -0.966421 0.714824 -0.966421 1.189824 -1.5 1.389824 -1.3 0.714824 -0.966421 1.389824 -1.3 0.856246 -0.825 0.856246 -0.825 1.389824 -1.3 1.189824 -0.825 1.189824 -0.825 1.389824 -1.3 1.389824 -0.4 1.189824 -0.825 1.389824 -0.4 1.189824 -0.4 1.189824 -1.5 1.289824 -1.473205 1.389824 -1.3 1.389824 -1.3 1.289824 -1.473205 1.363029 -1.4 0.714824 -0.966421 0.856246 -0.825 0.348403 -0.6 0.348403 -0.6 0.856246 -0.825 0.489824 -0.458579 0.348403 -0.6 0.489824 -0.458579 -0.568754 -0.6 -0.568754 -0.6 0.489824 -0.458579 0.489824 0.458579 -0.568754 -0.6 0.489824 0.458579 0.348403 0.6 0.348403 0.6 0.489824 0.458579 0.856246 0.825 0.348403 0.6 0.856246 0.825 0.714824 0.966421 0.714824 0.966421 0.856246 0.825 1.389824 1.3 0.714824 0.966421 1.389824 1.3 1.189824 1.5 1.189824 1.5 1.389824 1.3 1.363029 1.4 1.189824 1.5 1.363029 1.4 1.289824 1.473205 0.856246 0.825 1.189824 0.825 1.389824 1.3 1.389824 1.3 1.189824 0.825 1.389824 0.4 1.389824 0.4 1.189824 0.825 1.189824 0.4 0.714824 0.966421 1.189824 1.5 0.714824 1.3 0.714824 1.3 1.189824 1.5 0.289824 1.5 0.714824 1.3 0.289824 1.5 0.289824 1.3 0.348403 0.6 -0.568754 0.6 -0.568754 -0.6 -0.568754 -0.6 -0.568754 0.6 -0.935176 0.966421 -0.568754 -0.6 -0.935176 0.966421 -0.935176 -0.966421 -0.935176 -0.966421 -0.935176 0.966421 -1.610176 -1.5 -0.935176 -0.966421 -1.610176 -1.5 -0.935176 -1.3 -0.935176 -1.3 -1.610176 -1.5 -0.510176 -1.5 -0.935176 -1.3 -0.510176 -1.5 -0.510176 -1.3 -1.610176 -1.5 -0.935176 0.966421 -1.610176 1.5 -1.610176 1.5 -0.935176 0.966421 -0.935176 1.3 -1.610176 1.5 -0.935176 1.3 -0.510176 1.5 -0.510176 1.5 -0.935176 1.3 -0.510176 1.3 -0.2 -34 0 -34 -0.2 34 -0.2 34 0 -34 0 34 -0.425 -34 0 -34 -0.425 34 -0.425 34 0 -34 0 34 -0.333579 -34 0 -34 -0.333579 34 -0.333579 34 0 -34 0 34 -0.518198 -34 0 -34 -0.518198 34 -0.518198 34 0 -34 0 34 -0.917157 -34 0 -34 -0.917157 34 -0.917157 34 0 -34 0 34 -0.518198 -34 0 -34 -0.518198 34 -0.518198 34 0 -34 0 34 -0.333579 -34 0 -34 -0.333579 34 -0.333579 34 0 -34 0 34 -0.425 -34 0 -34 -0.425 34 -0.425 34 0 -34 0 34 -0.2 -34 0 -34 -0.2 34 -0.2 34 0 -34 0 34 -1.1 -34 0 -34 -1.1 34 -1.1 34 0 -34 0 34 -1.1 -34 0 -34 -1.1 34 -1.1 34 0 -34 0 34 -0.2 -34 0 -34 -0.2 34 -0.2 34 0 -34 0 34 -0.425 -34 0 -34 -0.425 34 -0.425 34 0 -34 0 34 -0.333579 -34 0 -34 -0.333579 34 -0.333579 34 0 -34 0 34 -0.518198 -34 0 -34 -0.518198 34 -0.518198 34 0 -34 0 34 -0.917157 -34 0 -34 -0.917157 34 -0.917157 34 0 -34 0 34 -0.518198 -34 0 -34 -0.518198 34 -0.518198 34 0 -34 0 34 -0.333579 -34 0 -34 -0.333579 34 -0.333579 34 0 -34 0 34 -0.425 -34 0 -34 -0.425 34 -0.425 34 0 -34 0 34 -0.2 -34 0 -34 -0.2 34 -0.2 34 0 -34 0 34 -0.9 -34 0 -34 -0.9 34 -0.9 34 0 -34 0 34 -34 0 34 0 -34 0.1047199 -34 0.1047199 34 0 34 0.1047199 -34 0.1047199 34 0.1047199 -34 0.2094399 -34 0.2094399 34 0.1047199 34 0.2094399 -34 0.2094399 34 0.2094399 -34 0.314159 -34 0.314159 34 0.2094399 34 0.314159 -0.9 -34 0 -34 -0.9 34 -0.9 34 0 -34 0 34 -0.2 -34 0 -34 -0.2 34 -0.2 34 0 -34 0 34 -0.425 -34 0 -34 -0.425 34 -0.425 34 0 -34 0 34 -0.333579 -34 0 -34 -0.333579 34 -0.333579 34 0 -34 0 34 -0.518198 -34 0 -34 -0.518198 34 -0.518198 34 0 -34 0 34 -0.917157 -34 0 -34 -0.917157 34 -0.917157 34 0 -34 0 34 -0.518198 -34 0 -34 -0.518198 34 -0.518198 34 0 -34 0 34 -0.333579 -34 0 -34 -0.333579 34 -0.333579 34 0 -34 0 34 -0.425 -34 0 -34 -0.425 34 -0.425 34 0 -34 0 34 -0.2 -34 0 -34 -0.2 34 -0.2 34 0 -34 0 34 -0.9 -34 0 -34 -0.9 34 -0.9 34 0 -34 0 34 -34 0 34 0 -34 0.1047199 -34 0.1047199 34 0 34 0.1047199 -34 0.1047199 34 0.1047199 -34 0.2094399 -34 0.2094399 34 0.1047199 34 0.2094399 -34 0.2094399 34 0.2094399 -34 0.314159 -34 0.314159 34 0.2094399 34 0.314159 -0.9 -34 0 -34 -0.9 34 -0.9 34 0 -34 0 34 -0.2 -34 0 -34 -0.2 34 -0.2 34 0 -34 0 34 -0.425 -34 0 -34 -0.425 34 -0.425 34 0 -34 0 34 -0.333579 -34 0 -34 -0.333579 34 -0.333579 34 0 -34 0 34 -0.518198 -34 0 -34 -0.518198 34 -0.518198 34 0 -34 0 34 -0.917157 -34 0 -34 -0.917157 34 -0.917157 34 0 -34 0 34 -0.518198 -34 0 -34 -0.518198 34 -0.518198 34 0 -34 0 34 -0.333579 -34 0 -34 -0.333579 34 -0.333579 34 0 -34 0 34 -0.425 -34 0 -34 -0.425 34 -0.425 34 0 -34 0 34 -0.2 -34 0 -34 -0.2 34 -0.2 34 0 -34 0 34 -1.1 -34 0 -34 -1.1 34 -1.1 34 0 -34 0 34 -1.1 -34 0 -34 -1.1 34 -1.1 34 0 -34 0 34 -0.2 -34 0 -34 -0.2 34 -0.2 34 0 -34 0 34 -0.425 -34 0 -34 -0.425 34 -0.425 34 0 -34 0 34 -0.333579 -34 0 -34 -0.333579 34 -0.333579 34 0 -34 0 34 -0.518198 -34 0 -34 -0.518198 34 -0.518198 34 0 -34 0 34 -0.917157 -34 0 -34 -0.917157 34 -0.917157 34 0 -34 0 34 -0.518198 -34 0 -34 -0.518198 34 -0.518198 34 0 -34 0 34 -0.333579 -34 0 -34 -0.333579 34 -0.333579 34 0 -34 0 34 -0.425 -34 0 -34 -0.425 34 -0.425 34 0 -34 0 34 -0.2 -34 0 -34 -0.2 34 -0.2 34 0 -34 0 34 -0.9 -34 0 -34 -0.9 34 -0.9 34 0 -34 0 34 -34 0 34 0 -34 0.1047199 -34 0.1047199 34 0 34 0.1047199 -34 0.1047199 34 0.1047199 -34 0.2094399 -34 0.2094399 34 0.1047199 34 0.2094399 -34 0.2094399 34 0.2094399 -34 0.314159 -34 0.314159 34 0.2094399 34 0.314159 -0.9 -34 0 -34 -0.9 34 -0.9 34 0 -34 0 34 -0.2 -34 0 -34 -0.2 34 -0.2 34 0 -34 0 34 -0.425 -34 0 -34 -0.425 34 -0.425 34 0 -34 0 34 -0.333579 -34 0 -34 -0.333579 34 -0.333579 34 0 -34 0 34 -0.518198 -34 0 -34 -0.518198 34 -0.518198 34 0 -34 0 34 -0.917157 -34 0 -34 -0.917157 34 -0.917157 34 0 -34 0 34 -0.518198 -34 0 -34 -0.518198 34 -0.518198 34 0 -34 0 34 -0.333579 -34 0 -34 -0.333579 34 -0.333579 34 0 -34 0 34 -0.425 -34 0 -34 -0.425 34 -0.425 34 0 -34 0 34 -0.2 -34 0 -34 -0.2 34 -0.2 34 0 -34 0 34 -0.9 -34 0 -34 -0.9 34 -0.9 34 0 -34 0 34 -34 0 34 0 -34 0.1047199 -34 0.1047199 34 0 34 0.1047199 -34 0.1047199 34 0.1047199 -34 0.2094399 -34 0.2094399 34 0.1047199 34 0.2094399 -34 0.2094399 34 0.2094399 -34 0.314159 -34 0.314159 34 0.2094399 34 0.314159 -0.9 -34 0 -34 -0.9 34 -0.9 34 0 -34 0 34 1.610176 1.5 0.935176 0.966421 1.610176 -1.5 1.610176 -1.5 0.935176 0.966421 0.935176 -0.966421 1.610176 -1.5 0.935176 -0.966421 0.935176 -1.3 0.935176 0.966421 1.610176 1.5 0.935176 1.3 0.935176 1.3 1.610176 1.5 0.510176 1.5 0.935176 1.3 0.510176 1.5 0.510176 1.3 0.935176 -0.966421 0.935176 0.966421 0.568754 -0.6 0.568754 -0.6 0.935176 0.966421 0.568754 0.6 0.568754 -0.6 0.568754 0.6 -0.348403 0.6 -0.714824 0.966421 -0.856246 0.825 -0.348403 0.6 -0.348403 0.6 -0.856246 0.825 -0.489824 0.458579 -0.348403 0.6 -0.489824 0.458579 0.568754 -0.6 0.568754 -0.6 -0.489824 0.458579 -0.489824 -0.458579 0.568754 -0.6 -0.489824 -0.458579 -0.348403 -0.6 -0.348403 -0.6 -0.489824 -0.458579 -0.856246 -0.825 -0.348403 -0.6 -0.856246 -0.825 -0.714824 -0.966421 -0.714824 -0.966421 -0.856246 -0.825 -1.389824 -1.3 -0.714824 -0.966421 -1.389824 -1.3 -1.189824 -1.5 -1.189824 -1.5 -1.389824 -1.3 -1.289824 -1.473205 -1.289824 -1.473205 -1.389824 -1.3 -1.363029 -1.4 -0.714824 1.3 -1.189824 1.5 -0.714824 0.966421 -0.714824 0.966421 -1.189824 1.5 -1.389824 1.3 -0.714824 0.966421 -1.389824 1.3 -0.856246 0.825 -0.856246 0.825 -1.389824 1.3 -1.189824 0.825 -1.189824 0.825 -1.389824 1.3 -1.389824 0.4 -1.189824 0.825 -1.389824 0.4 -1.189824 0.4 -0.289824 1.3 -0.289824 1.5 -0.714824 1.3 -0.714824 1.3 -0.289824 1.5 -1.189824 1.5 -1.289824 1.473205 -1.363029 1.4 -1.189824 1.5 -1.189824 1.5 -1.363029 1.4 -1.389824 1.3 -0.856246 -0.825 -1.189824 -0.825 -1.389824 -1.3 -1.389824 -1.3 -1.189824 -0.825 -1.389824 -0.4 -1.389824 -0.4 -1.189824 -0.825 -1.189824 -0.4 -0.714824 -0.966421 -1.189824 -1.5 -0.714824 -1.3 -0.714824 -1.3 -1.189824 -1.5 -0.289824 -1.5 -0.714824 -1.3 -0.289824 -1.5 -0.289824 -1.3 0.510176 -1.3 0.510176 -1.5 0.935176 -1.3 0.935176 -1.3 0.510176 -1.5 1.610176 -1.5 0 19 -0.2 19 0 -19 0 -19 -0.2 19 -0.2 -19 0 19 -0.425 19 0 -19 0 -19 -0.425 19 -0.425 -19 0 19 -0.333579 19 0 -19 0 -19 -0.333579 19 -0.333579 -19 0 19 -0.518198 19 0 -19 0 -19 -0.518198 19 -0.518198 -19 0 19 -0.917157 19 0 -19 0 -19 -0.917157 19 -0.917157 -19 0 19 -0.518198 19 0 -19 0 -19 -0.518198 19 -0.518198 -19 0 19 -0.333579 19 0 -19 0 -19 -0.333579 19 -0.333579 -19 0 19 -0.425 19 0 -19 0 -19 -0.425 19 -0.425 -19 0 19 -0.2 19 0 -19 0 -19 -0.2 19 -0.2 -19 0 19 -0.9 19 0 -19 0 -19 -0.9 19 -0.9 -19 19 -0.314159 -19 -0.314159 19 -0.418879 19 -0.418879 -19 -0.314159 -19 -0.418879 19 -0.418879 -19 -0.418879 19 -0.523599 19 -0.523599 -19 -0.418879 -19 -0.523599 19 -0.523599 -19 -0.523599 19 -0.628319 19 -0.628319 -19 -0.523599 -19 -0.628319 0 19 -0.9 19 0 -19 0 -19 -0.9 19 -0.9 -19 0 19 -0.2 19 0 -19 0 -19 -0.2 19 -0.2 -19 0 19 -0.425 19 0 -19 0 -19 -0.425 19 -0.425 -19 0 19 -0.333579 19 0 -19 0 -19 -0.333579 19 -0.333579 -19 0 19 -0.518198 19 0 -19 0 -19 -0.518198 19 -0.518198 -19 0 19 -0.917157 19 0 -19 0 -19 -0.917157 19 -0.917157 -19 0 19 -0.518198 19 0 -19 0 -19 -0.518198 19 -0.518198 -19 0 19 -0.333579 19 0 -19 0 -19 -0.333579 19 -0.333579 -19 0 19 -0.425 19 0 -19 0 -19 -0.425 19 -0.425 -19 0 19 -0.2 19 0 -19 0 -19 -0.2 19 -0.2 -19 0 19 -0.9 19 0 -19 0 -19 -0.9 19 -0.9 -19 19 -0.314159 -19 -0.314159 19 -0.418879 19 -0.418879 -19 -0.314159 -19 -0.418879 19 -0.418879 -19 -0.418879 19 -0.523599 19 -0.523599 -19 -0.418879 -19 -0.523599 19 -0.523599 -19 -0.523599 19 -0.628319 19 -0.628319 -19 -0.523599 -19 -0.628319 0 19 -0.9 19 0 -19 0 -19 -0.9 19 -0.9 -19 0 19 -0.2 19 0 -19 0 -19 -0.2 19 -0.2 -19 0 19 -0.425 19 0 -19 0 -19 -0.425 19 -0.425 -19 0 19 -0.333579 19 0 -19 0 -19 -0.333579 19 -0.333579 -19 0 19 -0.518198 19 0 -19 0 -19 -0.518198 19 -0.518198 -19 0 19 -0.917157 19 0 -19 0 -19 -0.917157 19 -0.917157 -19 0 19 -0.518198 19 0 -19 0 -19 -0.518198 19 -0.518198 -19 0 19 -0.333579 19 0 -19 0 -19 -0.333579 19 -0.333579 -19 0 19 -0.425 19 0 -19 0 -19 -0.425 19 -0.425 -19 0 19 -0.2 19 0 -19 0 -19 -0.2 19 -0.2 -19 0 19 -1.1 19 0 -19 0 -19 -1.1 19 -1.1 -19 0 19 -1.1 19 0 -19 0 -19 -1.1 19 -1.1 -19 -0.510176 1.3 -0.510176 1.5 -0.935176 1.3 -0.935176 1.3 -0.510176 1.5 -1.610176 1.5 -0.935176 1.3 -1.610176 1.5 -0.935176 0.966421 -0.935176 0.966421 -1.610176 1.5 -1.610176 -1.5 -0.935176 0.966421 -1.610176 -1.5 -0.935176 -0.966421 -0.935176 -0.966421 -1.610176 -1.5 -0.935176 -1.3 -0.935176 -1.3 -1.610176 -1.5 -0.510176 -1.5 -0.935176 -1.3 -0.510176 -1.5 -0.510176 -1.3 -0.935176 -0.966421 -0.568754 -0.6 -0.935176 0.966421 -0.935176 0.966421 -0.568754 -0.6 -0.568754 0.6 -0.568754 0.6 -0.568754 -0.6 0.348403 0.6 0.348403 0.6 -0.568754 -0.6 0.489824 0.458579 0.348403 0.6 0.489824 0.458579 0.856246 0.825 0.489824 0.458579 -0.568754 -0.6 0.489824 -0.458579 0.489824 -0.458579 -0.568754 -0.6 0.348403 -0.6 0.489824 -0.458579 0.348403 -0.6 0.856246 -0.825 0.856246 -0.825 0.348403 -0.6 0.714824 -0.966421 0.856246 -0.825 0.714824 -0.966421 1.389824 -1.3 1.389824 -1.3 0.714824 -0.966421 1.189824 -1.5 1.389824 -1.3 1.189824 -1.5 1.289824 -1.473205 0.714824 -0.966421 0.714824 -1.3 1.189824 -1.5 1.189824 -1.5 0.714824 -1.3 0.289824 -1.5 0.289824 -1.5 0.714824 -1.3 0.289824 -1.3 1.289824 -1.473205 1.363029 -1.4 1.389824 -1.3 0.856246 -0.825 1.389824 -1.3 1.189824 -0.825 1.189824 -0.825 1.389824 -1.3 1.389824 -0.4 1.189824 -0.825 1.389824 -0.4 1.189824 -0.4 1.189824 0.825 1.389824 1.3 0.856246 0.825 0.856246 0.825 1.389824 1.3 0.714824 0.966421 0.856246 0.825 0.714824 0.966421 0.348403 0.6 1.189824 0.4 1.389824 0.4 1.189824 0.825 1.189824 0.825 1.389824 0.4 1.389824 1.3 0.714824 0.966421 1.389824 1.3 1.189824 1.5 1.189824 1.5 1.389824 1.3 1.363029 1.4 1.189824 1.5 1.363029 1.4 1.289824 1.473205 0.714824 0.966421 1.189824 1.5 0.714824 1.3 0.714824 1.3 1.189824 1.5 0.289824 1.5 0.714824 1.3 0.289824 1.5 0.289824 1.3 -1.363029 -1.4 -1.289824 -1.473205 -1.389824 -1.3 -1.389824 -1.3 -1.289824 -1.473205 -1.189824 -1.5 -1.389824 -1.3 -1.189824 -1.5 -0.714824 -0.966421 -0.714824 -0.966421 -1.189824 -1.5 -0.714824 -1.3 -0.714824 -1.3 -1.189824 -1.5 -0.289824 -1.5 -0.714824 -1.3 -0.289824 -1.5 -0.289824 -1.3 -1.389824 -1.3 -0.714824 -0.966421 -0.856246 -0.825 -0.856246 -0.825 -0.714824 -0.966421 -0.348403 -0.6 -0.856246 -0.825 -0.348403 -0.6 -0.489824 -0.458579 -0.489824 -0.458579 -0.348403 -0.6 0.568754 -0.6 -0.489824 -0.458579 0.568754 -0.6 -0.489824 0.458579 -0.489824 0.458579 0.568754 -0.6 -0.348403 0.6 -0.489824 0.458579 -0.348403 0.6 -0.856246 0.825 -0.856246 0.825 -0.348403 0.6 -0.714824 0.966421 -0.856246 0.825 -0.714824 0.966421 -1.389824 1.3 -1.389824 1.3 -0.714824 0.966421 -1.189824 1.5 -1.389824 1.3 -1.189824 1.5 -1.363029 1.4 -1.363029 1.4 -1.189824 1.5 -1.289824 1.473205 0.935176 -0.966421 0.935176 0.966421 0.568754 -0.6 0.568754 -0.6 0.935176 0.966421 0.568754 0.6 0.568754 -0.6 0.568754 0.6 -0.348403 0.6 0.935176 0.966421 0.935176 -0.966421 1.610176 -1.5 1.610176 -1.5 0.935176 -0.966421 0.935176 -1.3 1.610176 -1.5 0.935176 -1.3 0.510176 -1.5 0.510176 -1.5 0.935176 -1.3 0.510176 -1.3 1.610176 -1.5 1.610176 1.5 0.935176 0.966421 0.935176 0.966421 1.610176 1.5 0.935176 1.3 0.935176 1.3 1.610176 1.5 0.510176 1.5 0.935176 1.3 0.510176 1.5 0.510176 1.3 -0.714824 0.966421 -0.714824 1.3 -1.189824 1.5 -1.189824 1.5 -0.714824 1.3 -0.289824 1.5 -0.289824 1.5 -0.714824 1.3 -0.289824 1.3 -0.856246 0.825 -1.389824 1.3 -1.189824 0.825 -1.189824 0.825 -1.389824 1.3 -1.389824 0.4 -1.189824 0.825 -1.389824 0.4 -1.189824 0.4 -0.856246 -0.825 -1.189824 -0.825 -1.389824 -1.3 -1.389824 -1.3 -1.189824 -0.825 -1.389824 -0.4 -1.389824 -0.4 -1.189824 -0.825 -1.189824 -0.4 0 19 -0.2 19 0 -19 0 -19 -0.2 19 -0.2 -19 0 19 -0.425 19 0 -19 0 -19 -0.425 19 -0.425 -19 0 19 -0.333579 19 0 -19 0 -19 -0.333579 19 -0.333579 -19 0 19 -0.518198 19 0 -19 0 -19 -0.518198 19 -0.518198 -19 0 19 -0.917157 19 0 -19 0 -19 -0.917157 19 -0.917157 -19 0 19 -0.518198 19 0 -19 0 -19 -0.518198 19 -0.518198 -19 0 19 -0.333579 19 0 -19 0 -19 -0.333579 19 -0.333579 -19 0 19 -0.425 19 0 -19 0 -19 -0.425 19 -0.425 -19 0 19 -0.2 19 0 -19 0 -19 -0.2 19 -0.2 -19 0 19 -1.1 19 0 -19 0 -19 -1.1 19 -1.1 -19 0 19 -1.1 19 0 -19 0 -19 -1.1 19 -1.1 -19 0 19 -0.2 19 0 -19 0 -19 -0.2 19 -0.2 -19 0 19 -0.425 19 0 -19 0 -19 -0.425 19 -0.425 -19 0 19 -0.333579 19 0 -19 0 -19 -0.333579 19 -0.333579 -19 0 19 -0.518198 19 0 -19 0 -19 -0.518198 19 -0.518198 -19 0 19 -0.917157 19 0 -19 0 -19 -0.917157 19 -0.917157 -19 0 19 -0.518198 19 0 -19 0 -19 -0.518198 19 -0.518198 -19 0 19 -0.333579 19 0 -19 0 -19 -0.333579 19 -0.333579 -19 0 19 -0.425 19 0 -19 0 -19 -0.425 19 -0.425 -19 0 19 -0.2 19 0 -19 0 -19 -0.2 19 -0.2 -19 0 19 -0.9 19 0 -19 0 -19 -0.9 19 -0.9 -19 19 0.314159 -19 0.314159 19 0.2094399 19 0.2094399 -19 0.314159 -19 0.2094399 19 0.2094399 -19 0.2094399 19 0.1047199 19 0.1047199 -19 0.2094399 -19 0.1047199 19 0.1047199 -19 0.1047199 19 0 19 0 -19 0.1047199 -19 0 0 19 -0.9 19 0 -19 0 -19 -0.9 19 -0.9 -19 0 19 -0.2 19 0 -19 0 -19 -0.2 19 -0.2 -19 0 19 -0.425 19 0 -19 0 -19 -0.425 19 -0.425 -19 0 19 -0.333579 19 0 -19 0 -19 -0.333579 19 -0.333579 -19 0 19 -0.518198 19 0 -19 0 -19 -0.518198 19 -0.518198 -19 0 19 -0.917157 19 0 -19 0 -19 -0.917157 19 -0.917157 -19 0 19 -0.518198 19 0 -19 0 -19 -0.518198 19 -0.518198 -19 0 19 -0.333579 19 0 -19 0 -19 -0.333579 19 -0.333579 -19 0 19 -0.425 19 0 -19 0 -19 -0.425 19 -0.425 -19 0 19 -0.2 19 0 -19 0 -19 -0.2 19 -0.2 -19 0 19 -0.9 19 0 -19 0 -19 -0.9 19 -0.9 -19 19 0.314159 -19 0.314159 19 0.2094399 19 0.2094399 -19 0.314159 -19 0.2094399 19 0.2094399 -19 0.2094399 19 0.1047199 19 0.1047199 -19 0.2094399 -19 0.1047199 19 0.1047199 -19 0.1047199 19 0 19 0 -19 0.1047199 -19 0 0 19 -0.9 19 0 -19 0 -19 -0.9 19 -0.9 -19 0.289824 -1.3 0.289824 -1.5 0.714824 -1.3 0.714824 -1.3 0.289824 -1.5 1.189824 -1.5 0.714824 -1.3 1.189824 -1.5 0.714824 -0.966421 0.714824 -0.966421 1.189824 -1.5 1.389824 -1.3 0.714824 -0.966421 1.389824 -1.3 0.856246 -0.825 0.856246 -0.825 1.389824 -1.3 1.189824 -0.825 1.189824 -0.825 1.389824 -1.3 1.389824 -0.4 1.189824 -0.825 1.389824 -0.4 1.189824 -0.4 1.189824 -1.5 1.289824 -1.473205 1.389824 -1.3 1.389824 -1.3 1.289824 -1.473205 1.363029 -1.4 0.714824 -0.966421 0.856246 -0.825 0.348403 -0.6 0.348403 -0.6 0.856246 -0.825 0.489824 -0.458579 0.348403 -0.6 0.489824 -0.458579 -0.568754 -0.6 -0.568754 -0.6 0.489824 -0.458579 0.489824 0.458579 -0.568754 -0.6 0.489824 0.458579 0.348403 0.6 0.348403 0.6 0.489824 0.458579 0.856246 0.825 0.348403 0.6 0.856246 0.825 0.714824 0.966421 0.714824 0.966421 0.856246 0.825 1.389824 1.3 0.714824 0.966421 1.389824 1.3 1.189824 1.5 1.189824 1.5 1.389824 1.3 1.363029 1.4 1.189824 1.5 1.363029 1.4 1.289824 1.473205 0.856246 0.825 1.189824 0.825 1.389824 1.3 1.389824 1.3 1.189824 0.825 1.389824 0.4 1.389824 0.4 1.189824 0.825 1.189824 0.4 0.714824 0.966421 1.189824 1.5 0.714824 1.3 0.714824 1.3 1.189824 1.5 0.289824 1.5 0.714824 1.3 0.289824 1.5 0.289824 1.3 0.348403 0.6 -0.568754 0.6 -0.568754 -0.6 -0.568754 -0.6 -0.568754 0.6 -0.935176 0.966421 -0.568754 -0.6 -0.935176 0.966421 -0.935176 -0.966421 -0.935176 -0.966421 -0.935176 0.966421 -1.610176 -1.5 -0.935176 -0.966421 -1.610176 -1.5 -0.935176 -1.3 -0.935176 -1.3 -1.610176 -1.5 -0.510176 -1.5 -0.935176 -1.3 -0.510176 -1.5 -0.510176 -1.3 -1.610176 -1.5 -0.935176 0.966421 -1.610176 1.5 -1.610176 1.5 -0.935176 0.966421 -0.935176 1.3 -1.610176 1.5 -0.935176 1.3 -0.510176 1.5 -0.510176 1.5 -0.935176 1.3 -0.510176 1.3 0.29 0 0 0 0.29 -62.92893 0.29 -62.92893 0 0 0 -62.92893 0 4.853761 0.29 4.853761 0 5.393067 0 5.393067 0.29 4.853761 0.29 5.393067 0 5.393067 0.29 5.393067 0.29 5.932374 0.29 6.471681 0 6.471681 0.29 5.932374 0.29 5.932374 0 6.471681 0 5.932374 0.29 5.932374 0 5.932374 0 5.393067 0.29 0 0 0 0.29 -5.707107 0.29 -5.707107 0 0 0 -5.707107 0 4.853761 0.29 4.853761 0 5.393067 0 5.393067 0.29 4.853761 0.29 5.393067 0 5.393067 0.29 5.393067 0.29 5.932374 0.29 6.471681 0 6.471681 0.29 5.932374 0.29 5.932374 0 6.471681 0 5.932374 0.29 5.932374 0 5.932374 0 5.393067 -0.29 0 0 0 -0.29 36.92893 -0.29 36.92893 0 0 0 36.92893 0 4.853761 0.29 4.853761 0 5.393067 0 5.393067 0.29 4.853761 0.29 5.393067 0 5.393067 0.29 5.393067 0.29 5.932374 0.29 6.471681 0 6.471681 0.29 5.932374 0.29 5.932374 0 6.471681 0 5.932374 0.29 5.932374 0 5.932374 0 5.393067 -0.29 0 0 0 -0.29 5.707107 -0.29 5.707107 0 0 0 5.707107 0 4.853761 0.29 4.853761 0 5.393067 0 5.393067 0.29 4.853761 0.29 5.393067 0 5.393067 0.29 5.393067 0.29 5.932374 0.29 6.471681 0 6.471681 0.29 5.932374 0.29 5.932374 0 6.471681 0 5.932374 0.29 5.932374 0 5.932374 0 5.393067 -0.29 0 0 0 -0.29 62.92893 -0.29 62.92893 0 0 0 62.92893 0 4.853761 0.29 4.853761 0 5.393067 0 5.393067 0.29 4.853761 0.29 5.393067 0 5.393067 0.29 5.393067 0.29 5.932374 0.29 6.471681 0 6.471681 0.29 5.932374 0.29 5.932374 0 6.471681 0 5.932374 0.29 5.932374 0 5.932374 0 5.393067 -0.29 0 0 0 -0.29 5.707107 -0.29 5.707107 0 0 0 5.707107 0 4.853761 0.29 4.853761 0 5.393067 0 5.393067 0.29 4.853761 0.29 5.393067 0 5.393067 0.29 5.393067 0.29 5.932374 0.29 6.471681 0 6.471681 0.29 5.932374 0.29 5.932374 0 6.471681 0 5.932374 0.29 5.932374 0 5.932374 0 5.393067 0.29 0 0 0 0.29 -36.92893 0.29 -36.92893 0 0 0 -36.92893 0 4.853761 0.29 4.853761 0 5.393067 0 5.393067 0.29 4.853761 0.29 5.393067 0 5.393067 0.29 5.393067 0.29 5.932374 0.29 6.471681 0 6.471681 0.29 5.932374 0.29 5.932374 0 6.471681 0 5.932374 0.29 5.932374 0 5.932374 0 5.393067 0.29 0 0 0 0.29 -5.707107 0.29 -5.707107 0 0 0 -5.707107 0 4.853761 0.29 4.853761 0 5.393067 0 5.393067 0.29 4.853761 0.29 5.393067 0 5.393067 0.29 5.393067 0.29 5.932374 0.29 6.471681 0 6.471681 0.29 5.932374 0.29 5.932374 0 6.471681 0 5.932374 0.29 5.932374 0 5.932374 0 5.393067 21.85 20 23.4 19 21.85 28 21.85 28 23.4 19 24.56 31.46447 21.85 28 24.56 31.46447 21.83296 28.12941 21.83296 28.12941 24.56 31.46447 21.78301 28.25 21.78301 28.25 24.56 31.46447 21.70355 28.35355 21.70355 28.35355 24.56 31.46447 23.95664 32.9211 21.70355 28.35355 23.95664 32.9211 21.6 28.43301 21.6 28.43301 23.95664 32.9211 21.47941 28.48296 21.47941 28.48296 23.95664 32.9211 21.35 28.5 21.35 28.5 23.95664 32.9211 19.92111 36.95664 21.35 28.5 19.92111 36.95664 21.22059 28.48296 21.22059 28.48296 19.92111 36.95664 21.1 28.43301 21.1 28.43301 19.92111 36.95664 20.99645 28.35355 20.99645 28.35355 19.92111 36.95664 20.91699 28.25 20.91699 28.25 19.92111 36.95664 18.46447 37.56 20.91699 28.25 18.46447 37.56 20.86704 28.12941 20.86704 28.12941 18.46447 37.56 20.85 28 20.85 28 18.46447 37.56 8.800001 34 20.85 28 8.800001 34 20.4 19 20.4 19 8.800001 34 8.800001 -34 20.4 19 8.800001 -34 20.4 -19 20.4 -19 8.800001 -34 18.46447 -37.56 20.4 -19 18.46447 -37.56 19.92111 -36.95664 19.92111 -36.95664 18.46447 -37.56 18.99763 -37.48981 19.92111 -36.95664 18.99763 -37.48981 19.49447 -37.28401 21.85 20 21.83296 19.87059 23.4 19 23.4 19 21.83296 19.87059 21.78301 19.75 23.4 19 21.78301 19.75 21.70355 19.64645 21.70355 19.64645 21.6 19.56699 23.4 19 23.4 19 21.6 19.56699 21.47941 19.51704 23.4 19 21.47941 19.51704 20.4 19 20.4 19 21.47941 19.51704 21.35 19.5 20.4 19 21.35 19.5 21.22059 19.51704 21.22059 19.51704 21.1 19.56699 20.4 19 20.4 19 21.1 19.56699 20.99645 19.64645 20.4 19 20.99645 19.64645 20.91699 19.75 20.91699 19.75 20.86704 19.87059 20.4 19 20.4 19 20.86704 19.87059 20.85 20 20.4 19 20.85 20 20.85 28 -20.86704 -28.12941 -18.46447 -37.56 -20.85 -28 -20.85 -28 -18.46447 -37.56 -8.800001 -34 -20.85 -28 -8.800001 -34 -20.4 -19 -20.4 -19 -8.800001 -34 -20.4 19 -20.4 19 -8.800001 -34 -8.800001 34 -20.4 19 -8.800001 34 -18.46447 37.56 -18.46447 37.56 -8.800001 34 -5.8 34 -18.46447 37.56 -5.8 34 5.8 34 5.8 34 -5.8 34 5.8 -34 5.8 -34 -5.8 34 -5.8 -34 5.8 -34 -5.8 -34 18.46447 -37.56 18.46447 -37.56 -5.8 -34 -18.46447 -37.56 -18.46447 -37.56 -5.8 -34 -8.800001 -34 -20.86704 -28.12941 -20.91699 -28.25 -18.46447 -37.56 -18.46447 -37.56 -20.91699 -28.25 -19.92111 -36.95664 -18.46447 -37.56 -19.92111 -36.95664 -18.99763 -37.48981 -18.99763 -37.48981 -19.92111 -36.95664 -19.49447 -37.28401 -20.91699 -28.25 -20.99645 -28.35355 -19.92111 -36.95664 -19.92111 -36.95664 -20.99645 -28.35355 -21.1 -28.43301 -19.92111 -36.95664 -21.1 -28.43301 -21.22059 -28.48296 -21.22059 -28.48296 -21.35 -28.5 -19.92111 -36.95664 -19.92111 -36.95664 -21.35 -28.5 -23.95664 -32.9211 -23.95664 -32.9211 -21.35 -28.5 -21.47941 -28.48296 -23.95664 -32.9211 -21.47941 -28.48296 -21.6 -28.43301 -21.6 -28.43301 -21.70355 -28.35355 -23.95664 -32.9211 -23.95664 -32.9211 -21.70355 -28.35355 -24.56 -31.46447 -23.95664 -32.9211 -24.56 -31.46447 -24.28401 -32.49446 -24.28401 -32.49446 -24.56 -31.46447 -24.48981 -31.99763 -21.70355 -28.35355 -21.78301 -28.25 -24.56 -31.46447 -24.56 -31.46447 -21.78301 -28.25 -21.83296 -28.12941 -24.56 -31.46447 -21.83296 -28.12941 -21.85 -28 -24.56 -31.46447 -21.85 -28 -23.4 -19 -23.4 -19 -21.85 -28 -21.85 -20 -23.4 -19 -21.85 -20 -21.83296 -19.87059 -21.83296 -19.87059 -21.78301 -19.75 -23.4 -19 -23.4 -19 -21.78301 -19.75 -21.70355 -19.64645 -23.4 -19 -21.70355 -19.64645 -21.6 -19.56699 -21.6 -19.56699 -21.47941 -19.51704 -23.4 -19 -23.4 -19 -21.47941 -19.51704 -20.4 -19 -20.4 -19 -21.47941 -19.51704 -21.35 -19.5 -20.4 -19 -21.35 -19.5 -21.22059 -19.51704 -21.22059 -19.51704 -21.1 -19.56699 -20.4 -19 -20.4 -19 -21.1 -19.56699 -20.99645 -19.64645 -20.4 -19 -20.99645 -19.64645 -20.91699 -19.75 -20.91699 -19.75 -20.86704 -19.87059 -20.4 -19 -20.4 -19 -20.86704 -19.87059 -20.85 -20 -20.4 -19 -20.85 -20 -20.85 -28 8.800001 -34 5.8 -34 18.46447 -37.56 -18.46447 37.56 5.8 34 18.46447 37.56 18.46447 37.56 5.8 34 8.800001 34 23.4 19 23.4 -19 24.56 -31.46447 24.56 -31.46447 23.4 -19 20.4 -19 24.56 -31.46447 20.4 -19 23.95664 -32.9211 23.95664 -32.9211 20.4 -19 19.92111 -36.95664 24.56 31.46447 23.4 19 24.56 -31.46447 -23.4 -19 -23.4 19 -24.56 -31.46447 -24.56 -31.46447 -23.4 19 -24.56 31.46447 -24.56 31.46447 -23.4 19 -20.4 19 -24.56 31.46447 -20.4 19 -23.95664 32.9211 -23.95664 32.9211 -20.4 19 -19.92111 36.95664 -19.92111 36.95664 -20.4 19 -18.46447 37.56 -19.92111 36.95664 -18.46447 37.56 -18.99763 37.48981 23.95664 -32.9211 24.28401 -32.49446 24.56 -31.46447 24.56 -31.46447 24.28401 -32.49446 24.48981 -31.99763 24.48981 31.99763 24.28401 32.49446 24.56 31.46447 24.56 31.46447 24.28401 32.49446 23.95664 32.9211 19.49447 37.28401 18.99763 37.48981 19.92111 36.95664 19.92111 36.95664 18.99763 37.48981 18.46447 37.56 -18.99763 37.48981 -19.49447 37.28401 -19.92111 36.95664 -23.95664 32.9211 -24.28401 32.49446 -24.56 31.46447 -24.56 31.46447 -24.28401 32.49446 -24.48981 31.99763 25.72 31.46447 25 31.46447 25.72 -31.46447 25.72 -31.46447 25 31.46447 25 -31.46447 25.72 -31.46447 25 -31.46447 25.61028 -32.29786 25.61028 -32.29786 25 -31.46447 24.91481 -32.11151 25.61028 -32.29786 24.91481 -32.11151 25.2886 -33.07447 25.2886 -33.07447 24.91481 -32.11151 24.66506 -32.71446 25.2886 -33.07447 24.66506 -32.71446 24.77688 -33.74135 24.77688 -33.74135 24.66506 -32.71446 24.26777 -33.23223 24.77688 -33.74135 24.26777 -33.23223 20.74135 -37.77688 20.74135 -37.77688 24.26777 -33.23223 20.23223 -37.26777 20.74135 -37.77688 20.23223 -37.26777 20.07447 -38.2886 20.07447 -38.2886 20.23223 -37.26777 19.71447 -37.66506 20.07447 -38.2886 19.71447 -37.66506 19.29786 -38.61028 19.29786 -38.61028 19.71447 -37.66506 19.11151 -37.91481 19.29786 -38.61028 19.11151 -37.91481 18.46447 -38.72 18.46447 -38.72 19.11151 -37.91481 18.46447 -38 18.46447 -38.72 18.46447 -38 -18.46447 -38 25.72 31.46447 25.61028 32.29786 25 31.46447 25 31.46447 25.61028 32.29786 24.91481 32.11151 24.91481 32.11151 25.61028 32.29786 25.2886 33.07447 24.91481 32.11151 25.2886 33.07447 24.66506 32.71446 24.66506 32.71446 25.2886 33.07447 24.77688 33.74135 24.66506 32.71446 24.77688 33.74135 24.26777 33.23223 24.26777 33.23223 24.77688 33.74135 20.74135 37.77688 24.26777 33.23223 20.74135 37.77688 20.23223 37.26777 20.23223 37.26777 20.74135 37.77688 20.07447 38.2886 20.23223 37.26777 20.07447 38.2886 19.71447 37.66506 19.71447 37.66506 20.07447 38.2886 19.29786 38.61028 19.71447 37.66506 19.29786 38.61028 19.11151 37.91481 19.11151 37.91481 19.29786 38.61028 18.46447 38.72 19.11151 37.91481 18.46447 38.72 18.46447 38 18.46447 38 18.46447 38.72 -18.46447 38.72 18.46447 38 -18.46447 38.72 -18.46447 38 -18.46447 38 -18.46447 38.72 -19.11151 37.91481 -19.11151 37.91481 -18.46447 38.72 -19.29786 38.61028 -19.11151 37.91481 -19.29786 38.61028 -19.71447 37.66506 -19.71447 37.66506 -19.29786 38.61028 -20.07447 38.2886 -19.71447 37.66506 -20.07447 38.2886 -20.23223 37.26777 -20.23223 37.26777 -20.07447 38.2886 -20.74135 37.77688 -20.23223 37.26777 -20.74135 37.77688 -24.26777 33.23223 -24.26777 33.23223 -20.74135 37.77688 -24.77688 33.74135 -24.26777 33.23223 -24.77688 33.74135 -24.66506 32.71446 -24.66506 32.71446 -24.77688 33.74135 -25.2886 33.07447 -24.66506 32.71446 -25.2886 33.07447 -24.91481 32.11151 -24.91481 32.11151 -25.2886 33.07447 -25.61028 32.29786 -24.91481 32.11151 -25.61028 32.29786 -25 31.46447 -25 31.46447 -25.61028 32.29786 -25.72 31.46447 -25 31.46447 -25.72 31.46447 -25 -31.46447 -25 -31.46447 -25.72 31.46447 -25.72 -31.46447 -25 -31.46447 -25.72 -31.46447 -25.61028 -32.29786 -25 -31.46447 -25.61028 -32.29786 -24.91481 -32.11151 -24.91481 -32.11151 -25.61028 -32.29786 -25.2886 -33.07447 -24.91481 -32.11151 -25.2886 -33.07447 -24.66506 -32.71446 -24.66506 -32.71446 -25.2886 -33.07447 -24.77688 -33.74135 -24.66506 -32.71446 -24.77688 -33.74135 -24.26777 -33.23223 -24.26777 -33.23223 -24.77688 -33.74135 -20.74135 -37.77688 -24.26777 -33.23223 -20.74135 -37.77688 -20.23223 -37.26777 -20.23223 -37.26777 -20.74135 -37.77688 -20.07447 -38.2886 -20.23223 -37.26777 -20.07447 -38.2886 -19.71447 -37.66506 -19.71447 -37.66506 -20.07447 -38.2886 -19.29786 -38.61028 -19.71447 -37.66506 -19.29786 -38.61028 -19.11151 -37.91481 -19.11151 -37.91481 -19.29786 -38.61028 -18.46447 -38.72 -19.11151 -37.91481 -18.46447 -38.72 -18.46447 -38 -18.46447 -38 -18.46447 -38.72 18.46447 -38.72 0 -7.586946 -1.09 -7.586946 0 -8.429941 0 -8.429941 -1.09 -7.586946 -1.09 -8.429941 0 -8.429941 -1.09 -8.429941 -1.09 -9.272934 -1.09 -10.11593 0 -10.11593 -1.09 -9.272934 -1.09 -9.272934 0 -10.11593 0 -9.272934 -1.09 -9.272934 0 -9.272934 0 -8.429941 1.09 5.707107 0 5.707107 1.09 0 1.09 0 0 5.707107 0 0 0 -7.586946 -1.09 -7.586946 0 -8.429941 0 -8.429941 -1.09 -7.586946 -1.09 -8.429941 0 -8.429941 -1.09 -8.429941 -1.09 -9.272934 -1.09 -10.11593 0 -10.11593 -1.09 -9.272934 -1.09 -9.272934 0 -10.11593 0 -9.272934 -1.09 -9.272934 0 -9.272934 0 -8.429941 1.09 36.92893 0 36.92893 1.09 0 1.09 0 0 36.92893 0 0 0 -7.586946 -1.09 -7.586946 0 -8.429941 0 -8.429941 -1.09 -7.586946 -1.09 -8.429941 0 -8.429941 -1.09 -8.429941 -1.09 -9.272934 -1.09 -10.11593 0 -10.11593 -1.09 -9.272934 -1.09 -9.272934 0 -10.11593 0 -9.272934 -1.09 -9.272934 0 -9.272934 0 -8.429941 -1.09 -5.707107 0 -5.707107 -1.09 0 -1.09 0 0 -5.707107 0 0 0 -7.586946 -1.09 -7.586946 0 -8.429941 0 -8.429941 -1.09 -7.586946 -1.09 -8.429941 0 -8.429941 -1.09 -8.429941 -1.09 -9.272934 -1.09 -10.11593 0 -10.11593 -1.09 -9.272934 -1.09 -9.272934 0 -10.11593 0 -9.272934 -1.09 -9.272934 0 -9.272934 0 -8.429941 -1.09 -62.92893 0 -62.92893 -1.09 0 -1.09 0 0 -62.92893 0 0 0 -7.586946 -1.09 -7.586946 0 -8.429941 0 -8.429941 -1.09 -7.586946 -1.09 -8.429941 0 -8.429941 -1.09 -8.429941 -1.09 -9.272934 -1.09 -10.11593 0 -10.11593 -1.09 -9.272934 -1.09 -9.272934 0 -10.11593 0 -9.272934 -1.09 -9.272934 0 -9.272934 0 -8.429941 -1.09 -5.707107 0 -5.707107 -1.09 0 -1.09 0 0 -5.707107 0 0 0 -7.586946 -1.09 -7.586946 0 -8.429941 0 -8.429941 -1.09 -7.586946 -1.09 -8.429941 0 -8.429941 -1.09 -8.429941 -1.09 -9.272934 -1.09 -10.11593 0 -10.11593 -1.09 -9.272934 -1.09 -9.272934 0 -10.11593 0 -9.272934 -1.09 -9.272934 0 -9.272934 0 -8.429941 -1.09 -36.92893 0 -36.92893 -1.09 0 -1.09 0 0 -36.92893 0 0 0 -7.586946 -1.09 -7.586946 0 -8.429941 0 -8.429941 -1.09 -7.586946 -1.09 -8.429941 0 -8.429941 -1.09 -8.429941 -1.09 -9.272934 -1.09 -10.11593 0 -10.11593 -1.09 -9.272934 -1.09 -9.272934 0 -10.11593 0 -9.272934 -1.09 -9.272934 0 -9.272934 0 -8.429941 1.09 5.707107 0 5.707107 1.09 0 1.09 0 0 5.707107 0 0 0 -7.586946 -1.09 -7.586946 0 -8.429941 0 -8.429941 -1.09 -7.586946 -1.09 -8.429941 0 -8.429941 -1.09 -8.429941 -1.09 -9.272934 -1.09 -10.11593 0 -10.11593 -1.09 -9.272934 -1.09 -9.272934 0 -10.11593 0 -9.272934 -1.09 -9.272934 0 -9.272934 0 -8.429941 1.09 62.92893 0 62.92893 1.09 0 1.09 0 0 62.92893 0 0 -24.56 31.46447 -25.72 31.46447 -24.56 -31.46447 -24.56 -31.46447 -25.72 31.46447 -25.72 -31.46447 -24.56 -31.46447 -25.72 -31.46447 -25.61028 -32.29786 -25.72 31.46447 -24.56 31.46447 -25.61028 32.29786 -25.61028 32.29786 -24.56 31.46447 -24.48981 31.99763 -25.61028 32.29786 -24.48981 31.99763 -25.2886 33.07447 -25.2886 33.07447 -24.48981 31.99763 -24.28401 32.49446 -25.2886 33.07447 -24.28401 32.49446 -24.77688 33.74135 -24.77688 33.74135 -24.28401 32.49446 -23.95664 32.9211 -24.77688 33.74135 -23.95664 32.9211 -20.74135 37.77688 -20.74135 37.77688 -23.95664 32.9211 -19.92111 36.95664 -20.74135 37.77688 -19.92111 36.95664 -20.07447 38.2886 -20.07447 38.2886 -19.92111 36.95664 -19.49447 37.28401 -20.07447 38.2886 -19.49447 37.28401 -19.29786 38.61028 -19.29786 38.61028 -19.49447 37.28401 -18.99763 37.48981 -19.29786 38.61028 -18.99763 37.48981 -18.46447 38.72 -18.46447 38.72 -18.99763 37.48981 -18.46447 37.56 -18.46447 38.72 -18.46447 37.56 18.46447 37.56 -18.46447 38.72 18.46447 37.56 18.46447 38.72 18.46447 38.72 18.46447 37.56 18.99763 37.48981 18.46447 38.72 18.99763 37.48981 19.29786 38.61028 19.29786 38.61028 18.99763 37.48981 19.49447 37.28401 19.29786 38.61028 19.49447 37.28401 20.07447 38.2886 20.07447 38.2886 19.49447 37.28401 19.92111 36.95664 20.07447 38.2886 19.92111 36.95664 20.74135 37.77688 20.74135 37.77688 19.92111 36.95664 23.95664 32.9211 20.74135 37.77688 23.95664 32.9211 24.77688 33.74135 24.77688 33.74135 23.95664 32.9211 24.28401 32.49446 24.77688 33.74135 24.28401 32.49446 25.2886 33.07447 25.2886 33.07447 24.28401 32.49446 24.48981 31.99763 25.2886 33.07447 24.48981 31.99763 25.61028 32.29786 25.61028 32.29786 24.48981 31.99763 24.56 31.46447 25.61028 32.29786 24.56 31.46447 25.72 31.46447 25.72 31.46447 24.56 31.46447 25.72 -31.46447 25.72 -31.46447 24.56 31.46447 24.56 -31.46447 25.72 -31.46447 24.56 -31.46447 25.61028 -32.29786 25.61028 -32.29786 24.56 -31.46447 24.48981 -31.99763 25.61028 -32.29786 24.48981 -31.99763 25.2886 -33.07447 25.2886 -33.07447 24.48981 -31.99763 24.28401 -32.49446 25.2886 -33.07447 24.28401 -32.49446 24.77688 -33.74135 24.77688 -33.74135 24.28401 -32.49446 23.95664 -32.9211 24.77688 -33.74135 23.95664 -32.9211 20.74135 -37.77688 20.74135 -37.77688 23.95664 -32.9211 19.92111 -36.95664 20.74135 -37.77688 19.92111 -36.95664 20.07447 -38.2886 20.07447 -38.2886 19.92111 -36.95664 19.49447 -37.28401 20.07447 -38.2886 19.49447 -37.28401 19.29786 -38.61028 19.29786 -38.61028 19.49447 -37.28401 18.99763 -37.48981 19.29786 -38.61028 18.99763 -37.48981 18.46447 -38.72 18.46447 -38.72 18.99763 -37.48981 18.46447 -37.56 18.46447 -38.72 18.46447 -37.56 -18.46447 -37.56 18.46447 -38.72 -18.46447 -37.56 -18.46447 -38.72 -18.46447 -38.72 -18.46447 -37.56 -18.99763 -37.48981 -18.46447 -38.72 -18.99763 -37.48981 -19.29786 -38.61028 -19.29786 -38.61028 -18.99763 -37.48981 -19.49447 -37.28401 -19.29786 -38.61028 -19.49447 -37.28401 -20.07447 -38.2886 -20.07447 -38.2886 -19.49447 -37.28401 -19.92111 -36.95664 -20.07447 -38.2886 -19.92111 -36.95664 -20.74135 -37.77688 -20.74135 -37.77688 -19.92111 -36.95664 -23.95664 -32.9211 -20.74135 -37.77688 -23.95664 -32.9211 -24.77688 -33.74135 -24.77688 -33.74135 -23.95664 -32.9211 -24.28401 -32.49446 -24.77688 -33.74135 -24.28401 -32.49446 -25.2886 -33.07447 -25.2886 -33.07447 -24.28401 -32.49446 -24.48981 -31.99763 -25.2886 -33.07447 -24.48981 -31.99763 -25.61028 -32.29786 -25.61028 -32.29786 -24.48981 -31.99763 -24.56 -31.46447 -22 -1.495997 -20.6 -0.747998 -22 0 -22 0 -20.6 -0.747998 -20.6 0.747998 -22 0 -20.6 0.747998 -22 1.495997 -22 1.495997 -20.6 0.747998 -20.6 2.243995 -22 1.495997 -20.6 2.243995 -22 2.991993 -22 2.991993 -20.6 2.243995 -20.6 3.739991 -22 2.991993 -20.6 3.739991 -22 4.487989 -22 4.487989 -20.6 3.739991 -20.6 5.235988 -22 4.487989 -20.6 5.235988 -22 5.983986 -22 5.983986 -20.6 5.235988 -20.6 6.731984 -22 5.983986 -20.6 6.731984 -22 7.479982 -22 7.479982 -20.6 6.731984 -20.6 8.227981 -22 7.479982 -20.6 8.227981 -22 8.975979 -22 8.975979 -20.6 8.227981 -20.6 9.723978 -22 8.975979 -20.6 9.723978 -22 10.47198 -22 10.47198 -20.6 9.723978 -20.6 11.21997 -22 10.47198 -20.6 11.21997 -22 11.96797 -22 11.96797 -20.6 11.21997 -20.6 12.71597 -22 11.96797 -20.6 12.71597 -22 13.46397 -22 13.46397 -20.6 12.71597 -20.6 14.21197 -22 13.46397 -20.6 14.21197 -22 14.95996 -22 14.95996 -20.6 14.21197 -20.6 15.70796 -22 14.95996 -20.6 15.70796 -22 16.45596 -22 -14.95997 -20.6 -15.70796 -20.6 -14.21197 -22 -14.95997 -20.6 -14.21197 -22 -13.46397 -22 -13.46397 -20.6 -14.21197 -20.6 -12.71597 -22 -13.46397 -20.6 -12.71597 -22 -11.96797 -22 -11.96797 -20.6 -12.71597 -20.6 -11.21997 -22 -11.96797 -20.6 -11.21997 -22 -10.47198 -22 -10.47198 -20.6 -11.21997 -20.6 -9.723978 -22 -10.47198 -20.6 -9.723978 -22 -8.975979 -22 -8.975979 -20.6 -9.723978 -20.6 -8.227981 -22 -8.975979 -20.6 -8.227981 -22 -7.479982 -22 -7.479982 -20.6 -8.227981 -20.6 -6.731984 -22 -7.479982 -20.6 -6.731984 -22 -5.983986 -22 -5.983986 -20.6 -6.731984 -20.6 -5.235988 -22 -5.983986 -20.6 -5.235988 -22 -4.487989 -22 -4.487989 -20.6 -5.235988 -20.6 -3.739991 -22 -4.487989 -20.6 -3.739991 -22 -2.991993 -22 -2.991993 -20.6 -3.739991 -20.6 -2.243995 -22 -2.991993 -20.6 -2.243995 -22 -1.495997 -22 -1.495997 -20.6 -2.243995 -20.6 -0.747998 22 1.495997 20.6 0.747998 22 0 22 0 20.6 0.747998 20.6 -0.747998 22 0 20.6 -0.747998 22 -1.495997 22 -1.495997 20.6 -0.747998 20.6 -2.243995 22 -1.495997 20.6 -2.243995 22 -2.991993 22 -2.991993 20.6 -2.243995 20.6 -3.739991 22 -2.991993 20.6 -3.739991 22 -4.487989 22 -4.487989 20.6 -3.739991 20.6 -5.235988 22 -4.487989 20.6 -5.235988 22 -5.983986 22 -5.983986 20.6 -5.235988 20.6 -6.731984 22 -5.983986 20.6 -6.731984 22 -7.479982 22 -7.479982 20.6 -6.731984 20.6 -8.227981 22 -7.479982 20.6 -8.227981 22 -8.975979 22 -8.975979 20.6 -8.227981 20.6 -9.723978 22 -8.975979 20.6 -9.723978 22 -10.47198 22 -10.47198 20.6 -9.723978 20.6 -11.21997 22 -10.47198 20.6 -11.21997 22 -11.96797 22 -11.96797 20.6 -11.21997 20.6 -12.71597 22 -11.96797 20.6 -12.71597 22 -13.46397 22 -13.46397 20.6 -12.71597 20.6 -14.21197 22 -13.46397 20.6 -14.21197 22 -14.95996 22 -14.95996 20.6 -14.21197 20.6 -15.70796 22 -14.95996 20.6 -15.70796 22 -16.45596 22 14.95997 20.6 15.70796 20.6 14.21197 22 14.95997 20.6 14.21197 22 13.46397 22 13.46397 20.6 14.21197 20.6 12.71597 22 13.46397 20.6 12.71597 22 11.96797 22 11.96797 20.6 12.71597 20.6 11.21997 22 11.96797 20.6 11.21997 22 10.47198 22 10.47198 20.6 11.21997 20.6 9.723978 22 10.47198 20.6 9.723978 22 8.975979 22 8.975979 20.6 9.723978 20.6 8.227981 22 8.975979 20.6 8.227981 22 7.479982 22 7.479982 20.6 8.227981 20.6 6.731984 22 7.479982 20.6 6.731984 22 5.983986 22 5.983986 20.6 6.731984 20.6 5.235988 22 5.983986 20.6 5.235988 22 4.487989 22 4.487989 20.6 5.235988 20.6 3.739991 22 4.487989 20.6 3.739991 22 2.991993 22 2.991993 20.6 3.739991 20.6 2.243995 22 2.991993 20.6 2.243995 22 1.495997 22 1.495997 20.6 2.243995 20.6 0.747998 2.277864 -1.473776 2.5 0 -3.612605 -4.87464 -3.612605 -4.87464 2.5 0 2.277864 1.473776 -3.612605 -4.87464 2.277864 1.473776 1.631194 2.8166 1.631194 2.8166 0.617449 3.909158 -3.612605 -4.87464 -3.612605 -4.87464 0.617449 3.909158 -0.673295 4.654369 -3.612605 -4.87464 -0.673295 4.654369 -2.126349 4.986019 -2.126349 4.986019 -3.612605 4.87464 -3.612605 -4.87464 -3.612605 -4.87464 -3.612605 4.87464 -5 -4.330127 -5 -4.330127 -3.612605 4.87464 -5 4.330127 -5 -4.330127 -5 4.330127 -6.165259 -3.400864 -6.165259 -3.400864 -5 4.330127 -6.165259 3.400864 -6.165259 -3.400864 -6.165259 3.400864 -7.004844 -2.169419 -7.004844 -2.169419 -6.165259 3.400864 -7.004844 2.169419 -7.004844 -2.169419 -7.004844 2.169419 -7.444154 -0.745211 -7.444154 -0.745211 -7.004844 2.169419 -7.444154 0.745211 -2.126349 -4.986019 -0.673295 -4.654369 -3.612605 -4.87464 -3.612605 -4.87464 -0.673295 -4.654369 0.617449 -3.909158 -3.612605 -4.87464 0.617449 -3.909158 1.631194 -2.8166 1.631194 -2.8166 2.277864 -1.473776 -3.612605 -4.87464 -2.277864 1.473776 -2.5 0 3.612605 -4.87464 3.612605 -4.87464 -2.5 0 -2.277864 -1.473776 3.612605 -4.87464 -2.277864 -1.473776 -1.631194 -2.8166 -1.631194 -2.8166 -0.617449 -3.909158 3.612605 -4.87464 3.612605 -4.87464 -0.617449 -3.909158 0.673295 -4.654369 3.612605 -4.87464 0.673295 -4.654369 2.126349 -4.986019 5 -4.330127 3.612605 4.87464 3.612605 -4.87464 3.612605 -4.87464 3.612605 4.87464 2.126349 4.986019 3.612605 -4.87464 2.126349 4.986019 0.673295 4.654369 3.612605 4.87464 5 -4.330127 5 4.330127 5 4.330127 5 -4.330127 6.165259 -3.400864 5 4.330127 6.165259 -3.400864 6.165259 3.400864 6.165259 3.400864 6.165259 -3.400864 7.004844 -2.169419 6.165259 3.400864 7.004844 -2.169419 7.004844 2.169419 7.004844 2.169419 7.004844 -2.169419 7.444154 -0.745211 7.004844 2.169419 7.444154 -0.745211 7.444154 0.745211 0.673295 4.654369 -0.617449 3.909158 3.612605 -4.87464 3.612605 -4.87464 -0.617449 3.909158 -1.631194 2.8166 3.612605 -4.87464 -1.631194 2.8166 -2.277864 1.473776 0.484488 -1.905385 0.484488 -1.253895 0.193795 -1.98076 0.193795 -1.98076 0.484488 -1.253895 0.322992 -1.253888 0.193795 -1.98076 0.322992 -1.253888 0.161496 -1.253888 0.161496 -1.253888 0 -1.253895 0.193795 -1.98076 0.193795 -1.98076 0 -1.253895 0 -1.905385 0.193795 -1.98076 0 -1.905385 0.193795 -2.496812 0.193795 -2.496812 0 -1.905385 0 -2.556885 0.484488 -2.556885 0.484488 -1.905385 0.193795 -2.496812 0.193795 -2.496812 0.484488 -1.905385 0.193795 -1.98076 1.134497 2.043673 1.13453 2.879993 0.794174 2.422326 0.794174 2.422326 1.13453 2.879993 0.756329 2.879997 0.794174 2.422326 0.756329 2.879997 0.378137 2.879995 0.794174 2.422326 0.378137 2.879995 0.453813 2.422326 0.453813 2.422326 0.378137 2.879995 0 2.879994 0.453813 2.422326 0 2.879994 0 2.043688 0 1.207432 0.378178 1.207432 0 2.043688 0 2.043688 0.378178 1.207432 0.453813 1.814879 0 2.043688 0.453813 1.814879 0.453813 2.422326 0.453813 2.422326 0.453813 1.814879 0.794174 1.814879 0.453813 2.422326 0.794174 1.814879 0.794174 2.422326 0.794174 2.422326 0.794174 1.814879 1.134497 2.043673 0.378178 1.207432 0.756356 1.207432 0.453813 1.814879 0.453813 1.814879 0.756356 1.207432 0.794174 1.814879 0.756356 1.207432 1.134534 1.207432 0.794174 1.814879 0.794174 1.814879 1.134534 1.207432 1.134497 2.043673 -7.697872 -0.698132 -6.756677 -0.698132 -7.697872 -0.232711 -7.697872 -0.232711 -6.756677 -0.698132 -6.756677 -0.232711 -7.697872 -0.232711 -6.756677 -0.232711 -6.756677 0.232711 -6.756677 0.698132 -7.697872 0.698132 -6.756677 0.232711 -6.756677 0.232711 -7.697872 0.698132 -7.697872 0.232711 -6.756677 0.232711 -7.697872 0.232711 -7.697872 -0.232711 1.382866 0.170147 1.382866 0.510438 1.106293 0 1.106293 0 1.382866 0.510438 0.921913 0.510438 1.106293 0 0.921913 0.510438 0.553146 0 0.553146 0 0.921913 0.510438 0.460955 0.510439 0.553146 0 0.460955 0.510439 4.3e-5 0.170146 4.3e-5 0.170146 0.460955 0.510439 0 0.510438 4.3e-5 0.170146 0 -0.170146 0.553146 0 0.553146 0 0 -0.170146 0.460954 -0.510438 0.553146 0 0.460954 -0.510438 0.921911 -0.510438 0 -0.170146 0 -0.510438 0.460954 -0.510438 0.553146 0 0.921911 -0.510438 1.106293 0 1.106293 0 0.921911 -0.510438 1.382866 -0.510438 1.106293 0 1.382866 -0.510438 1.382866 -0.170146 1.382866 -0.170146 1.382866 0.170147 1.106293 0 -4.142052 -0.698132 1.24189 -0.698132 -4.142052 -0.232711 -4.142052 -0.232711 1.24189 -0.698132 1.24189 -0.232711 -4.142052 -0.232711 1.24189 -0.232711 1.24189 0.232711 1.24189 0.698132 -4.142052 0.698132 1.24189 0.232711 1.24189 0.232711 -4.142052 0.698132 -4.142052 0.232711 1.24189 0.232711 -4.142052 0.232711 -4.142052 -0.232711 1.570796 -36.00803 1.105375 -36.00803 1.570796 -38.27763 1.570796 -38.27763 1.105375 -36.00803 0.872665 -38.27763 1.570796 -38.27763 0.872665 -38.27763 1.570796 -40.54723 1.570796 -40.54723 0.872665 -38.27763 0.872665 -40.54723 1.570796 -40.54723 0.872665 -40.54723 1.570796 -42.81683 1.570796 -42.81683 0.872665 -40.54723 0.872665 -42.81683 1.570796 -42.81683 0.872665 -42.81683 1.570796 -45.08642 1.570796 -45.08642 0.872665 -42.81683 0.872665 -45.08642 1.570796 -45.08642 0.872665 -45.08642 1.570796 -47.35602 1.570796 -47.35602 0.872665 -45.08642 0.872665 -47.35602 1.570796 -47.35602 0.872665 -47.35602 1.570796 -49.62562 1.570796 -49.62562 0.872665 -47.35602 0.872665 -49.62562 1.570796 -49.62562 0.872665 -49.62562 1.570796 -51.89522 1.570796 -51.89522 0.872665 -49.62562 0.872665 -51.89522 1.570796 -51.89522 0.872665 -51.89522 1.570796 -54.16482 1.570796 -54.16482 0.872665 -51.89522 0.872665 -54.16482 1.570796 -54.16482 0.872665 -54.16482 1.570796 -56.43441 1.570796 -56.43441 0.872665 -54.16482 0.872665 -56.43441 1.570796 -56.43441 0.872665 -56.43441 1.105375 -58.70401 1.105375 -58.70401 0.872665 -56.43441 0.639954 -58.70401 0.639954 -58.70401 0.872665 -56.43441 0.174533 -56.43441 0.639954 -58.70401 0.174533 -56.43441 0.174533 -58.70401 1.105375 -36.00803 0.639954 -36.00803 0.872665 -38.27763 0.872665 -38.27763 0.639954 -36.00803 0.174533 -38.27763 0.872665 -38.27763 0.174533 -38.27763 0.872665 -40.54723 0.872665 -40.54723 0.174533 -38.27763 0.174533 -40.54723 0.872665 -40.54723 0.174533 -40.54723 0.872665 -42.81683 0.872665 -42.81683 0.174533 -40.54723 0.174533 -42.81683 0.872665 -42.81683 0.174533 -42.81683 0.872665 -45.08642 0.872665 -45.08642 0.174533 -42.81683 0.174533 -45.08642 0.872665 -45.08642 0.174533 -45.08642 0.872665 -47.35602 0.872665 -47.35602 0.174533 -45.08642 0.174533 -47.35602 0.872665 -47.35602 0.174533 -47.35602 0.872665 -49.62562 0.872665 -49.62562 0.174533 -47.35602 0.174533 -49.62562 0.872665 -49.62562 0.174533 -49.62562 0.872665 -51.89522 0.872665 -51.89522 0.174533 -49.62562 0.174533 -51.89522 0.872665 -51.89522 0.174533 -51.89522 0.872665 -54.16482 0.872665 -54.16482 0.174533 -51.89522 0.174533 -54.16482 0.872665 -54.16482 0.174533 -54.16482 0.872665 -56.43441 0.872665 -56.43441 0.174533 -54.16482 0.174533 -56.43441 0.639954 -36.00803 0.174533 -36.00803 0.174533 -38.27763 1.105375 -58.70401 1.570796 -58.70401 1.570796 -56.43441 -9.87114 -0.698132 -3.39706 -0.698132 -9.87114 -0.232711 -9.87114 -0.232711 -3.39706 -0.698132 -3.39706 -0.232711 -9.87114 -0.232711 -3.39706 -0.232711 -3.39706 0.232711 -3.39706 0.698132 -9.87114 0.698132 -3.39706 0.232711 -3.39706 0.232711 -9.87114 0.698132 -9.87114 0.232711 -3.39706 0.232711 -9.87114 0.232711 -9.87114 -0.232711 1.10147 -2.032685 1.10147 -1.093502 0.881176 -1.639781 0.881176 -1.639781 1.10147 -1.093502 0.734487 -1.093498 0.881176 -1.639781 0.734487 -1.093498 0.440588 -1.639781 0.440588 -1.639781 0.734487 -1.093498 0.367301 -1.093492 0.440588 -1.639781 0.367301 -1.093492 9.5e-5 -1.093472 9.5e-5 -1.093472 0 -2.032685 0.440588 -1.639781 0.440588 -1.639781 0 -2.032685 0.440588 -2.305809 0.440588 -1.639781 0.440588 -2.305809 0.881176 -2.305809 0.881176 -2.305809 0.440588 -2.305809 0.734314 -2.971838 0.881176 -2.305809 0.734314 -2.971838 1.10147 -2.971838 0 -2.971838 0.367156 -2.971838 0 -2.032685 0 -2.032685 0.367156 -2.971838 0.440588 -2.305809 0.367156 -2.971838 0.734314 -2.971838 0.440588 -2.305809 1.10147 -2.971838 1.10147 -2.032685 0.881176 -2.305809 0.881176 -2.305809 1.10147 -2.032685 0.881176 -1.639781 0.881176 -2.305809 0.881176 -1.639781 0.440588 -1.639781 0.455587 1.227297 0.455587 1.840938 0.303724 1.227297 0.303724 1.227297 0.455587 1.840938 0.182235 2.108198 0.303724 1.227297 0.182235 2.108198 0 1.840938 0 1.840938 0.182235 2.108198 0 2.454595 0.455587 1.840938 0.455587 2.454595 0.182235 2.108198 0 1.227297 0.151862 1.227297 0 1.840938 0 1.840938 0.151862 1.227297 0.303724 1.227297 2.580071 0.392699 -1.147922 0.392699 2.580071 0.1309 2.580071 0.1309 -1.147922 0.392699 -0.588468 0 2.580071 0.1309 -0.588468 0 2.580071 -0.1309 2.580071 -0.1309 -0.588468 0 -0.114185 -0.392699 2.580071 -0.1309 -0.114185 -0.392699 2.580071 -0.392699 7.295507 0.444564 13.97439 -1.151487 7.517643 1.91834 7.517643 1.91834 13.97439 -1.151487 14.34034 0.967108 7.517643 1.91834 14.34034 0.967108 14.31782 3.116958 7.295507 0.444564 6.648837 -0.898261 13.97439 -1.151487 13.97439 -1.151487 6.648837 -0.898261 12.29878 -7.404969 12.29878 -7.404969 6.648837 -0.898261 9.728751 -9.567447 12.29878 -7.404969 9.728751 -9.567447 12.16942 -8.574306 12.16942 -8.574306 9.728751 -9.567447 12.42301 -9.567447 6.648837 -0.898261 5.635092 -1.990818 9.728751 -9.567447 9.728751 -9.567447 5.635092 -1.990818 4.344348 -2.736029 9.728751 -9.567447 4.344348 -2.736029 2.891294 -3.067679 9.728751 -9.567447 2.891294 -3.067679 -1.919397 -7.930406 -1.919397 -7.930406 2.891294 -3.067679 1.405039 -2.9563 -1.919397 -7.930406 1.405039 -2.9563 0.01764297 -2.411787 0.01764297 -2.411787 -1.147616 -1.482524 -1.919397 -7.930406 -1.919397 -7.930406 -1.147616 -1.482524 -4.682357 -5.167447 -4.682357 -5.167447 -1.147616 -1.482524 -1.987201 -0.251079 -4.682357 -5.167447 -1.987201 -0.251079 -2.426511 1.173128 -2.426511 1.173128 -2.426511 2.663551 -4.682357 -5.167447 -4.682357 -5.167447 -2.426511 2.663551 -4.682357 15.11351 -4.682357 15.11351 -2.426511 2.663551 -1.987201 4.087759 -4.682357 15.11351 -1.987201 4.087759 -4.016831 14.44798 -4.016831 14.44798 -1.987201 4.087759 -3.618721 14.14051 -3.618721 14.14051 -1.987201 4.087759 -1.147616 5.319203 -3.618721 14.14051 -1.147616 5.319203 -3.156206 13.94418 -3.156206 13.94418 -1.147616 5.319203 -2.658477 13.8714 -2.658477 13.8714 -1.147616 5.319203 0.01764297 6.248467 -2.658477 13.8714 0.01764297 6.248467 1.405039 6.792979 -2.658477 13.8714 1.405039 6.792979 2.724645 13.77743 2.724645 13.77743 1.405039 6.792979 2.891294 6.904359 2.724645 13.77743 2.891294 6.904359 4.862037 13.54524 4.862037 13.54524 2.891294 6.904359 4.344348 6.572709 4.862037 13.54524 4.344348 6.572709 6.9224 12.93102 6.9224 12.93102 4.344348 6.572709 5.635092 5.827497 6.9224 12.93102 5.635092 5.827497 8.838036 11.95495 8.838036 11.95495 5.635092 5.827497 6.648837 4.73494 8.838036 11.95495 6.648837 4.73494 10.546 10.64911 10.546 10.64911 6.648837 4.73494 11.99018 9.056408 11.99018 9.056408 6.648837 4.73494 7.295507 3.392116 11.99018 9.056408 7.295507 3.392116 13.12312 7.229166 13.12312 7.229166 7.295507 3.392116 13.90759 5.227426 13.90759 5.227426 7.295507 3.392116 7.517643 1.91834 13.90759 5.227426 7.517643 1.91834 14.31782 3.116958 6.595661 0.785398 5.880785 0.400239 26.87662 0.785398 26.87662 0.785398 5.880785 0.400239 26.87662 0.261799 26.87662 0.261799 5.880785 0.400239 5.343729 0.01507896 26.87662 0.261799 5.343729 0.01507896 26.87662 -0.261799 26.87662 -0.261799 5.343729 0.01507896 4.831145 -0.38516 26.87662 -0.261799 4.831145 -0.38516 26.87662 -0.785398 26.87662 -0.785398 4.831145 -0.38516 4.222329 -0.785398 0.484488 -1.905385 0.484488 -1.253895 0.193795 -1.98076 0.193795 -1.98076 0.484488 -1.253895 0.322992 -1.253888 0.193795 -1.98076 0.322992 -1.253888 0.161496 -1.253888 0.161496 -1.253888 0 -1.253895 0.193795 -1.98076 0.193795 -1.98076 0 -1.253895 0 -1.905385 0.193795 -1.98076 0 -1.905385 0.193795 -2.496812 0.193795 -2.496812 0 -1.905385 0 -2.556885 0.484488 -2.556885 0.484488 -1.905385 0.193795 -2.496812 0.193795 -2.496812 0.484488 -1.905385 0.193795 -1.98076 1.134534 2.043688 1.134534 2.879994 0.907627 2.422326 0.907627 2.422326 1.134534 2.879994 0.756396 2.879995 0.907627 2.422326 0.756396 2.879995 0.453813 2.422326 0.453813 2.422326 0.756396 2.879995 0.378204 2.879997 0.453813 2.422326 0.378204 2.879997 4e-6 2.879993 4e-6 2.879993 3.6e-5 2.043673 0.453813 2.422326 0.453813 2.422326 3.6e-5 2.043673 0.453813 1.814879 0.453813 2.422326 0.453813 1.814879 0.907627 1.814879 0.907627 1.814879 0.453813 1.814879 0.756356 1.207432 0.907627 1.814879 0.756356 1.207432 1.134534 1.207432 0 1.207432 0.378178 1.207432 3.6e-5 2.043673 3.6e-5 2.043673 0.378178 1.207432 0.453813 1.814879 0.378178 1.207432 0.756356 1.207432 0.453813 1.814879 1.134534 1.207432 1.134534 2.043688 0.907627 1.814879 0.907627 1.814879 1.134534 2.043688 0.907627 2.422326 0.907627 1.814879 0.907627 2.422326 0.453813 2.422326 3.167224 0.698132 2.276277 0.698132 3.167224 0.232711 3.167224 0.232711 2.276277 0.698132 2.276277 0.232711 3.167224 0.232711 2.276277 0.232711 2.276277 -0.232711 2.276277 -0.698132 3.167224 -0.698132 2.276277 -0.232711 2.276277 -0.232711 3.167224 -0.698132 3.167224 -0.232711 2.276277 -0.232711 3.167224 -0.232711 3.167224 0.232711 0 -0.510438 0.460955 -0.510439 4.3e-5 -0.170146 4.3e-5 -0.170146 0.460955 -0.510439 0.553146 0 4.3e-5 -0.170146 0.553146 0 0 0.170146 0 0.170146 0.553146 0 0.460954 0.510438 0 0.170146 0.460954 0.510438 0 0.510438 0.460955 -0.510439 0.921913 -0.510438 0.553146 0 0.553146 0 0.921913 -0.510438 1.106293 0 0.553146 0 1.106293 0 0.921911 0.510438 0.921911 0.510438 1.106293 0 1.382866 0.170146 0.921911 0.510438 1.382866 0.170146 1.382866 0.510438 0.921913 -0.510438 1.382866 -0.510438 1.106293 0 1.106293 0 1.382866 -0.510438 1.382866 -0.170147 1.106293 0 1.382866 -0.170147 1.382866 0.170146 0.921911 0.510438 0.460954 0.510438 0.553146 0 1.694642 0.698132 -5.72514 0.698132 1.694642 0.232711 1.694642 0.232711 -5.72514 0.698132 -5.72514 0.232711 1.694642 0.232711 -5.72514 0.232711 -5.72514 -0.232711 -5.72514 -0.698132 1.694642 -0.698132 -5.72514 -0.232711 -5.72514 -0.232711 1.694642 -0.698132 1.694642 -0.232711 -5.72514 -0.232711 1.694642 -0.232711 1.694642 0.232711 0.174533 36.00803 0.639954 36.00803 0.174533 38.27763 0.174533 38.27763 0.639954 36.00803 0.872665 38.27763 0.174533 38.27763 0.872665 38.27763 0.174533 40.54723 0.174533 40.54723 0.872665 38.27763 0.872665 40.54723 0.174533 40.54723 0.872665 40.54723 0.174533 42.81683 0.174533 42.81683 0.872665 40.54723 0.872665 42.81683 0.174533 42.81683 0.872665 42.81683 0.174533 45.08642 0.174533 45.08642 0.872665 42.81683 0.872665 45.08642 0.174533 45.08642 0.872665 45.08642 0.174533 47.35602 0.174533 47.35602 0.872665 45.08642 0.872665 47.35602 0.174533 47.35602 0.872665 47.35602 0.174533 49.62562 0.174533 49.62562 0.872665 47.35602 0.872665 49.62562 0.174533 49.62562 0.872665 49.62562 0.174533 51.89522 0.174533 51.89522 0.872665 49.62562 0.872665 51.89522 0.174533 51.89522 0.872665 51.89522 0.174533 54.16482 0.174533 54.16482 0.872665 51.89522 0.872665 54.16482 0.174533 54.16482 0.872665 54.16482 0.174533 56.43441 0.174533 56.43441 0.872665 54.16482 0.872665 56.43441 0.174533 56.43441 0.872665 56.43441 0.639954 58.70401 0.639954 58.70401 0.872665 56.43441 1.105375 58.70401 1.105375 58.70401 0.872665 56.43441 1.570796 56.43441 1.105375 58.70401 1.570796 56.43441 1.570796 58.70401 0.639954 36.00803 1.105375 36.00803 0.872665 38.27763 0.872665 38.27763 1.105375 36.00803 1.570796 38.27763 0.872665 38.27763 1.570796 38.27763 0.872665 40.54723 0.872665 40.54723 1.570796 38.27763 1.570796 40.54723 0.872665 40.54723 1.570796 40.54723 0.872665 42.81683 0.872665 42.81683 1.570796 40.54723 1.570796 42.81683 0.872665 42.81683 1.570796 42.81683 0.872665 45.08642 0.872665 45.08642 1.570796 42.81683 1.570796 45.08642 0.872665 45.08642 1.570796 45.08642 0.872665 47.35602 0.872665 47.35602 1.570796 45.08642 1.570796 47.35602 0.872665 47.35602 1.570796 47.35602 0.872665 49.62562 0.872665 49.62562 1.570796 47.35602 1.570796 49.62562 0.872665 49.62562 1.570796 49.62562 0.872665 51.89522 0.872665 51.89522 1.570796 49.62562 1.570796 51.89522 0.872665 51.89522 1.570796 51.89522 0.872665 54.16482 0.872665 54.16482 1.570796 51.89522 1.570796 54.16482 0.872665 54.16482 1.570796 54.16482 0.872665 56.43441 0.872665 56.43441 1.570796 54.16482 1.570796 56.43441 1.105375 36.00803 1.570796 36.00803 1.570796 38.27763 0.639954 58.70401 0.174533 58.70401 0.174533 56.43441 1.610257 0.698132 -4.863824 0.698132 1.610257 0.232711 1.610257 0.232711 -4.863824 0.698132 -4.863824 0.232711 1.610257 0.232711 -4.863824 0.232711 -4.863824 -0.232711 -4.863824 -0.698132 1.610257 -0.698132 -4.863824 -0.232711 -4.863824 -0.232711 1.610257 -0.698132 1.610257 -0.232711 -4.863824 -0.232711 1.610257 -0.232711 1.610257 0.232711 0 -11.9691 9.5e-5 -12.90831 0.440588 -12.362 0.440588 -12.362 9.5e-5 -12.90831 0.367301 -12.90829 0.440588 -12.362 0.367301 -12.90829 0.734487 -12.90828 0.440588 -12.362 0.734487 -12.90828 0.881176 -12.362 0.881176 -12.362 0.734487 -12.90828 1.10147 -12.90828 0.881176 -12.362 1.10147 -12.90828 1.10147 -11.96909 0.881176 -12.362 1.10147 -11.96909 0.881176 -11.69597 0.881176 -11.69597 1.10147 -11.96909 1.10147 -11.02994 0.881176 -11.69597 1.10147 -11.02994 0.734314 -11.02994 0.881176 -11.69597 0.734314 -11.02994 0.440588 -11.69597 0.440588 -11.69597 0.734314 -11.02994 0.367156 -11.02994 0.440588 -11.69597 0.367156 -11.02994 0 -11.9691 0 -11.9691 0.367156 -11.02994 0 -11.02994 0.440588 -11.69597 0 -11.9691 0.440588 -12.362 0.440588 -11.69597 0.440588 -12.362 0.881176 -12.362 0.881176 -11.69597 0.440588 -11.69597 0.881176 -12.362 0.455587 -1.227297 0.303724 -1.227297 0.455587 -1.840938 0.455587 -1.840938 0.303724 -1.227297 0.151862 -1.227297 0.455587 -1.840938 0.151862 -1.227297 0.182235 -1.907534 0.182235 -1.907534 0.151862 -1.227297 0 -1.227297 0.182235 -1.907534 0 -1.227297 0 -1.840938 0.182235 -1.907534 0 -1.840938 0.182235 -2.406017 0.182235 -2.406017 0 -1.840938 0 -2.454595 0.455587 -2.454595 0.455587 -1.840938 0.182235 -2.406017 0.182235 -2.406017 0.455587 -1.840938 0.182235 -1.907534 -4.146874 0.814136 -3.58742 0.421437 1.731668 0.814136 1.731668 0.814136 -3.58742 0.421437 1.731668 0.271379 1.731668 0.271379 -3.58742 0.421437 -3.113138 0.02873796 1.731668 0.271379 -3.113138 0.02873796 1.731668 -0.271379 1.731668 -0.271379 -3.113138 0.02873796 -2.52098 -0.392699 1.731668 -0.271379 -2.52098 -0.392699 1.731668 -0.814136 1.731668 -0.814136 -2.52098 -0.392699 -1.693877 -0.814136 -6.474081 0.8391 0 0.8391 -3.975665 3.18266 -3.975665 3.18266 0 0.8391 0 3.628778 -3.975665 3.18266 0 3.628778 -2.856832 3.628778 -3.26117 3.576878 -3.642783 3.424716 -2.856832 3.628778 -2.856832 3.628778 -3.642783 3.424716 -3.975665 3.18266 -3.628778 0 -0.8391 0 -3.628778 2.375644 -3.628778 2.375644 -0.8391 0 -0.8391 2.375644 -3.628778 2.375644 -0.8391 2.375644 -3.628778 4.751287 -3.628778 4.751287 -0.8391 2.375644 -0.8391 4.751287 -3.628778 4.751287 -0.8391 4.751287 -3.628778 7.126931 -3.628778 7.126931 -0.8391 4.751287 -0.8391 7.126931 -3.628778 7.126931 -0.8391 7.126931 -3.628778 9.502575 -3.628778 9.502575 -0.8391 7.126931 -0.8391 9.502575 -3.628778 9.502575 -0.8391 9.502575 -3.628778 11.87822 -3.628778 11.87822 -0.8391 9.502575 -0.8391 11.87822 -3.628778 11.87822 -0.8391 11.87822 -3.628778 14.25386 -3.628778 14.25386 -0.8391 11.87822 -0.8391 14.25386 -3.628778 14.25386 -0.8391 14.25386 -3.628778 16.62951 -3.628778 16.62951 -0.8391 14.25386 -0.8391 16.62951 -3.628778 16.62951 -0.8391 16.62951 -3.628778 19.00515 -3.628778 19.00515 -0.8391 16.62951 -0.8391 19.00515 -3.628778 19.00515 -0.8391 19.00515 -3.628778 21.38079 -3.628778 21.38079 -0.8391 19.00515 -0.8391 21.38079 -3.628778 21.38079 -0.8391 21.38079 -3.628778 23.75644 -3.628778 23.75644 -0.8391 21.38079 -0.8391 23.75644 -0.456758 0.8391 -0.652477 3.628778 -7.876541 0.8391 -7.876541 0.8391 -0.652477 3.628778 -7.876541 3.628778 -3.316838 -0.377842 -0.520302 -0.377842 -3.316838 -0.1259469 -3.316838 -0.1259469 -0.520302 -0.377842 -0.496486 -0.1259469 -3.316838 -0.1259469 -0.496486 -0.1259469 -0.496486 0.1259469 -3.316838 -0.1259469 -0.496486 0.1259469 -3.316838 0.1259469 -3.316838 0.1259469 -0.496486 0.1259469 -0.520302 0.377842 -3.316838 0.1259469 -0.520302 0.377842 -3.316838 0.377842 -9.508222 0.8391 -8.617275 0.8391 -9.312502 3.628778 -9.312502 3.628778 -8.617275 0.8391 -7.580451 0.690316 -9.312502 3.628778 -7.580451 0.690316 -6.163236 3.628778 -6.163236 3.628778 -7.580451 0.690316 -6.747217 0.265767 13.89173 0.400239 10.47839 0.400239 13.89173 0.133413 13.89173 0.133413 10.47839 0.400239 9.965804 0 13.89173 0.133413 9.965804 0 13.89173 -0.133413 13.89173 -0.133413 9.965804 0 9.356987 -0.400239 13.89173 -0.133413 9.356987 -0.400239 13.89173 -0.400239 0 -2.611617 0.06964296 -2.615831 0 -2.350455 0 -2.350455 0.06964296 -2.615831 0.1208209 -2.093528 0 -2.350455 0.1208209 -2.093528 0.05108398 -2.090917 0.05108398 -2.090917 0.1208209 -2.093528 0.098719 -1.83008 0.098719 -1.83008 0.1208209 -2.093528 0.139626 -1.56697 0 -2.611617 0 -2.872778 0.06964296 -2.615831 0.06964296 -2.615831 0 -2.872778 0 -3.13394 11.53141 0.785398 -0.231212 0.785398 11.53141 0.261799 11.53141 0.261799 -0.231212 0.785398 -0.231212 0.261799 11.53141 0.261799 -0.231212 0.261799 11.53141 -0.261799 11.53141 -0.261799 -0.231212 0.261799 -0.231212 -0.261799 11.53141 -0.261799 -0.231212 -0.261799 11.53141 -0.785398 11.53141 -0.785398 -0.231212 -0.261799 -0.231212 -0.785398 -0.41556 -3.5747 -0.277054 -3.574698 -0.41556 -2.681046 -0.41556 -2.681046 -0.277054 -3.574698 -0.166224 -2.574378 -0.41556 -2.681046 -0.166224 -2.574378 -0.41556 -1.787367 -0.41556 -1.787367 -0.166224 -2.574378 -0.166224 -1.700211 -0.41556 -1.787367 -0.166224 -1.700211 -0.41556 -0.893685 -0.41556 -0.893685 -0.166224 -1.700211 -0.166224 -0.759268 -0.41556 -0.893685 -0.166224 -0.759268 -0.41556 -0.446843 -0.41556 -0.446843 -0.166224 -0.759268 -0.277044 0 -0.41556 -0.446843 -0.277044 0 -0.41556 0 -0.277054 -3.574698 -0.1385329 -3.574698 -0.166224 -2.574378 -0.166224 -2.574378 -0.1385329 -3.574698 -4e-6 -2.681044 -0.166224 -2.574378 -4e-6 -2.681044 -3e-6 -1.787365 -0.1385329 -3.574698 -1.2e-5 -3.574697 -4e-6 -2.681044 -0.166224 -2.574378 -3e-6 -1.787365 -0.166224 -1.700211 -0.166224 -1.700211 -3e-6 -1.787365 -2e-6 -0.893684 -0.166224 -1.700211 -2e-6 -0.893684 -0.166224 -0.759268 -0.166224 -0.759268 -2e-6 -0.893684 -10e-7 -0.446843 -0.166224 -0.759268 -10e-7 -0.446843 -0.277044 0 -0.277044 0 -10e-7 -0.446843 -0.1385239 0 -0.1385239 0 -10e-7 -0.446843 -4e-6 0 -2.229713 0.397542 -2.772888 0.397542 -2.229713 0.1325139 -2.229713 0.1325139 -2.772888 0.397542 -2.772888 0.1325139 -2.229713 0.1325139 -2.772888 0.1325139 -2.772888 -0.1325139 -2.772888 -0.397542 -2.229713 -0.397542 -2.772888 -0.1325139 -2.772888 -0.1325139 -2.229713 -0.397542 -2.229713 -0.1325139 -2.772888 -0.1325139 -2.229713 -0.1325139 -2.229713 0.1325139 -2.395201 0.421437 -7.714289 0.271379 -2.869483 0.02873796 -2.869483 0.02873796 -7.714289 0.271379 -7.714289 -0.271379 -2.869483 0.02873796 -7.714289 -0.271379 -3.461642 -0.392699 -3.461642 -0.392699 -7.714289 -0.271379 -7.714289 -0.814136 -3.461642 -0.392699 -7.714289 -0.814136 -4.288744 -0.814136 -1.835747 0.814136 -7.714289 0.814136 -2.395201 0.421437 -2.395201 0.421437 -7.714289 0.814136 -7.714289 0.271379 -1.507866 2.171761 -1.005255 2.171759 -1.507866 2.756257 -1.507866 2.756257 -1.005255 2.171759 -1.055506 3.048505 -1.507866 2.756257 -1.055506 3.048505 -1.507866 3.340755 -1.507866 3.340755 -1.055506 3.048505 -1.005246 3.92525 -1.507866 3.340755 -1.005246 3.92525 -1.507866 3.92525 -1.055506 3.048505 -1.005255 2.171759 -0.603146 3.048505 -0.603146 3.048505 -1.005255 2.171759 -0.502634 2.171759 -0.603146 3.048505 -0.502634 2.171759 -1.53e-4 2.756252 -1.53e-4 2.756252 -0.502634 2.171759 -1.4e-5 2.171761 -1.53e-4 2.756252 -8e-6 3.340755 -0.603146 3.048505 -0.603146 3.048505 -8e-6 3.340755 -0.50262 3.92525 -0.603146 3.048505 -0.50262 3.92525 -1.005246 3.92525 -8e-6 3.340755 0 3.92525 -0.50262 3.92525 -1.005246 3.92525 -1.055506 3.048505 -0.603146 3.048505 -6.937836 -0.698132 -4.081004 -0.698132 -6.937836 -0.232711 -6.937836 -0.232711 -4.081004 -0.698132 -4.081004 -0.232711 -6.937836 -0.232711 -4.081004 -0.232711 -4.081004 0.232711 -4.081004 0.698132 -6.937836 0.698132 -4.081004 0.232711 -4.081004 0.232711 -6.937836 0.698132 -6.937836 0.232711 -4.081004 0.232711 -6.937836 0.232711 -6.937836 -0.232711 1.570796 21.71479 2.036217 21.71479 1.570796 23.97087 1.570796 23.97087 2.036217 21.71479 2.268928 23.97087 1.570796 23.97087 2.268928 23.97087 1.570796 26.22695 1.570796 26.22695 2.268928 23.97087 2.268928 26.22695 1.570796 26.22695 2.268928 26.22695 1.570796 28.48303 1.570796 28.48303 2.268928 26.22695 2.268928 28.48303 1.570796 28.48303 2.268928 28.48303 1.570796 30.73912 1.570796 30.73912 2.268928 28.48303 2.268928 30.73912 1.570796 30.73912 2.268928 30.73912 1.570796 32.9952 1.570796 32.9952 2.268928 30.73912 2.268928 32.9952 1.570796 32.9952 2.268928 32.9952 1.570796 35.25128 1.570796 35.25128 2.268928 32.9952 2.268928 35.25128 1.570796 35.25128 2.268928 35.25128 1.570796 37.50736 1.570796 37.50736 2.268928 35.25128 2.268928 37.50736 1.570796 37.50736 2.268928 37.50736 1.570796 39.76344 1.570796 39.76344 2.268928 37.50736 2.268928 39.76344 1.570796 39.76344 2.268928 39.76344 1.570796 42.01952 1.570796 42.01952 2.268928 39.76344 2.268928 42.01952 1.570796 42.01952 2.268928 42.01952 1.570796 44.2756 1.570796 44.2756 2.268928 42.01952 2.268928 44.2756 1.570796 44.2756 2.268928 44.2756 2.036217 46.53169 2.036217 46.53169 2.268928 44.2756 2.501639 46.53169 2.501639 46.53169 2.268928 44.2756 2.96706 44.05 2.501639 46.53169 2.96706 44.05 2.96706 46.53169 2.036217 21.71479 2.501639 21.71479 2.268928 23.97087 2.268928 23.97087 2.501639 21.71479 2.96706 24.19648 2.268928 23.97087 2.96706 24.19648 2.268928 26.22695 2.268928 26.22695 2.96706 24.19648 2.96706 26.67817 2.268928 26.22695 2.96706 26.67817 2.268928 28.48303 2.268928 28.48303 2.96706 26.67817 2.96706 29.15986 2.268928 28.48303 2.96706 29.15986 2.268928 30.73912 2.268928 30.73912 2.96706 29.15986 2.96706 31.64155 2.268928 30.73912 2.96706 31.64155 2.268928 32.9952 2.268928 32.9952 2.96706 31.64155 2.96706 34.12324 2.268928 32.9952 2.96706 34.12324 2.268928 35.25128 2.268928 35.25128 2.96706 34.12324 2.96706 36.60493 2.268928 35.25128 2.96706 36.60493 2.268928 37.50736 2.268928 37.50736 2.96706 36.60493 2.96706 39.08662 2.268928 37.50736 2.96706 39.08662 2.268928 39.76344 2.268928 39.76344 2.96706 39.08662 2.96706 41.56831 2.268928 39.76344 2.96706 41.56831 2.268928 42.01952 2.268928 42.01952 2.96706 41.56831 2.96706 44.05 2.268928 42.01952 2.96706 44.05 2.268928 44.2756 2.501639 21.71479 2.96706 21.71479 2.96706 24.19648 2.036217 46.53169 1.570796 46.53169 1.570796 44.2756 4.372603 -0.698132 9.560826 -0.698132 4.372603 -0.232711 4.372603 -0.232711 9.560826 -0.698132 9.560826 -0.232711 4.372603 -0.232711 9.560826 -0.232711 9.560826 0.232711 9.560826 0.698132 4.372603 0.698132 9.560826 0.232711 9.560826 0.232711 4.372603 0.698132 4.372603 0.232711 9.560826 0.232711 4.372603 0.232711 4.372603 -0.232711 1.974862 -0.698132 5.174375 -0.698132 1.974862 -0.232711 1.974862 -0.232711 5.174375 -0.698132 5.174375 -0.232711 1.974862 -0.232711 5.174375 -0.232711 5.174375 0.232711 5.174375 0.698132 1.974862 0.698132 5.174375 0.232711 5.174375 0.232711 1.974862 0.698132 1.974862 0.232711 5.174375 0.232711 1.974862 0.232711 1.974862 -0.232711 0 -2.911435 0.322933 -2.595203 0.007832944 -2.480168 0.007832944 -2.480168 0.322933 -2.595203 0.38516 -2.264462 0.007832944 -2.480168 0.38516 -2.264462 0.01399898 -2.048855 0.01399898 -2.048855 0.38516 -2.264462 0.268393 -1.634979 0.01399898 -2.048855 0.268393 -1.634979 0.01718795 -1.617488 0.322933 -2.595203 0.603086 -2.207426 0.38516 -2.264462 0.38516 -2.264462 0.603086 -2.207426 0.519493 -1.655125 0.38516 -2.264462 0.519493 -1.655125 0.268393 -1.634979 0.603086 -2.207426 0.770319 -1.682194 0.519493 -1.655125 -0.66401 -0.785398 16.00459 -0.785398 -0.66401 -0.261799 -0.66401 -0.261799 16.00459 -0.785398 16.00459 -0.261799 -0.66401 -0.261799 16.00459 -0.261799 -0.66401 0.261799 -0.66401 0.261799 16.00459 -0.261799 16.00459 0.261799 -0.66401 0.261799 16.00459 0.261799 -0.66401 0.785398 -0.66401 0.785398 16.00459 0.261799 16.00459 0.785398 0 -2.221442 0.523599 -2.221442 0.322933 -1.980155 0.322933 -1.980155 0.523599 -2.221442 0.603086 -1.684279 0.603086 -1.684279 0.523599 -2.221442 1.047198 -2.221442 0.603086 -1.684279 1.047198 -2.221442 1.047198 -1.752482 1.047198 -1.752482 1.047198 -2.221442 1.570796 -1.283523 1.570796 -1.283523 1.303971 -1.283523 1.047198 -1.752482 1.047198 -1.752482 1.303971 -1.283523 1.037145 -1.283523 1.047198 -1.752482 1.037145 -1.283523 0.770319 -1.283523 0.770319 -1.283523 0.603086 -1.684279 1.047198 -1.752482 0.653076 -0.698132 3.802342 -0.698132 0.653076 -0.232711 0.653076 -0.232711 3.802342 -0.698132 3.802342 -0.232711 0.653076 -0.232711 3.802342 -0.232711 3.802342 0.232711 3.802342 0.698132 0.653076 0.698132 3.802342 0.232711 3.802342 0.232711 0.653076 0.698132 0.653076 0.232711 3.802342 0.232711 0.653076 0.232711 0.653076 -0.232711 0 2.221442 0.322933 1.980155 0.523599 2.221442 0.523599 2.221442 0.322933 1.980155 0.603086 1.684279 0.523599 2.221442 0.603086 1.684279 1.047198 1.752482 1.047198 1.752482 0.603086 1.684279 0.770319 1.283523 1.047198 1.752482 0.770319 1.283523 1.037145 1.283523 1.037145 1.283523 1.303971 1.283523 1.047198 1.752482 1.047198 1.752482 1.303971 1.283523 1.570796 2.221442 1.570796 2.221442 1.047198 2.221442 1.047198 1.752482 1.047198 1.752482 1.047198 2.221442 0.523599 2.221442 -6.638313 -0.698132 0.58575 -0.698132 -6.638313 -0.232711 -6.638313 -0.232711 0.58575 -0.698132 0.58575 -0.232711 -6.638313 -0.232711 0.58575 -0.232711 0.58575 0.232711 0.58575 0.698132 -6.638313 0.698132 0.58575 0.232711 0.58575 0.232711 -6.638313 0.698132 -6.638313 0.232711 0.58575 0.232711 -6.638313 0.232711 -6.638313 -0.232711 1.570796 39.37297 2.036217 39.37297 1.570796 41.62905 1.570796 41.62905 2.036217 39.37297 2.268928 41.62905 1.570796 41.62905 2.268928 41.62905 1.570796 43.88513 1.570796 43.88513 2.268928 41.62905 2.268928 43.88513 1.570796 43.88513 2.268928 43.88513 1.570796 46.14121 1.570796 46.14121 2.268928 43.88513 2.268928 46.14121 1.570796 46.14121 2.268928 46.14121 1.570796 48.39729 1.570796 48.39729 2.268928 46.14121 2.268928 48.39729 1.570796 48.39729 2.268928 48.39729 1.570796 50.65338 1.570796 50.65338 2.268928 48.39729 2.268928 50.65338 1.570796 50.65338 2.268928 50.65338 1.570796 52.90946 1.570796 52.90946 2.268928 50.65338 2.268928 52.90946 1.570796 52.90946 2.268928 52.90946 1.570796 55.16554 1.570796 55.16554 2.268928 52.90946 2.268928 55.16554 1.570796 55.16554 2.268928 55.16554 1.570796 57.42162 1.570796 57.42162 2.268928 55.16554 2.268928 57.42162 1.570796 57.42162 2.268928 57.42162 1.570796 59.6777 1.570796 59.6777 2.268928 57.42162 2.268928 59.6777 1.570796 59.6777 2.268928 59.6777 1.570796 61.93379 1.570796 61.93379 2.268928 59.6777 2.268928 61.93379 1.570796 61.93379 2.268928 61.93379 2.036217 64.18988 2.036217 64.18988 2.268928 61.93379 2.501639 64.18988 2.501639 64.18988 2.268928 61.93379 2.96706 61.70818 2.501639 64.18988 2.96706 61.70818 2.96706 64.18988 2.036217 39.37297 2.501639 39.37297 2.268928 41.62905 2.268928 41.62905 2.501639 39.37297 2.96706 41.85466 2.268928 41.62905 2.96706 41.85466 2.268928 43.88513 2.268928 43.88513 2.96706 41.85466 2.96706 44.33634 2.268928 43.88513 2.96706 44.33634 2.268928 46.14121 2.268928 46.14121 2.96706 44.33634 2.96706 46.81803 2.268928 46.14121 2.96706 46.81803 2.268928 48.39729 2.268928 48.39729 2.96706 46.81803 2.96706 49.29973 2.268928 48.39729 2.96706 49.29973 2.268928 50.65338 2.268928 50.65338 2.96706 49.29973 2.96706 51.78142 2.268928 50.65338 2.96706 51.78142 2.268928 52.90946 2.268928 52.90946 2.96706 51.78142 2.96706 54.26311 2.268928 52.90946 2.96706 54.26311 2.268928 55.16554 2.268928 55.16554 2.96706 54.26311 2.96706 56.7448 2.268928 55.16554 2.96706 56.7448 2.268928 57.42162 2.268928 57.42162 2.96706 56.7448 2.96706 59.22649 2.268928 57.42162 2.96706 59.22649 2.268928 59.6777 2.268928 59.6777 2.96706 59.22649 2.96706 61.70818 2.268928 59.6777 2.96706 61.70818 2.268928 61.93379 2.501639 39.37297 2.96706 39.37297 2.96706 41.85466 2.036217 64.18988 1.570796 64.18988 1.570796 61.93379 13.56095 -0.698132 16.41778 -0.698132 13.56095 -0.232711 13.56095 -0.232711 16.41778 -0.698132 16.41778 -0.232711 13.56095 -0.232711 16.41778 -0.232711 16.41778 0.232711 16.41778 0.698132 13.56095 0.698132 16.41778 0.232711 16.41778 0.232711 13.56095 0.698132 13.56095 0.232711 16.41778 0.232711 13.56095 0.232711 13.56095 -0.232711 -1.507865 -3.925253 -1.005256 -3.925245 -1.507866 -3.340754 -1.507866 -3.340754 -1.005256 -3.925245 -1.206293 -3.048509 -1.507866 -3.340754 -1.206293 -3.048509 -1.507866 -2.756259 -1.507866 -2.756259 -1.206293 -3.048509 -1.507866 -2.171765 -1.507866 -2.171765 -1.206293 -3.048509 -1.005245 -2.171765 -1.005245 -2.171765 -1.206293 -3.048509 -0.603146 -3.048509 -1.005245 -2.171765 -0.603146 -3.048509 -0.502621 -2.171765 -0.502621 -2.171765 -0.603146 -3.048509 -7e-6 -2.756258 -0.502621 -2.171765 -7e-6 -2.756258 0 -2.171765 -1.206293 -3.048509 -1.005256 -3.925245 -0.603146 -3.048509 -0.603146 -3.048509 -1.005256 -3.925245 -0.502635 -3.925245 -0.603146 -3.048509 -0.502635 -3.925245 -1.46e-4 -3.340753 -1.46e-4 -3.340753 -0.502635 -3.925245 -1.3e-5 -3.925253 -1.46e-4 -3.340753 -7e-6 -2.756258 -0.603146 -3.048509 0 -2.911435 0.007832944 -3.342702 0.322933 -3.227667 0.322933 -3.227667 0.007832944 -3.342702 0.38516 -3.558408 0.322933 -3.227667 0.38516 -3.558408 0.603086 -3.615443 0.603086 -3.615443 0.38516 -3.558408 0.519493 -4.167744 0.603086 -3.615443 0.519493 -4.167744 0.770319 -4.140676 0.007832944 -3.342702 0.01399898 -3.774015 0.38516 -3.558408 0.38516 -3.558408 0.01399898 -3.774015 0.519493 -4.167744 0.01399898 -3.774015 0.01718795 -4.205382 0.519493 -4.167744 0.519493 -4.167744 0.01718795 -4.205382 0.268393 -4.187891 0.378612 -0.785398 4.286027 -0.785398 0.378612 -0.261799 0.378612 -0.261799 4.286027 -0.785398 4.286027 -0.261799 0.378612 -0.261799 4.286027 -0.261799 0.378612 0.261799 0.378612 0.261799 4.286027 -0.261799 4.286027 0.261799 0.378612 0.261799 4.286027 0.261799 0.378612 0.785398 0.378612 0.785398 4.286027 0.261799 4.286027 0.785398 0 -2.902453 0.361367 -2.54436 0.06964296 -2.422614 0.06964296 -2.422614 0.361367 -2.54436 0.392699 -2.419233 0.06964296 -2.422614 0.392699 -2.419233 0.1208209 -1.938891 0.1208209 -1.938891 0.392699 -2.419233 0.392699 -1.937013 0.1208209 -1.938891 0.392699 -1.937013 0.354884 -1.451227 0.354884 -1.451227 0.392699 -1.937013 0.570141 -1.451227 0.570141 -1.451227 0.392699 -1.937013 0.659058 -2.083825 0.570141 -1.451227 0.659058 -2.083825 0.785398 -1.451227 0.361367 -2.54436 0.659058 -2.083825 0.392699 -2.419233 0.392699 -2.419233 0.659058 -2.083825 0.392699 -1.937013 0.354884 -1.451227 0.139626 -1.451227 0.1208209 -1.938891 0 -2.221442 0.523599 -2.221442 0.361367 -1.947369 0.361367 -1.947369 0.523599 -2.221442 0.523599 -1.851201 0.361367 -1.947369 0.523599 -1.851201 0.659058 -1.59489 0.659058 -1.59489 0.523599 -1.851201 1.047198 -1.851201 0.659058 -1.59489 1.047198 -1.851201 1.047198 -1.480961 1.047198 -1.480961 1.047198 -1.851201 1.570796 -1.110721 0.523599 -2.221442 1.047198 -2.221442 0.523599 -1.851201 0.523599 -1.851201 1.047198 -2.221442 1.047198 -1.851201 1.047198 -2.221442 1.570796 -1.110721 1.047198 -1.851201 1.570796 -1.110721 1.308997 -1.110721 1.047198 -1.480961 1.047198 -1.480961 1.308997 -1.110721 1.047198 -1.110721 1.047198 -1.480961 1.047198 -1.110721 0.785398 -1.110721 0.785398 -1.110721 0.659058 -1.59489 1.047198 -1.480961 -10.7 -1.141421 -9.160901 -1.141421 -10.7 -1.035534 -10.7 -1.035534 -9.160901 -1.141421 0 -1.035534 0 -1.035534 -9.160901 -1.141421 -7.376637 -6.74264 0 -1.035534 -7.376637 -6.74264 0 -6.74264 -0.907975 0.981748 -0.781219 0.327249 6.468661 0.981748 6.468661 0.981748 -0.781219 0.327249 6.468661 0.327249 6.468661 0.327249 -0.781219 0.327249 -0.656928 -0.327249 6.468661 0.327249 -0.656928 -0.327249 6.468661 -0.327249 6.468661 -0.327249 -0.656928 -0.327249 -0.543572 -0.981748 6.468661 -0.327249 -0.543572 -0.981748 6.468661 -0.981748 5.459569 1.916322 -0.1433359 13.6836 5.237323 1.159425 5.237323 1.159425 -0.1433359 13.6836 -2.288029 12.70003 5.237323 1.159425 -2.288029 12.70003 -2.143336 -11.36474 -2.143336 -11.36474 -2.288029 12.70003 -4.288029 -10.38118 -4.288029 -10.38118 -2.288029 12.70003 -4.565154 12.08213 -4.288029 -10.38118 -4.565154 12.08213 -6.565154 -9.763277 -6.565154 -9.763277 -4.565154 12.08213 -6.912847 11.84667 -6.565154 -9.763277 -6.912847 11.84667 -8.912847 -9.527817 -8.912847 -9.527817 -6.912847 11.84667 -14.13581 11.72059 -8.912847 -9.527817 -14.13581 11.72059 -14.10028 -9.43727 -14.10028 -9.43727 -14.13581 11.72059 -16.36268 9.493723 -14.10028 -9.43727 -16.36268 9.493723 -16.36268 -7.174872 6.055742 2.43291 3.520869 16.63161 5.459569 1.916322 5.459569 1.916322 3.520869 16.63161 1.810658 15.0061 5.459569 1.916322 1.810658 15.0061 -0.1433359 13.6836 3.520869 16.63161 6.055742 2.43291 4.940834 18.51597 4.940834 18.51597 6.055742 2.43291 6.836564 2.545175 4.940834 18.51597 6.836564 2.545175 7.554128 2.217475 4.940834 18.51597 7.554128 2.217475 6.031977 20.60798 6.031977 20.60798 7.554128 2.217475 7.980614 1.553851 6.031977 20.60798 7.980614 1.553851 6.764653 22.85081 6.764653 22.85081 7.980614 1.553851 12.93732 32.62389 6.764653 22.85081 12.93732 32.62389 7.118958 25.18353 7.118958 25.18353 12.93732 32.62389 7.085266 27.54276 7.085266 27.54276 12.93732 32.62389 6.664492 29.86441 6.664492 29.86441 12.93732 32.62389 5.92509 32.62389 12.93732 32.62389 7.980614 1.553851 12.93732 -30.30504 12.93732 -30.30504 7.980614 1.553851 7.980614 0.765 12.93732 -30.30504 7.980614 0.765 7.554128 0.1013759 6.836564 -0.226325 4.031977 -18.28913 7.554128 0.1013759 7.554128 0.1013759 4.031977 -18.28913 4.764653 -20.53196 7.554128 0.1013759 4.764653 -20.53196 12.93732 -30.30504 12.93732 -30.30504 4.764653 -20.53196 5.118958 -22.86467 12.93732 -30.30504 5.118958 -22.86467 5.085266 -25.2239 4.031977 -18.28913 6.836564 -0.226325 2.940834 -16.19712 2.940834 -16.19712 6.836564 -0.226325 6.055742 -0.11406 2.940834 -16.19712 6.055742 -0.11406 1.520869 -14.31276 1.520869 -14.31276 6.055742 -0.11406 5.459569 0.402528 1.520869 -14.31276 5.459569 0.402528 -0.189342 -12.68725 -0.189342 -12.68725 5.459569 0.402528 5.237323 1.159425 -0.189342 -12.68725 5.237323 1.159425 -2.143336 -11.36474 5.085266 -25.2239 4.664492 -27.54555 12.93732 -30.30504 12.93732 -30.30504 4.664492 -27.54555 3.92509 -30.30504 -6.468661 -0.981748 2.543572 -0.981748 -6.468661 -0.327249 -6.468661 -0.327249 2.543572 -0.981748 2.656928 -0.327249 -6.468661 -0.327249 2.656928 -0.327249 -6.468661 0.327249 -6.468661 0.327249 2.656928 -0.327249 2.781219 0.327249 -6.468661 0.327249 2.781219 0.327249 -6.468661 0.981748 -6.468661 0.981748 2.781219 0.327249 2.907975 0.981748 0 6.74264 -9.376638 6.74264 0 1.035534 0 1.035534 -9.376638 6.74264 -11.1609 1.141421 0 1.035534 -11.1609 1.141421 -14.35614 1.035534 -14.35614 1.035534 -11.1609 1.141421 -14.88889 1.141421 -8.706139 0.981748 -7.378807 0.490874 5.65 0.981748 5.65 0.981748 -7.378807 0.490874 5.65 0.327249 5.65 0.327249 -7.378807 0.490874 -6.392511 0 5.65 0.327249 -6.392511 0 5.65 -0.327249 5.65 -0.327249 -6.392511 0 -5.785153 -0.490874 5.65 -0.327249 -5.785153 -0.490874 -5.631467 -0.736311 -5.580073 -0.981748 5.65 -0.981748 -5.631467 -0.736311 -5.631467 -0.736311 5.65 -0.981748 5.65 -0.327249 -18.46447 -0.06981295 18.46447 -0.06981295 -18.46447 -0.02327096 -18.46447 -0.02327096 18.46447 -0.06981295 18.46447 -0.02327096 -18.46447 -0.02327096 18.46447 -0.02327096 -18.46447 0.02327096 -18.46447 0.02327096 18.46447 -0.02327096 18.46447 0.02327096 -18.46447 0.02327096 18.46447 0.02327096 -18.46447 0.06981295 -18.46447 0.06981295 18.46447 0.02327096 18.46447 0.06981295 -15.74009 -18.61149 -15.5849 -18.7571 -15.79199 -18.46447 -15.79199 -18.46447 -15.5849 -18.7571 -14.97157 -19.03849 -15.79199 -18.46447 -14.97157 -19.03849 -13.97558 19.29782 -13.97558 19.29782 -14.97157 -19.03849 -13.97558 -19.29782 -13.97558 19.29782 -13.97558 -19.29782 -12.63521 19.52513 -12.63521 19.52513 -13.97558 -19.29782 -12.63521 -19.52513 -12.63521 19.52513 -12.63521 -19.52513 -12.09722 19.6 -12.09722 19.6 -12.63521 -19.52513 -12.09722 -19.6 -12.09722 19.6 -12.09722 -19.6 -0.334595 -19.6 -0.334595 -19.6 -0.334595 19.6 -12.09722 19.6 -13.97558 19.29782 -14.97157 19.03849 -15.79199 -18.46447 -15.79199 -18.46447 -14.97157 19.03849 -15.79199 18.46447 -15.79199 18.46447 -14.97157 19.03849 -15.5849 18.7571 -15.79199 18.46447 -15.5849 18.7571 -15.74009 18.61149 -19.6 -0.322886 19.6 -0.322886 -19.6 -0.107629 -19.6 -0.107629 19.6 -0.322886 19.6 -0.107629 -19.6 -0.107629 19.6 -0.107629 -19.6 0.107629 -19.6 0.107629 19.6 -0.107629 19.6 0.107629 -19.6 0.107629 19.6 0.107629 -19.6 0.322886 -19.6 0.322886 19.6 0.107629 19.6 0.322886 19.6 -0.414214 -19.6 -0.414214 19.6 -4.321629 19.6 -4.321629 -19.6 -0.414214 -19.6 -4.321629 -19.6 -0.392699 19.6 -0.392699 -19.6 -0.1309 -19.6 -0.1309 19.6 -0.392699 19.6 -0.1309 -19.6 -0.1309 19.6 -0.1309 19.6 0.1309 19.6 0.392699 -19.6 0.392699 19.6 0.1309 19.6 0.1309 -19.6 0.392699 -19.6 0.1309 19.6 0.1309 -19.6 0.1309 -19.6 -0.1309 0.455598 -1.840927 0.455598 -1.227286 0.1822389 -1.840927 0.1822389 -1.840927 0.455598 -1.227286 0.303732 -1.22726 0.1822389 -1.840927 0.303732 -1.22726 0.151866 -1.22726 0.151866 -1.22726 0 -1.227286 0.1822389 -1.840927 0.1822389 -1.840927 0 -1.227286 0 -1.840927 0.1822389 -1.840927 0 -1.840927 0.1822389 -2.454586 0.455598 -2.454586 0.455598 -1.840927 0.1822389 -1.840927 1.101428 -11.96921 1.101464 -11.03001 0.881181 -11.72873 0.881181 -11.72873 1.101464 -11.03001 0.734241 -11.03001 0.881181 -11.72873 0.734241 -11.03001 0.440591 -11.72873 0.440591 -11.72873 0.734241 -11.03001 0.367041 -11.03001 0.440591 -11.72873 0.367041 -11.03001 0 -11.96919 0 -11.96919 0.367041 -11.03001 0 -11.03001 0 -12.9083 0.367159 -12.9083 0 -11.96919 0 -11.96919 0.367159 -12.9083 0.440591 -12.31852 0 -11.96919 0.440591 -12.31852 0.440591 -11.72873 0.440591 -11.72873 0.440591 -12.31852 0.881181 -12.31852 0.440591 -11.72873 0.881181 -12.31852 0.881181 -11.72873 0.881181 -11.72873 0.881181 -12.31852 1.101428 -11.96921 0.367159 -12.9083 0.734318 -12.9083 0.440591 -12.31852 0.440591 -12.31852 0.734318 -12.9083 0.881181 -12.31852 0.734318 -12.9083 1.101476 -12.9083 0.881181 -12.31852 0.881181 -12.31852 1.101476 -12.9083 1.101428 -11.96921 -4.863824 -0.698132 1.610257 -0.698132 -4.863824 -0.232711 -4.863824 -0.232711 1.610257 -0.698132 1.610257 -0.232711 -4.863824 -0.232711 1.610257 -0.232711 1.610257 0.232711 1.610257 0.698132 -4.863824 0.698132 1.610257 0.232711 1.610257 0.232711 -4.863824 0.698132 -4.863824 0.232711 1.610257 0.232711 -4.863824 0.232711 -4.863824 -0.232711 -0.174533 -19.85898 -0.639954 -19.85898 -0.174533 -22.12858 -0.174533 -22.12858 -0.639954 -19.85898 -0.872665 -22.12858 -0.174533 -22.12858 -0.872665 -22.12858 -0.174533 -24.39817 -0.174533 -24.39817 -0.872665 -22.12858 -0.872665 -24.39817 -0.174533 -24.39817 -0.872665 -24.39817 -0.174533 -26.66777 -0.174533 -26.66777 -0.872665 -24.39817 -0.872665 -26.66777 -0.174533 -26.66777 -0.872665 -26.66777 -0.174533 -28.93737 -0.174533 -28.93737 -0.872665 -26.66777 -0.872665 -28.93737 -0.174533 -28.93737 -0.872665 -28.93737 -0.174533 -31.20697 -0.174533 -31.20697 -0.872665 -28.93737 -0.872665 -31.20697 -0.174533 -31.20697 -0.872665 -31.20697 -0.174533 -33.47656 -0.174533 -33.47656 -0.872665 -31.20697 -0.872665 -33.47656 -0.174533 -33.47656 -0.872665 -33.47656 -0.174533 -35.74616 -0.174533 -35.74616 -0.872665 -33.47656 -0.872665 -35.74616 -0.174533 -35.74616 -0.872665 -35.74616 -0.174533 -38.01576 -0.174533 -38.01576 -0.872665 -35.74616 -0.872665 -38.01576 -0.174533 -38.01576 -0.872665 -38.01576 -0.174533 -40.28535 -0.174533 -40.28535 -0.872665 -38.01576 -0.872665 -40.28535 -0.174533 -40.28535 -0.872665 -40.28535 -0.639954 -42.55495 -0.639954 -42.55495 -0.872665 -40.28535 -1.105375 -42.55495 -1.105375 -42.55495 -0.872665 -40.28535 -1.570796 -40.28535 -1.105375 -42.55495 -1.570796 -40.28535 -1.570796 -42.55495 -0.639954 -19.85898 -1.105375 -19.85898 -0.872665 -22.12858 -0.872665 -22.12858 -1.105375 -19.85898 -1.570796 -22.12858 -0.872665 -22.12858 -1.570796 -22.12858 -0.872665 -24.39817 -0.872665 -24.39817 -1.570796 -22.12858 -1.570796 -24.39817 -0.872665 -24.39817 -1.570796 -24.39817 -0.872665 -26.66777 -0.872665 -26.66777 -1.570796 -24.39817 -1.570796 -26.66777 -0.872665 -26.66777 -1.570796 -26.66777 -0.872665 -28.93737 -0.872665 -28.93737 -1.570796 -26.66777 -1.570796 -28.93737 -0.872665 -28.93737 -1.570796 -28.93737 -0.872665 -31.20697 -0.872665 -31.20697 -1.570796 -28.93737 -1.570796 -31.20697 -0.872665 -31.20697 -1.570796 -31.20697 -0.872665 -33.47656 -0.872665 -33.47656 -1.570796 -31.20697 -1.570796 -33.47656 -0.872665 -33.47656 -1.570796 -33.47656 -0.872665 -35.74616 -0.872665 -35.74616 -1.570796 -33.47656 -1.570796 -35.74616 -0.872665 -35.74616 -1.570796 -35.74616 -0.872665 -38.01576 -0.872665 -38.01576 -1.570796 -35.74616 -1.570796 -38.01576 -0.872665 -38.01576 -1.570796 -38.01576 -0.872665 -40.28535 -0.872665 -40.28535 -1.570796 -38.01576 -1.570796 -40.28535 -1.105375 -19.85898 -1.570796 -19.85898 -1.570796 -22.12858 -0.639954 -42.55495 -0.174533 -42.55495 -0.174533 -40.28535 -5.72514 -0.698132 1.694642 -0.698132 -5.72514 -0.232711 -5.72514 -0.232711 1.694642 -0.698132 1.694642 -0.232711 -5.72514 -0.232711 1.694642 -0.232711 1.694642 0.232711 1.694642 0.698132 -5.72514 0.698132 1.694642 0.232711 1.694642 0.232711 -5.72514 0.698132 -5.72514 0.232711 1.694642 0.232711 -5.72514 0.232711 -5.72514 -0.232711 0 -0.510438 0.460955 -0.510439 4.3e-5 -0.170146 4.3e-5 -0.170146 0.460955 -0.510439 0.553146 0 4.3e-5 -0.170146 0.553146 0 0 0.170146 0 0.170146 0.553146 0 0.460954 0.510438 0 0.170146 0.460954 0.510438 0 0.510438 0.460955 -0.510439 0.921913 -0.510438 0.553146 0 0.553146 0 0.921913 -0.510438 1.106293 0 0.553146 0 1.106293 0 0.921911 0.510438 0.921911 0.510438 1.106293 0 1.382866 0.170146 0.921911 0.510438 1.382866 0.170146 1.382866 0.510438 0.921913 -0.510438 1.382866 -0.510438 1.106293 0 1.106293 0 1.382866 -0.510438 1.382866 -0.170147 1.106293 0 1.382866 -0.170147 1.382866 0.170146 0.921911 0.510438 0.460954 0.510438 0.553146 0 2.276277 -0.698132 3.167224 -0.698132 2.276277 -0.232711 2.276277 -0.232711 3.167224 -0.698132 3.167224 -0.232711 2.276277 -0.232711 3.167224 -0.232711 3.167224 0.232711 3.167224 0.698132 2.276277 0.698132 3.167224 0.232711 3.167224 0.232711 2.276277 0.698132 2.276277 0.232711 3.167224 0.232711 2.276277 0.232711 2.276277 -0.232711 0 1.20735 0.377832 1.20734 0 2.043689 0 2.043689 0.377832 1.20734 0.453806 1.61157 0 2.043689 0.453806 1.61157 0.453806 2.275175 0.453806 2.275175 0.453806 1.61157 0.794161 1.61157 0.453806 2.275175 0.794161 1.61157 0.794161 2.275175 0.794161 2.275175 0.794161 1.61157 1.134511 2.043687 0.794161 2.275175 1.134511 2.043687 1.134515 2.879963 0.377832 1.20734 0.756068 1.20733 0.453806 1.61157 0.453806 1.61157 0.756068 1.20733 0.794161 1.61157 0.756068 1.20733 1.134344 1.207295 0.794161 1.61157 0.794161 1.61157 1.134344 1.207295 1.134511 2.043687 1.134515 2.879963 0.756344 2.879963 0.794161 2.275175 0.794161 2.275175 0.756344 2.879963 0.378171 2.879963 0.794161 2.275175 0.378171 2.879963 0.453806 2.275175 0.453806 2.275175 0.378171 2.879963 0 2.043689 0.378171 2.879963 0 2.879963 0 2.043689 0.484484 -1.253899 0.32299 -1.253899 0.484484 -1.905383 0.484484 -1.905383 0.32299 -1.253899 0.161495 -1.253899 0.484484 -1.905383 0.161495 -1.253899 0.193794 -1.956921 0.193794 -1.956921 0.161495 -1.253899 0 -1.253899 0.193794 -1.956921 0 -1.253899 0 -1.905383 0.193794 -1.956921 0 -1.905383 0.193794 -2.493106 0.193794 -2.493106 0 -1.905383 0 -2.556888 0.484484 -2.556888 0.484484 -1.905383 0.193794 -2.493106 0.193794 -2.493106 0.484484 -1.905383 0.193794 -1.956921 -13.89173 -0.400239 -9.356987 -0.400239 -13.89173 -0.133413 -13.89173 -0.133413 -9.356987 -0.400239 -9.965804 0 -13.89173 -0.133413 -9.965804 0 -13.89173 0.133413 -13.89173 0.133413 -9.965804 0 -10.47839 0.400239 -13.89173 0.133413 -10.47839 0.400239 -13.89173 0.400239 6.747217 0.265767 7.580451 0.690316 6.163236 3.628778 6.163236 3.628778 7.580451 0.690316 9.312502 3.628778 9.312502 3.628778 7.580451 0.690316 8.617275 0.8391 9.312502 3.628778 8.617275 0.8391 9.508222 0.8391 -3.316838 -0.377842 -0.520302 -0.377842 -3.316838 -0.1259469 -3.316838 -0.1259469 -0.520302 -0.377842 -0.496486 -0.1259469 -3.316838 -0.1259469 -0.496486 -0.1259469 -0.496486 0.1259469 -3.316838 -0.1259469 -0.496486 0.1259469 -3.316838 0.1259469 -3.316838 0.1259469 -0.496486 0.1259469 -0.520302 0.377842 -3.316838 0.1259469 -0.520302 0.377842 -3.316838 0.377842 0.456758 0.8391 7.876541 0.8391 0.652477 3.628778 0.652477 3.628778 7.876541 0.8391 7.876541 3.628778 3.628778 23.75644 0.8391 23.75644 3.628778 21.38079 3.628778 21.38079 0.8391 23.75644 0.8391 21.38079 3.628778 21.38079 0.8391 21.38079 3.628778 19.00515 3.628778 19.00515 0.8391 21.38079 0.8391 19.00515 3.628778 19.00515 0.8391 19.00515 3.628778 16.62951 3.628778 16.62951 0.8391 19.00515 0.8391 16.62951 3.628778 16.62951 0.8391 16.62951 3.628778 14.25386 3.628778 14.25386 0.8391 16.62951 0.8391 14.25386 3.628778 14.25386 0.8391 14.25386 3.628778 11.87822 3.628778 11.87822 0.8391 14.25386 0.8391 11.87822 3.628778 11.87822 0.8391 11.87822 3.628778 9.502575 3.628778 9.502575 0.8391 11.87822 0.8391 9.502575 3.628778 9.502575 0.8391 9.502575 3.628778 7.126931 3.628778 7.126931 0.8391 9.502575 0.8391 7.126931 3.628778 7.126931 0.8391 7.126931 3.628778 4.751287 3.628778 4.751287 0.8391 7.126931 0.8391 4.751287 3.628778 4.751287 0.8391 4.751287 3.628778 2.375644 3.628778 2.375644 0.8391 4.751287 0.8391 2.375644 3.628778 2.375644 0.8391 2.375644 3.628778 0 3.628778 0 0.8391 2.375644 0.8391 0 6.474081 0.8391 3.975665 3.18266 0 0.8391 0 0.8391 3.975665 3.18266 0 3.628778 0 3.628778 3.975665 3.18266 2.856832 3.628778 2.856832 3.628778 3.975665 3.18266 3.642783 3.424716 2.856832 3.628778 3.642783 3.424716 3.26117 3.576878 -1.637343 -0.814136 -0.81024 -0.392699 -5.062888 -0.814136 -5.062888 -0.814136 -0.81024 -0.392699 -5.062888 -0.271379 -5.062888 -0.271379 -0.81024 -0.392699 -0.218082 0.02873796 -5.062888 -0.271379 -0.218082 0.02873796 -5.062888 0.271379 -5.062888 0.271379 -0.218082 0.02873796 0.2562 0.421437 -5.062888 0.271379 0.2562 0.421437 -5.062888 0.814136 -5.062888 0.814136 0.2562 0.421437 0.815654 0.814136 -10.89005 -0.785398 3.803121 -0.785398 -10.89005 -0.261799 -10.89005 -0.261799 3.803121 -0.785398 3.803121 -0.261799 -10.89005 -0.261799 3.803121 -0.261799 -10.89005 0.261799 -10.89005 0.261799 3.803121 -0.261799 3.803121 0.261799 -10.89005 0.261799 3.803121 0.261799 -10.89005 0.785398 -10.89005 0.785398 3.803121 0.261799 3.803121 0.785398 -1.570796 -8.391614 -1.570796 -7.117887 -2.094395 -8.179327 -2.094395 -8.179327 -1.570796 -7.117887 -2.094395 -7.117887 -2.094395 -8.179327 -2.094395 -7.117887 -2.617994 -7.117887 -2.094395 -8.179327 -2.617994 -7.117887 -2.617994 -8.179327 -2.617994 -8.179327 -2.617994 -7.117887 -3.141593 -7.117887 -2.617994 -8.179327 -3.141593 -7.117887 -3.141593 -8.391614 -2.617994 -8.179327 -3.141593 -8.391614 -2.617994 -9.240765 -2.617994 -9.240765 -3.141593 -8.391614 -3.141593 -9.665341 -2.617994 -9.240765 -3.141593 -9.665341 -2.617994 -10.3022 -2.617994 -10.3022 -3.141593 -9.665341 -3.141593 -10.93907 -2.617994 -10.3022 -3.141593 -10.93907 -2.617994 -11.36364 -2.617994 -11.36364 -3.141593 -10.93907 -3.141593 -12.2128 -2.617994 -11.36364 -3.141593 -12.2128 -2.617994 -12.42508 -2.617994 -12.42508 -3.141593 -12.2128 -3.141593 -13.48652 -2.617994 -12.42508 -3.141593 -13.48652 -2.617994 -13.48652 -2.617994 -13.48652 -2.094395 -13.48652 -2.617994 -12.42508 -2.617994 -12.42508 -2.094395 -13.48652 -2.094395 -12.42508 -2.617994 -12.42508 -2.094395 -12.42508 -2.617994 -11.36364 -2.617994 -11.36364 -2.094395 -12.42508 -2.094395 -11.36364 -2.617994 -11.36364 -2.094395 -11.36364 -2.617994 -10.3022 -2.617994 -10.3022 -2.094395 -11.36364 -2.094395 -10.3022 -2.617994 -10.3022 -2.094395 -10.3022 -2.617994 -9.240765 -2.617994 -9.240765 -2.094395 -10.3022 -2.094395 -9.240765 -2.617994 -9.240765 -2.094395 -9.240765 -2.617994 -8.179327 -2.617994 -8.179327 -2.094395 -9.240765 -2.094395 -8.179327 -2.094395 -13.48652 -1.570796 -13.48652 -2.094395 -12.42508 -2.094395 -12.42508 -1.570796 -13.48652 -1.570796 -12.2128 -2.094395 -12.42508 -1.570796 -12.2128 -2.094395 -11.36364 -2.094395 -11.36364 -1.570796 -12.2128 -1.570796 -10.93907 -2.094395 -11.36364 -1.570796 -10.93907 -2.094395 -10.3022 -2.094395 -10.3022 -1.570796 -10.93907 -1.570796 -9.665341 -2.094395 -10.3022 -1.570796 -9.665341 -2.094395 -9.240765 -2.094395 -9.240765 -1.570796 -9.665341 -1.570796 -8.391614 -2.094395 -9.240765 -1.570796 -8.391614 -2.094395 -8.179327 1.917025 0.785398 -12.17237 0.785398 1.917025 0.261799 1.917025 0.261799 -12.17237 0.785398 -12.17237 0.261799 1.917025 0.261799 -12.17237 0.261799 1.917025 -0.261799 1.917025 -0.261799 -12.17237 0.261799 -12.17237 -0.261799 1.917025 -0.261799 -12.17237 -0.261799 1.917025 -0.785398 1.917025 -0.785398 -12.17237 -0.261799 -12.17237 -0.785398 7.929825 -0.785398 8.035713 -0.785398 7.929825 -0.261799 7.929825 -0.261799 8.035713 -0.785398 8.035713 -0.261799 7.929825 -0.261799 8.035713 -0.261799 7.929825 0.261799 7.929825 0.261799 8.035713 -0.261799 8.035713 0.261799 7.929825 0.261799 8.035713 0.261799 7.929825 0.785398 7.929825 0.785398 8.035713 0.261799 8.035713 0.785398 0 3.466915 0.523599 3.466915 0 4.044734 0 4.044734 0.523599 3.466915 0.523599 4.333644 0 4.044734 0.523599 4.333644 0 4.622554 0 4.622554 0.523599 4.333644 0.523599 5.200373 0 4.622554 0.523599 5.200373 0 5.200373 0.523599 3.466915 1.047198 3.466915 0.523599 4.333644 0.523599 4.333644 1.047198 3.466915 1.047198 4.333644 0.523599 4.333644 1.047198 4.333644 0.523599 5.200373 0.523599 5.200373 1.047198 4.333644 1.047198 5.200373 1.047198 5.200373 1.047198 4.333644 1.570796 4.622554 1.047198 5.200373 1.570796 4.622554 1.570796 5.200373 1.570796 3.466915 1.570796 4.044734 1.047198 3.466915 1.047198 3.466915 1.570796 4.044734 1.047198 4.333644 1.570796 4.044734 1.570796 4.622554 1.047198 4.333644 18.46447 0.785398 -18.46447 0.785398 18.46447 0.261799 18.46447 0.261799 -18.46447 0.785398 -18.46447 0.261799 18.46447 0.261799 -18.46447 0.261799 18.46447 -0.261799 18.46447 -0.261799 -18.46447 0.261799 -18.46447 -0.261799 18.46447 -0.261799 -18.46447 -0.261799 18.46447 -0.785398 18.46447 -0.785398 -18.46447 -0.261799 -18.46447 -0.785398 0 1.733458 0.523599 1.733458 0 2.311277 0 2.311277 0.523599 1.733458 0.523599 2.600187 0 2.311277 0.523599 2.600187 0 2.889096 0 2.889096 0.523599 2.600187 0.523599 3.466915 0 2.889096 0.523599 3.466915 0 3.466915 0.523599 1.733458 1.047198 1.733458 0.523599 2.600187 0.523599 2.600187 1.047198 1.733458 1.047198 2.600187 0.523599 2.600187 1.047198 2.600187 0.523599 3.466915 0.523599 3.466915 1.047198 2.600187 1.047198 3.466915 1.047198 3.466915 1.047198 2.600187 1.570796 2.889096 1.047198 3.466915 1.570796 2.889096 1.570796 3.466915 1.570796 1.733458 1.570796 2.311277 1.047198 1.733458 1.047198 1.733458 1.570796 2.311277 1.047198 2.600187 1.570796 2.311277 1.570796 2.889096 1.047198 2.600187 -11.42598 0.785398 -11.53186 0.785398 -11.42598 0.261799 -11.42598 0.261799 -11.53186 0.785398 -11.53186 0.261799 -11.42598 0.261799 -11.53186 0.261799 -11.42598 -0.261799 -11.42598 -0.261799 -11.53186 0.261799 -11.53186 -0.261799 -11.42598 -0.261799 -11.53186 -0.261799 -11.42598 -0.785398 -11.42598 -0.785398 -11.53186 -0.261799 -11.53186 -0.785398 10.84271 0.400239 6.348997 0.261799 11.37977 0.01507896 11.37977 0.01507896 6.348997 0.261799 6.348997 -0.261799 11.37977 0.01507896 6.348997 -0.261799 11.89235 -0.38516 11.89235 -0.38516 6.348997 -0.261799 6.348997 -0.785398 11.89235 -0.38516 6.348997 -0.785398 12.50117 -0.785398 10.12783 0.785398 6.348997 0.785398 10.84271 0.400239 10.84271 0.400239 6.348997 0.785398 6.348997 0.261799 -1.917025 -0.785398 12.17237 -0.785398 -1.917025 -0.261799 -1.917025 -0.261799 12.17237 -0.785398 12.17237 -0.261799 -1.917025 -0.261799 12.17237 -0.261799 -1.917025 0.261799 -1.917025 0.261799 12.17237 -0.261799 12.17237 0.261799 -1.917025 0.261799 12.17237 0.261799 -1.917025 0.785398 -1.917025 0.785398 12.17237 0.261799 12.17237 0.785398 -1.570796 -1.273727 -1.570796 0 -2.094395 -1.061439 -2.094395 -1.061439 -1.570796 0 -2.094395 0 -2.094395 -1.061439 -2.094395 0 -2.617994 0 -2.094395 -1.061439 -2.617994 0 -2.617994 -1.061439 -2.617994 -1.061439 -2.617994 0 -3.141593 0 -2.617994 -1.061439 -3.141593 0 -3.141593 -1.273727 -2.617994 -1.061439 -3.141593 -1.273727 -2.617994 -2.122879 -2.617994 -2.122879 -3.141593 -1.273727 -3.141593 -2.547454 -2.617994 -2.122879 -3.141593 -2.547454 -2.617994 -3.184318 -2.617994 -3.184318 -3.141593 -2.547454 -3.141593 -3.821182 -2.617994 -3.184318 -3.141593 -3.821182 -2.617994 -4.245757 -2.617994 -4.245757 -3.141593 -3.821182 -3.141593 -5.094908 -2.617994 -4.245757 -3.141593 -5.094908 -2.617994 -5.307196 -2.617994 -5.307196 -3.141593 -5.094908 -3.141593 -6.368635 -2.617994 -5.307196 -3.141593 -6.368635 -2.617994 -6.368635 -2.617994 -6.368635 -2.094395 -6.368635 -2.617994 -5.307196 -2.617994 -5.307196 -2.094395 -6.368635 -2.094395 -5.307196 -2.617994 -5.307196 -2.094395 -5.307196 -2.617994 -4.245757 -2.617994 -4.245757 -2.094395 -5.307196 -2.094395 -4.245757 -2.617994 -4.245757 -2.094395 -4.245757 -2.617994 -3.184318 -2.617994 -3.184318 -2.094395 -4.245757 -2.094395 -3.184318 -2.617994 -3.184318 -2.094395 -3.184318 -2.617994 -2.122879 -2.617994 -2.122879 -2.094395 -3.184318 -2.094395 -2.122879 -2.617994 -2.122879 -2.094395 -2.122879 -2.617994 -1.061439 -2.617994 -1.061439 -2.094395 -2.122879 -2.094395 -1.061439 -2.094395 -6.368635 -1.570796 -6.368635 -2.094395 -5.307196 -2.094395 -5.307196 -1.570796 -6.368635 -1.570796 -5.094908 -2.094395 -5.307196 -1.570796 -5.094908 -2.094395 -4.245757 -2.094395 -4.245757 -1.570796 -5.094908 -1.570796 -3.821182 -2.094395 -4.245757 -1.570796 -3.821182 -2.094395 -3.184318 -2.094395 -3.184318 -1.570796 -3.821182 -1.570796 -2.547454 -2.094395 -3.184318 -1.570796 -2.547454 -2.094395 -2.122879 -2.094395 -2.122879 -1.570796 -2.547454 -1.570796 -1.273727 -2.094395 -2.122879 -1.570796 -1.273727 -2.094395 -1.061439 10.89005 0.785398 -3.803121 0.785398 10.89005 0.261799 10.89005 0.261799 -3.803121 0.785398 -3.803121 0.261799 10.89005 0.261799 -3.803121 0.261799 10.89005 -0.261799 10.89005 -0.261799 -3.803121 0.261799 -3.803121 -0.261799 10.89005 -0.261799 -3.803121 -0.261799 10.89005 -0.785398 10.89005 -0.785398 -3.803121 -0.261799 -3.803121 -0.785398 0 2.221442 0.04359197 1.852367 0.523599 2.221442 0.523599 2.221442 0.04359197 1.852367 0.523599 1.852001 0.523599 2.221442 0.523599 1.852001 1.047198 2.221442 1.047198 2.221442 0.523599 1.852001 1.047198 1.851601 1.047198 2.221442 1.047198 1.851601 1.570796 2.221442 1.570796 2.221442 1.047198 1.851601 1.047198 1.48137 0.04359197 1.852367 0.07555097 1.482129 0.523599 1.852001 0.523599 1.852001 0.07555097 1.482129 0.523599 1.481779 0.523599 1.852001 0.523599 1.481779 1.047198 1.851601 1.047198 1.851601 0.523599 1.481779 1.047198 1.48137 0.07555097 1.482129 0.08726596 1.110721 0.523599 1.481779 0.523599 1.481779 0.08726596 1.110721 0.581776 1.110721 0.523599 1.481779 0.581776 1.110721 1.047198 1.48137 1.047198 1.48137 0.581776 1.110721 1.076286 1.110721 1.047198 1.48137 1.076286 1.110721 1.570796 2.221442 1.570796 2.221442 1.047198 2.221442 1.047198 1.943761 1.047198 1.943761 1.047198 2.221442 0.523599 2.221442 1.047198 1.943761 0.523599 2.221442 0.523599 1.943761 0.523599 1.943761 0.523599 2.221442 0 2.036321 0.523599 1.943761 0 2.036321 0 1.851201 0.523599 2.221442 0 2.221442 0 2.036321 0 1.666081 0.523599 1.666081 0 1.851201 0 1.851201 0.523599 1.666081 0.523599 1.943761 0.523599 1.666081 1.047198 1.666081 0.523599 1.943761 0.523599 1.943761 1.047198 1.666081 1.047198 1.943761 1.047198 1.666081 1.570796 2.221442 1.047198 1.943761 1.570796 0.55536 1.047198 0.55536 1.047198 0.27768 1.047198 0.27768 1.047198 0.55536 0.523599 0.55536 1.047198 0.27768 0.523599 0.55536 0.523599 0.27768 0.523599 0.27768 0.523599 0.55536 0 0.37024 0.523599 0.27768 0 0.37024 0 0.18512 0.523599 0.55536 0 0.55536 0 0.37024 0 0 0.523599 0 0 0.18512 0 0.18512 0.523599 0 0.523599 0.27768 0.523599 0 1.047198 0 0.523599 0.27768 0.523599 0.27768 1.047198 0 1.047198 0.27768 1.047198 0 1.570796 0.55536 1.047198 0.27768 11.89235 0.38516 6.348997 0.261799 11.37977 -0.01507896 11.37977 -0.01507896 6.348997 0.261799 6.348997 -0.261799 11.37977 -0.01507896 6.348997 -0.261799 10.84271 -0.400239 10.84271 -0.400239 6.348997 -0.261799 6.348997 -0.785398 10.84271 -0.400239 6.348997 -0.785398 10.12783 -0.785398 12.50117 0.785398 6.348997 0.785398 11.89235 0.38516 11.89235 0.38516 6.348997 0.785398 6.348997 0.261799 0 0 0.523599 0 0.04359197 0.369074 0.04359197 0.369074 0.523599 0 0.523599 0.369441 0.04359197 0.369074 0.523599 0.369441 0.07555097 0.739312 0.07555097 0.739312 0.523599 0.369441 0.523599 0.739662 0.07555097 0.739312 0.523599 0.739662 0.08726596 1.110721 0.08726596 1.110721 0.523599 0.739662 0.581776 1.110721 0.581776 1.110721 0.523599 0.739662 1.047198 0.740071 0.581776 1.110721 1.047198 0.740071 1.076286 1.110721 1.076286 1.110721 1.047198 0.740071 1.570796 1.110721 0.523599 0 1.047198 0 0.523599 0.369441 0.523599 0.369441 1.047198 0 1.047198 0.36984 0.523599 0.369441 1.047198 0.36984 0.523599 0.739662 0.523599 0.739662 1.047198 0.36984 1.047198 0.740071 1.047198 0 1.570796 1.110721 1.047198 0.36984 1.047198 0.36984 1.570796 1.110721 1.047198 0.740071 10.41099 -0.741765 19.6 -0.741765 10.41099 -0.247255 10.41099 -0.247255 19.6 -0.741765 19.6 -0.247255 10.41099 -0.247255 19.6 -0.247255 10.41099 0.247255 10.41099 0.247255 19.6 -0.247255 19.6 0.247255 10.41099 0.247255 19.6 0.247255 10.41099 0.741765 10.41099 0.741765 19.6 0.247255 19.6 0.741765 -3.665325 -19.6 -11.83048 -9.261713 -17.75472 -19.6 -17.75472 -19.6 -11.83048 -9.261713 -13.21897 -9.336036 -17.75472 -19.6 -13.21897 -9.336036 -14.42234 -9.43017 -3.665325 -19.6 -3.665325 -8.906569 -11.83048 -9.261713 -17.75472 -19.6 -14.42234 -9.43017 -17.75472 -10.41099 -17.75472 -10.41099 -14.42234 -9.43017 -15.44056 -9.544114 -17.75472 -10.41099 -15.44056 -9.544114 -16.27366 -9.677867 -16.27366 -9.677867 -16.92162 -9.831432 -17.75472 -10.41099 -17.75472 -10.41099 -16.92162 -9.831432 -17.38445 -10.00481 -17.75472 -10.41099 -17.38445 -10.00481 -17.66215 -10.19799 -17.66215 -10.19799 -17.73158 -10.30201 -17.75472 -10.41099 -8.906569 2.96706 -19.6 2.96706 -8.906569 1.780236 -8.906569 1.780236 -19.6 2.96706 -19.6 1.780236 -8.906569 1.780236 -19.6 1.780236 -8.906569 0.593412 -8.906569 0.593412 -19.6 1.780236 -19.6 0.593412 -8.906569 0.593412 -19.6 0.593412 -8.906569 -0.593412 -8.906569 -0.593412 -19.6 0.593412 -19.6 -0.593412 -8.906569 -0.593412 -19.6 -0.593412 -8.906569 -1.780236 -8.906569 -1.780236 -19.6 -0.593412 -19.6 -1.780236 -8.906569 -1.780236 -19.6 -1.780236 -8.906569 -2.96706 -8.906569 -2.96706 -19.6 -1.780236 -19.6 -2.96706 19.6 -16.20739 19.6 -1.514214 8.906569 -16.20739 8.906569 -16.20739 19.6 -1.514214 18.46447 -1 8.906569 -16.20739 18.46447 -1 -18.46447 -1 19.6 -1.514214 19.52513 -1.43934 18.46447 -1 18.46447 -1 19.52513 -1.43934 19.21447 -1.200962 18.46447 -1 19.21447 -1.200962 18.8527 -1.051111 -18.8527 -1.051111 -19.21447 -1.200962 -18.46447 -1 -18.46447 -1 -19.21447 -1.200962 -19.52513 -1.43934 -18.46447 -1 -19.52513 -1.43934 -19.6 -1.514214 -19.6 -16.20739 -8.906569 -16.20739 -19.6 -1.514214 -19.6 -1.514214 -8.906569 -16.20739 -18.46447 -1 -8.257203 -16.3684 8.257203 -16.3684 -8.906569 -16.20739 -8.906569 -16.20739 8.257203 -16.3684 8.906569 -16.20739 -8.906569 -16.20739 8.906569 -16.20739 -18.46447 -1 8.257203 -16.3684 -8.257203 -16.3684 7.826531 -16.76333 7.826531 -16.76333 -8.257203 -16.3684 -7.826531 -16.76333 7.826531 -16.76333 -7.826531 -16.76333 7.367169 -17.9112 7.367169 -17.9112 -7.826531 -16.76333 -7.367169 -17.9112 7.367169 -17.9112 -7.367169 -17.9112 6.944716 -19.37838 6.944716 -19.37838 -7.367169 -17.9112 -6.944716 -19.37838 6.944716 -19.37838 -6.944716 -19.37838 6.792708 -20.95639 6.792708 -20.95639 -6.944716 -19.37838 -6.792708 -20.95639 6.792708 -20.95639 -6.792708 -20.95639 6.792708 -21.9 6.792708 -21.9 -6.792708 -20.95639 -6.792708 -21.9 8.906569 -2.96706 19.6 -2.96706 8.906569 -1.780236 8.906569 -1.780236 19.6 -2.96706 19.6 -1.780236 8.906569 -1.780236 19.6 -1.780236 8.906569 -0.593412 8.906569 -0.593412 19.6 -1.780236 19.6 -0.593412 8.906569 -0.593412 19.6 -0.593412 8.906569 0.593412 8.906569 0.593412 19.6 -0.593412 19.6 0.593412 8.906569 0.593412 19.6 0.593412 8.906569 1.780236 8.906569 1.780236 19.6 0.593412 19.6 1.780236 8.906569 1.780236 19.6 1.780236 8.906569 2.96706 8.906569 2.96706 19.6 1.780236 19.6 2.96706 -3.665325 8.906569 -3.665325 19.6 -11.83048 9.261713 -11.83048 9.261713 -3.665325 19.6 -17.75472 19.6 -11.83048 9.261713 -17.75472 19.6 -13.21897 9.336036 -13.21897 9.336036 -17.75472 19.6 -14.42234 9.43017 -14.42234 9.43017 -17.75472 19.6 -17.75472 10.41099 -14.42234 9.43017 -17.75472 10.41099 -15.44056 9.544114 -15.44056 9.544114 -17.75472 10.41099 -16.27366 9.677867 -16.27366 9.677867 -17.75472 10.41099 -16.92162 9.831432 -16.92162 9.831432 -17.75472 10.41099 -17.38445 10.00481 -17.38445 10.00481 -17.75472 10.41099 -17.66215 10.19799 -17.66215 10.19799 -17.75472 10.41099 -17.73158 10.30201 -10.41099 0.741765 -19.6 0.741765 -10.41099 0.247255 -10.41099 0.247255 -19.6 0.741765 -19.6 0.247255 -10.41099 0.247255 -19.6 0.247255 -10.41099 -0.247255 -10.41099 -0.247255 -19.6 0.247255 -19.6 -0.247255 -10.41099 -0.247255 -19.6 -0.247255 -10.41099 -0.741765 -10.41099 -0.741765 -19.6 -0.247255 -19.6 -0.741765 24 -8.165703 19.6 -7.068501 24 -24.8343 24 -24.8343 19.6 -7.068501 19.6 -25.9315 19.6 -25.9315 19.6 -7.068501 6.472866 -2.4 19.6 -25.9315 6.472866 -2.4 -6.472866 -2.4 19.6 -0.916331 10.41099 -0.916331 19.6 -7.068501 19.6 -7.068501 10.41099 -0.916331 8.441926 -1.658166 19.6 -7.068501 8.441926 -1.658166 7.482729 -2.168177 10.41099 -0.916331 9.401124 -1.148154 8.441926 -1.658166 7.482729 -2.168177 6.472866 -2.4 19.6 -7.068501 -7.482729 -2.168177 -19.6 -7.068501 -6.472866 -2.4 -6.472866 -2.4 -19.6 -7.068501 -19.6 -25.9315 -6.472866 -2.4 -19.6 -25.9315 19.6 -25.9315 19.6 -25.9315 -19.6 -25.9315 19.6 -48.58578 19.6 -48.58578 -19.6 -25.9315 -19.6 -48.58578 -7.482729 -2.168177 -8.441926 -1.658166 -19.6 -7.068501 -19.6 -7.068501 -8.441926 -1.658166 -10.41099 -0.916331 -19.6 -7.068501 -10.41099 -0.916331 -19.6 -0.916331 -8.441926 -1.658166 -9.401124 -1.148154 -10.41099 -0.916331 -24 -8.165703 -24 -24.8343 -19.6 -7.068501 -19.6 -7.068501 -24 -24.8343 -19.6 -25.9315 0.484488 -1.905385 0.484488 -1.253895 0.193795 -1.98076 0.193795 -1.98076 0.484488 -1.253895 0.322992 -1.253888 0.193795 -1.98076 0.322992 -1.253888 0.161496 -1.253888 0.161496 -1.253888 0 -1.253895 0.193795 -1.98076 0.193795 -1.98076 0 -1.253895 0 -1.905385 0.193795 -1.98076 0 -1.905385 0.193795 -2.496812 0.193795 -2.496812 0 -1.905385 0 -2.556885 0.484488 -2.556885 0.484488 -1.905385 0.193795 -2.496812 0.193795 -2.496812 0.484488 -1.905385 0.193795 -1.98076 1.134534 2.043688 1.134534 2.879994 0.907627 2.422326 0.907627 2.422326 1.134534 2.879994 0.756396 2.879995 0.907627 2.422326 0.756396 2.879995 0.453813 2.422326 0.453813 2.422326 0.756396 2.879995 0.378204 2.879997 0.453813 2.422326 0.378204 2.879997 4e-6 2.879993 4e-6 2.879993 3.6e-5 2.043673 0.453813 2.422326 0.453813 2.422326 3.6e-5 2.043673 0.453813 1.814879 0.453813 2.422326 0.453813 1.814879 0.907627 1.814879 0.907627 1.814879 0.453813 1.814879 0.756356 1.207432 0.907627 1.814879 0.756356 1.207432 1.134534 1.207432 0 1.207432 0.378178 1.207432 3.6e-5 2.043673 3.6e-5 2.043673 0.378178 1.207432 0.453813 1.814879 0.378178 1.207432 0.756356 1.207432 0.453813 1.814879 1.134534 1.207432 1.134534 2.043688 0.907627 1.814879 0.907627 1.814879 1.134534 2.043688 0.907627 2.422326 0.907627 1.814879 0.907627 2.422326 0.453813 2.422326 -7.697872 -0.698132 -6.756677 -0.698132 -7.697872 -0.232711 -7.697872 -0.232711 -6.756677 -0.698132 -6.756677 -0.232711 -7.697872 -0.232711 -6.756677 -0.232711 -6.756677 0.232711 -6.756677 0.698132 -7.697872 0.698132 -6.756677 0.232711 -6.756677 0.232711 -7.697872 0.698132 -7.697872 0.232711 -6.756677 0.232711 -7.697872 0.232711 -7.697872 -0.232711 0 -0.510438 0.460955 -0.510439 4.3e-5 -0.170146 4.3e-5 -0.170146 0.460955 -0.510439 0.553146 0 4.3e-5 -0.170146 0.553146 0 0 0.170146 0 0.170146 0.553146 0 0.460954 0.510438 0 0.170146 0.460954 0.510438 0 0.510438 0.460955 -0.510439 0.921913 -0.510438 0.553146 0 0.553146 0 0.921913 -0.510438 1.106293 0 0.553146 0 1.106293 0 0.921911 0.510438 0.921911 0.510438 1.106293 0 1.382866 0.170146 0.921911 0.510438 1.382866 0.170146 1.382866 0.510438 0.921913 -0.510438 1.382866 -0.510438 1.106293 0 1.106293 0 1.382866 -0.510438 1.382866 -0.170147 1.106293 0 1.382866 -0.170147 1.382866 0.170146 0.921911 0.510438 0.460954 0.510438 0.553146 0 -4.142052 -0.698132 1.24189 -0.698132 -4.142052 -0.232711 -4.142052 -0.232711 1.24189 -0.698132 1.24189 -0.232711 -4.142052 -0.232711 1.24189 -0.232711 1.24189 0.232711 1.24189 0.698132 -4.142052 0.698132 1.24189 0.232711 1.24189 0.232711 -4.142052 0.698132 -4.142052 0.232711 1.24189 0.232711 -4.142052 0.232711 -4.142052 -0.232711 -0.174533 -36.00803 -0.639954 -36.00803 -0.174533 -38.27763 -0.174533 -38.27763 -0.639954 -36.00803 -0.872665 -38.27763 -0.174533 -38.27763 -0.872665 -38.27763 -0.174533 -40.54723 -0.174533 -40.54723 -0.872665 -38.27763 -0.872665 -40.54723 -0.174533 -40.54723 -0.872665 -40.54723 -0.174533 -42.81683 -0.174533 -42.81683 -0.872665 -40.54723 -0.872665 -42.81683 -0.174533 -42.81683 -0.872665 -42.81683 -0.174533 -45.08642 -0.174533 -45.08642 -0.872665 -42.81683 -0.872665 -45.08642 -0.174533 -45.08642 -0.872665 -45.08642 -0.174533 -47.35602 -0.174533 -47.35602 -0.872665 -45.08642 -0.872665 -47.35602 -0.174533 -47.35602 -0.872665 -47.35602 -0.174533 -49.62562 -0.174533 -49.62562 -0.872665 -47.35602 -0.872665 -49.62562 -0.174533 -49.62562 -0.872665 -49.62562 -0.174533 -51.89522 -0.174533 -51.89522 -0.872665 -49.62562 -0.872665 -51.89522 -0.174533 -51.89522 -0.872665 -51.89522 -0.174533 -54.16482 -0.174533 -54.16482 -0.872665 -51.89522 -0.872665 -54.16482 -0.174533 -54.16482 -0.872665 -54.16482 -0.174533 -56.43441 -0.174533 -56.43441 -0.872665 -54.16482 -0.872665 -56.43441 -0.174533 -56.43441 -0.872665 -56.43441 -0.639954 -58.70401 -0.639954 -58.70401 -0.872665 -56.43441 -1.105375 -58.70401 -1.105375 -58.70401 -0.872665 -56.43441 -1.570796 -56.43441 -1.105375 -58.70401 -1.570796 -56.43441 -1.570796 -58.70401 -0.639954 -36.00803 -1.105375 -36.00803 -0.872665 -38.27763 -0.872665 -38.27763 -1.105375 -36.00803 -1.570796 -38.27763 -0.872665 -38.27763 -1.570796 -38.27763 -0.872665 -40.54723 -0.872665 -40.54723 -1.570796 -38.27763 -1.570796 -40.54723 -0.872665 -40.54723 -1.570796 -40.54723 -0.872665 -42.81683 -0.872665 -42.81683 -1.570796 -40.54723 -1.570796 -42.81683 -0.872665 -42.81683 -1.570796 -42.81683 -0.872665 -45.08642 -0.872665 -45.08642 -1.570796 -42.81683 -1.570796 -45.08642 -0.872665 -45.08642 -1.570796 -45.08642 -0.872665 -47.35602 -0.872665 -47.35602 -1.570796 -45.08642 -1.570796 -47.35602 -0.872665 -47.35602 -1.570796 -47.35602 -0.872665 -49.62562 -0.872665 -49.62562 -1.570796 -47.35602 -1.570796 -49.62562 -0.872665 -49.62562 -1.570796 -49.62562 -0.872665 -51.89522 -0.872665 -51.89522 -1.570796 -49.62562 -1.570796 -51.89522 -0.872665 -51.89522 -1.570796 -51.89522 -0.872665 -54.16482 -0.872665 -54.16482 -1.570796 -51.89522 -1.570796 -54.16482 -0.872665 -54.16482 -1.570796 -54.16482 -0.872665 -56.43441 -0.872665 -56.43441 -1.570796 -54.16482 -1.570796 -56.43441 -1.105375 -36.00803 -1.570796 -36.00803 -1.570796 -38.27763 -0.639954 -58.70401 -0.174533 -58.70401 -0.174533 -56.43441 -9.87114 -0.698132 -3.39706 -0.698132 -9.87114 -0.232711 -9.87114 -0.232711 -3.39706 -0.698132 -3.39706 -0.232711 -9.87114 -0.232711 -3.39706 -0.232711 -3.39706 0.232711 -3.39706 0.698132 -9.87114 0.698132 -3.39706 0.232711 -3.39706 0.232711 -9.87114 0.698132 -9.87114 0.232711 -3.39706 0.232711 -9.87114 0.232711 -9.87114 -0.232711 0 -11.9691 9.5e-5 -12.90831 0.440588 -12.362 0.440588 -12.362 9.5e-5 -12.90831 0.367301 -12.90829 0.440588 -12.362 0.367301 -12.90829 0.734487 -12.90828 0.440588 -12.362 0.734487 -12.90828 0.881176 -12.362 0.881176 -12.362 0.734487 -12.90828 1.10147 -12.90828 0.881176 -12.362 1.10147 -12.90828 1.10147 -11.96909 0.881176 -12.362 1.10147 -11.96909 0.881176 -11.69597 0.881176 -11.69597 1.10147 -11.96909 1.10147 -11.02994 0.881176 -11.69597 1.10147 -11.02994 0.734314 -11.02994 0.881176 -11.69597 0.734314 -11.02994 0.440588 -11.69597 0.440588 -11.69597 0.734314 -11.02994 0.367156 -11.02994 0.440588 -11.69597 0.367156 -11.02994 0 -11.9691 0 -11.9691 0.367156 -11.02994 0 -11.02994 0.440588 -11.69597 0 -11.9691 0.440588 -12.362 0.440588 -11.69597 0.440588 -12.362 0.881176 -12.362 0.881176 -11.69597 0.440588 -11.69597 0.881176 -12.362 0.455587 -1.227297 0.303724 -1.227297 0.455587 -1.840938 0.455587 -1.840938 0.303724 -1.227297 0.151862 -1.227297 0.455587 -1.840938 0.151862 -1.227297 0.182235 -1.907534 0.182235 -1.907534 0.151862 -1.227297 0 -1.227297 0.182235 -1.907534 0 -1.227297 0 -1.840938 0.182235 -1.907534 0 -1.840938 0.182235 -2.406017 0.182235 -2.406017 0 -1.840938 0 -2.454595 0.455587 -2.454595 0.455587 -1.840938 0.182235 -2.406017 0.182235 -2.406017 0.455587 -1.840938 0.182235 -1.907534 -1.869871 0.814136 -1.310417 0.421437 4.00867 0.814136 4.00867 0.814136 -1.310417 0.421437 4.00867 0.271379 4.00867 0.271379 -1.310417 0.421437 -0.836135 0.02873796 4.00867 0.271379 -0.836135 0.02873796 4.00867 -0.271379 4.00867 -0.271379 -0.836135 0.02873796 -0.243977 -0.392699 4.00867 -0.271379 -0.243977 -0.392699 4.00867 -0.814136 4.00867 -0.814136 -0.243977 -0.392699 0.583126 -0.814136 10.76361 0.8391 17.23769 0.8391 13.26203 3.18266 13.26203 3.18266 17.23769 0.8391 17.23769 3.628778 13.26203 3.18266 17.23769 3.628778 14.38086 3.628778 13.97652 3.576878 13.59491 3.424716 14.38086 3.628778 14.38086 3.628778 13.59491 3.424716 13.26203 3.18266 3.628778 23.75644 0.8391 23.75644 3.628778 21.38079 3.628778 21.38079 0.8391 23.75644 0.8391 21.38079 3.628778 21.38079 0.8391 21.38079 3.628778 19.00515 3.628778 19.00515 0.8391 21.38079 0.8391 19.00515 3.628778 19.00515 0.8391 19.00515 3.628778 16.62951 3.628778 16.62951 0.8391 19.00515 0.8391 16.62951 3.628778 16.62951 0.8391 16.62951 3.628778 14.25386 3.628778 14.25386 0.8391 16.62951 0.8391 14.25386 3.628778 14.25386 0.8391 14.25386 3.628778 11.87822 3.628778 11.87822 0.8391 14.25386 0.8391 11.87822 3.628778 11.87822 0.8391 11.87822 3.628778 9.502575 3.628778 9.502575 0.8391 11.87822 0.8391 9.502575 3.628778 9.502575 0.8391 9.502575 3.628778 7.126931 3.628778 7.126931 0.8391 9.502575 0.8391 7.126931 3.628778 7.126931 0.8391 7.126931 3.628778 4.751287 3.628778 4.751287 0.8391 7.126931 0.8391 4.751287 3.628778 4.751287 0.8391 4.751287 3.628778 2.375644 3.628778 2.375644 0.8391 4.751287 0.8391 2.375644 3.628778 2.375644 0.8391 2.375644 3.628778 0 3.628778 0 0.8391 2.375644 0.8391 0 5.383942 0.8391 5.188222 3.628778 0 0.8391 0 0.8391 5.188222 3.628778 0 3.628778 -3.461159 -0.377842 -0.664624 -0.377842 -3.461159 -0.1259469 -3.461159 -0.1259469 -0.664624 -0.377842 -0.640808 -0.1259469 -3.461159 -0.1259469 -0.640808 -0.1259469 -0.640808 0.1259469 -3.461159 -0.1259469 -0.640808 0.1259469 -3.461159 0.1259469 -3.461159 0.1259469 -0.640808 0.1259469 -0.664624 0.377842 -3.461159 0.1259469 -0.664624 0.377842 -3.461159 0.377842 0.456758 0.8391 1.397953 0.8391 0.652477 3.628778 0.652477 3.628778 1.397953 0.8391 2.434777 0.690316 0.652477 3.628778 2.434777 0.690316 3.851991 3.628778 3.851991 3.628778 2.434777 0.690316 3.26801 0.265767 10.75621 0.400239 7.342875 0.400239 10.75621 0.133413 10.75621 0.133413 7.342875 0.400239 6.830291 0 10.75621 0.133413 6.830291 0 10.75621 -0.133413 10.75621 -0.133413 6.830291 0 6.221475 -0.400239 10.75621 -0.133413 6.221475 -0.400239 10.75621 -0.400239 -1.507866 2.171761 -1.005255 2.171759 -1.507866 2.756257 -1.507866 2.756257 -1.005255 2.171759 -1.055506 3.048505 -1.507866 2.756257 -1.055506 3.048505 -1.507866 3.340755 -1.507866 3.340755 -1.055506 3.048505 -1.005246 3.92525 -1.507866 3.340755 -1.005246 3.92525 -1.507866 3.92525 -1.055506 3.048505 -1.005255 2.171759 -0.603146 3.048505 -0.603146 3.048505 -1.005255 2.171759 -0.502634 2.171759 -0.603146 3.048505 -0.502634 2.171759 -1.53e-4 2.756252 -1.53e-4 2.756252 -0.502634 2.171759 -1.4e-5 2.171761 -1.53e-4 2.756252 -8e-6 3.340755 -0.603146 3.048505 -0.603146 3.048505 -8e-6 3.340755 -0.50262 3.92525 -0.603146 3.048505 -0.50262 3.92525 -1.005246 3.92525 -8e-6 3.340755 0 3.92525 -0.50262 3.92525 -1.005246 3.92525 -1.055506 3.048505 -0.603146 3.048505 -16.41778 -0.698132 -13.56095 -0.698132 -16.41778 -0.232711 -16.41778 -0.232711 -13.56095 -0.698132 -13.56095 -0.232711 -16.41778 -0.232711 -13.56095 -0.232711 -13.56095 0.232711 -13.56095 0.698132 -16.41778 0.698132 -13.56095 0.232711 -13.56095 0.232711 -16.41778 0.698132 -16.41778 0.232711 -13.56095 0.232711 -16.41778 0.232711 -16.41778 -0.232711 1.570796 -21.23754 2.036217 -21.23754 1.570796 -18.98146 1.570796 -18.98146 2.036217 -21.23754 2.268928 -18.98146 1.570796 -18.98146 2.268928 -18.98146 1.570796 -16.72538 1.570796 -16.72538 2.268928 -18.98146 2.268928 -16.72538 1.570796 -16.72538 2.268928 -16.72538 1.570796 -14.46929 1.570796 -14.46929 2.268928 -16.72538 2.268928 -14.46929 1.570796 -14.46929 2.268928 -14.46929 1.570796 -12.21321 1.570796 -12.21321 2.268928 -14.46929 2.268928 -12.21321 1.570796 -12.21321 2.268928 -12.21321 1.570796 -9.957131 1.570796 -9.957131 2.268928 -12.21321 2.268928 -9.957131 1.570796 -9.957131 2.268928 -9.957131 1.570796 -7.701048 1.570796 -7.701048 2.268928 -9.957131 2.268928 -7.701048 1.570796 -7.701048 2.268928 -7.701048 1.570796 -5.444967 1.570796 -5.444967 2.268928 -7.701048 2.268928 -5.444967 1.570796 -5.444967 2.268928 -5.444967 1.570796 -3.188885 1.570796 -3.188885 2.268928 -5.444967 2.268928 -3.188885 1.570796 -3.188885 2.268928 -3.188885 1.570796 -0.932803 1.570796 -0.932803 2.268928 -3.188885 2.268928 -0.932803 1.570796 -0.932803 2.268928 -0.932803 1.570796 1.323279 1.570796 1.323279 2.268928 -0.932803 2.268928 1.323279 1.570796 1.323279 2.268928 1.323279 2.036217 3.579361 2.036217 3.579361 2.268928 1.323279 2.501639 3.579361 2.501639 3.579361 2.268928 1.323279 2.96706 1.097671 2.501639 3.579361 2.96706 1.097671 2.96706 3.579361 2.036217 -21.23754 2.501639 -21.23754 2.268928 -18.98146 2.268928 -18.98146 2.501639 -21.23754 2.96706 -18.75585 2.268928 -18.98146 2.96706 -18.75585 2.268928 -16.72538 2.268928 -16.72538 2.96706 -18.75585 2.96706 -16.27416 2.268928 -16.72538 2.96706 -16.27416 2.268928 -14.46929 2.268928 -14.46929 2.96706 -16.27416 2.96706 -13.79247 2.268928 -14.46929 2.96706 -13.79247 2.268928 -12.21321 2.268928 -12.21321 2.96706 -13.79247 2.96706 -11.31078 2.268928 -12.21321 2.96706 -11.31078 2.268928 -9.957131 2.268928 -9.957131 2.96706 -11.31078 2.96706 -8.82909 2.268928 -9.957131 2.96706 -8.82909 2.268928 -7.701048 2.268928 -7.701048 2.96706 -8.82909 2.96706 -6.347399 2.268928 -7.701048 2.96706 -6.347399 2.268928 -5.444967 2.268928 -5.444967 2.96706 -6.347399 2.96706 -3.86571 2.268928 -5.444967 2.96706 -3.86571 2.268928 -3.188885 2.268928 -3.188885 2.96706 -3.86571 2.96706 -1.384019 2.268928 -3.188885 2.96706 -1.384019 2.268928 -0.932803 2.268928 -0.932803 2.96706 -1.384019 2.96706 1.097671 2.268928 -0.932803 2.96706 1.097671 2.268928 1.323279 2.501639 -21.23754 2.96706 -21.23754 2.96706 -18.75585 2.036217 3.579361 1.570796 3.579361 1.570796 1.323279 -0.58575 -0.698132 6.638313 -0.698132 -0.58575 -0.232711 -0.58575 -0.232711 6.638313 -0.698132 6.638313 -0.232711 -0.58575 -0.232711 6.638313 -0.232711 6.638313 0.232711 6.638313 0.698132 -0.58575 0.698132 6.638313 0.232711 6.638313 0.232711 -0.58575 0.698132 -0.58575 0.232711 6.638313 0.232711 -0.58575 0.232711 -0.58575 -0.232711 -3.802342 -0.698132 -0.653076 -0.698132 -3.802342 -0.232711 -3.802342 -0.232711 -0.653076 -0.698132 -0.653076 -0.232711 -3.802342 -0.232711 -0.653076 -0.232711 -0.653076 0.232711 -0.653076 0.698132 -3.802342 0.698132 -0.653076 0.232711 -0.653076 0.232711 -3.802342 0.698132 -3.802342 0.232711 -0.653076 0.232711 -3.802342 0.232711 -3.802342 -0.232711 0 0 0.322933 0.316232 0.007832944 0.431267 0.007832944 0.431267 0.322933 0.316232 0.38516 0.646973 0.007832944 0.431267 0.38516 0.646973 0.01399898 0.86258 0.01399898 0.86258 0.38516 0.646973 0.268393 1.276456 0.01399898 0.86258 0.268393 1.276456 0.01718795 1.293947 0.322933 0.316232 0.603086 0.704008 0.38516 0.646973 0.38516 0.646973 0.603086 0.704008 0.519493 1.256309 0.38516 0.646973 0.519493 1.256309 0.268393 1.276456 0.603086 0.704008 0.770319 1.229241 0.519493 1.256309 -16.00459 -0.785398 0.66401 -0.785398 -16.00459 -0.261799 -16.00459 -0.261799 0.66401 -0.785398 0.66401 -0.261799 -16.00459 -0.261799 0.66401 -0.261799 -16.00459 0.261799 -16.00459 0.261799 0.66401 -0.261799 0.66401 0.261799 -16.00459 0.261799 0.66401 0.261799 -16.00459 0.785398 -16.00459 0.785398 0.66401 0.261799 0.66401 0.785398 0 0 0.523599 0 0.322933 0.2412869 0.322933 0.2412869 0.523599 0 0.603086 0.537162 0.603086 0.537162 0.523599 0 1.047198 0 0.603086 0.537162 1.047198 0 1.047198 0.468959 1.047198 0.468959 1.047198 0 1.570796 0.937918 1.570796 0.937918 1.303971 0.937918 1.047198 0.468959 1.047198 0.468959 1.303971 0.937918 1.037145 0.937918 1.047198 0.468959 1.037145 0.937918 0.770319 0.937918 0.770319 0.937918 0.603086 0.537162 1.047198 0.468959 -5.174375 -0.698132 -1.974862 -0.698132 -5.174375 -0.232711 -5.174375 -0.232711 -1.974862 -0.698132 -1.974862 -0.232711 -5.174375 -0.232711 -1.974862 -0.232711 -1.974862 0.232711 -1.974862 0.698132 -5.174375 0.698132 -1.974862 0.232711 -1.974862 0.232711 -5.174375 0.698132 -5.174375 0.232711 -1.974862 0.232711 -5.174375 0.232711 -5.174375 -0.232711 0 0 0.322933 -0.2412869 0.523599 0 0.523599 0 0.322933 -0.2412869 0.603086 -0.537162 0.523599 0 0.603086 -0.537162 1.047198 -0.468959 1.047198 -0.468959 0.603086 -0.537162 0.770319 -0.937918 1.047198 -0.468959 0.770319 -0.937918 1.037145 -0.937918 1.037145 -0.937918 1.303971 -0.937918 1.047198 -0.468959 1.047198 -0.468959 1.303971 -0.937918 1.570796 0 1.570796 0 1.047198 0 1.047198 -0.468959 1.047198 -0.468959 1.047198 0 0.523599 0 5.880785 -0.400239 26.87662 -0.261799 5.343729 -0.01507896 5.343729 -0.01507896 26.87662 -0.261799 26.87662 0.261799 5.343729 -0.01507896 26.87662 0.261799 4.831145 0.38516 4.831145 0.38516 26.87662 0.261799 26.87662 0.785398 4.831145 0.38516 26.87662 0.785398 4.222329 0.785398 6.595661 -0.785398 26.87662 -0.785398 5.880785 -0.400239 5.880785 -0.400239 26.87662 -0.785398 26.87662 -0.261799 -4.286027 -0.785398 -0.378612 -0.785398 -4.286027 -0.261799 -4.286027 -0.261799 -0.378612 -0.785398 -0.378612 -0.261799 -4.286027 -0.261799 -0.378612 -0.261799 -4.286027 0.261799 -4.286027 0.261799 -0.378612 -0.261799 -0.378612 0.261799 -4.286027 0.261799 -0.378612 0.261799 -4.286027 0.785398 -4.286027 0.785398 -0.378612 0.261799 -0.378612 0.785398 -9.560826 -0.698132 -4.372603 -0.698132 -9.560826 -0.232711 -9.560826 -0.232711 -4.372603 -0.698132 -4.372603 -0.232711 -9.560826 -0.232711 -4.372603 -0.232711 -4.372603 0.232711 -4.372603 0.698132 -9.560826 0.698132 -4.372603 0.232711 -4.372603 0.232711 -9.560826 0.698132 -9.560826 0.232711 -4.372603 0.232711 -9.560826 0.232711 -9.560826 -0.232711 1.570796 -3.579361 2.036217 -3.579361 1.570796 -1.323279 1.570796 -1.323279 2.036217 -3.579361 2.268928 -1.323279 1.570796 -1.323279 2.268928 -1.323279 1.570796 0.932803 1.570796 0.932803 2.268928 -1.323279 2.268928 0.932803 1.570796 0.932803 2.268928 0.932803 1.570796 3.188885 1.570796 3.188885 2.268928 0.932803 2.268928 3.188885 1.570796 3.188885 2.268928 3.188885 1.570796 5.444967 1.570796 5.444967 2.268928 3.188885 2.268928 5.444967 1.570796 5.444967 2.268928 5.444967 1.570796 7.701048 1.570796 7.701048 2.268928 5.444967 2.268928 7.701048 1.570796 7.701048 2.268928 7.701048 1.570796 9.957131 1.570796 9.957131 2.268928 7.701048 2.268928 9.957131 1.570796 9.957131 2.268928 9.957131 1.570796 12.21321 1.570796 12.21321 2.268928 9.957131 2.268928 12.21321 1.570796 12.21321 2.268928 12.21321 1.570796 14.46929 1.570796 14.46929 2.268928 12.21321 2.268928 14.46929 1.570796 14.46929 2.268928 14.46929 1.570796 16.72538 1.570796 16.72538 2.268928 14.46929 2.268928 16.72538 1.570796 16.72538 2.268928 16.72538 1.570796 18.98146 1.570796 18.98146 2.268928 16.72538 2.268928 18.98146 1.570796 18.98146 2.268928 18.98146 2.036217 21.23754 2.036217 21.23754 2.268928 18.98146 2.501639 21.23754 2.501639 21.23754 2.268928 18.98146 2.96706 18.75585 2.501639 21.23754 2.96706 18.75585 2.96706 21.23754 2.036217 -3.579361 2.501639 -3.579361 2.268928 -1.323279 2.268928 -1.323279 2.501639 -3.579361 2.96706 -1.097671 2.268928 -1.323279 2.96706 -1.097671 2.268928 0.932803 2.268928 0.932803 2.96706 -1.097671 2.96706 1.384019 2.268928 0.932803 2.96706 1.384019 2.268928 3.188885 2.268928 3.188885 2.96706 1.384019 2.96706 3.86571 2.268928 3.188885 2.96706 3.86571 2.268928 5.444967 2.268928 5.444967 2.96706 3.86571 2.96706 6.347399 2.268928 5.444967 2.96706 6.347399 2.268928 7.701048 2.268928 7.701048 2.96706 6.347399 2.96706 8.82909 2.268928 7.701048 2.96706 8.82909 2.268928 9.957131 2.268928 9.957131 2.96706 8.82909 2.96706 11.31078 2.268928 9.957131 2.96706 11.31078 2.268928 12.21321 2.268928 12.21321 2.96706 11.31078 2.96706 13.79247 2.268928 12.21321 2.96706 13.79247 2.268928 14.46929 2.268928 14.46929 2.96706 13.79247 2.96706 16.27416 2.268928 14.46929 2.96706 16.27416 2.268928 16.72538 2.268928 16.72538 2.96706 16.27416 2.96706 18.75585 2.268928 16.72538 2.96706 18.75585 2.268928 18.98146 2.501639 -3.579361 2.96706 -3.579361 2.96706 -1.097671 2.036217 21.23754 1.570796 21.23754 1.570796 18.98146 4.081004 -0.698132 6.937836 -0.698132 4.081004 -0.232711 4.081004 -0.232711 6.937836 -0.698132 6.937836 -0.232711 4.081004 -0.232711 6.937836 -0.232711 6.937836 0.232711 6.937836 0.698132 4.081004 0.698132 6.937836 0.232711 6.937836 0.232711 4.081004 0.698132 4.081004 0.232711 6.937836 0.232711 4.081004 0.232711 4.081004 -0.232711 -1.507865 -3.925253 -1.005256 -3.925245 -1.507866 -3.340754 -1.507866 -3.340754 -1.005256 -3.925245 -1.206293 -3.048509 -1.507866 -3.340754 -1.206293 -3.048509 -1.507866 -2.756259 -1.507866 -2.756259 -1.206293 -3.048509 -1.507866 -2.171765 -1.507866 -2.171765 -1.206293 -3.048509 -1.005245 -2.171765 -1.005245 -2.171765 -1.206293 -3.048509 -0.603146 -3.048509 -1.005245 -2.171765 -0.603146 -3.048509 -0.502621 -2.171765 -0.502621 -2.171765 -0.603146 -3.048509 -7e-6 -2.756258 -0.502621 -2.171765 -7e-6 -2.756258 0 -2.171765 -1.206293 -3.048509 -1.005256 -3.925245 -0.603146 -3.048509 -0.603146 -3.048509 -1.005256 -3.925245 -0.502635 -3.925245 -0.603146 -3.048509 -0.502635 -3.925245 -1.46e-4 -3.340753 -1.46e-4 -3.340753 -0.502635 -3.925245 -1.3e-5 -3.925253 -1.46e-4 -3.340753 -7e-6 -2.756258 -0.603146 -3.048509 0 0 0 -0.261162 0.06964296 -0.518109 0.06964296 -0.518109 0 -0.261162 0 -0.522323 0.06964296 -0.518109 0 -0.522323 0 -0.783485 0.06964296 -0.518109 0 -0.783485 0.1208209 -1.040412 0.1208209 -1.040412 0 -0.783485 0.05108398 -1.043023 0.1208209 -1.040412 0.05108398 -1.043023 0.098719 -1.30386 0.098719 -1.30386 0.139626 -1.56697 0.1208209 -1.040412 -0.41556 0 -0.277044 0 -0.41556 0.446843 -0.41556 0.446843 -0.277044 0 -0.166224 0.585312 -0.41556 0.446843 -0.166224 0.585312 -0.41556 0.893685 -0.41556 0.893685 -0.166224 0.585312 -0.166224 0.911033 -0.41556 0.893685 -0.166224 0.911033 -0.166224 1.062798 -0.166224 1.062798 -0.166224 0.911033 -2e-6 0.893684 -0.166224 1.062798 -2e-6 0.893684 -3e-6 1.787365 -0.277044 0 -0.1385239 0 -0.166224 0.585312 -0.166224 0.585312 -0.1385239 0 -10e-7 0.446843 -0.166224 0.585312 -10e-7 0.446843 -2e-6 0.893684 -0.1385239 0 -4e-6 0 -10e-7 0.446843 -4e-6 2.681044 -0.166224 2.574378 -3e-6 1.787365 -3e-6 1.787365 -0.166224 2.574378 -0.166224 1.700211 -3e-6 1.787365 -0.166224 1.700211 -0.166224 1.062798 -0.166224 1.062798 -0.166224 1.700211 -0.41556 0.893685 -4e-6 2.681044 -1.2e-5 3.574697 -0.166224 2.574378 -0.166224 2.574378 -1.2e-5 3.574697 -0.1385329 3.574698 -0.166224 2.574378 -0.1385329 3.574698 -0.277054 3.574698 -0.41556 3.5747 -0.41556 2.681046 -0.277054 3.574698 -0.277054 3.574698 -0.41556 2.681046 -0.166224 2.574378 -0.41556 2.681046 -0.41556 1.787367 -0.166224 2.574378 -0.166224 2.574378 -0.41556 1.787367 -0.166224 1.700211 -0.41556 1.787367 -0.41556 0.893685 -0.166224 1.700211 -0.166224 0.911033 -0.166224 0.585312 -2e-6 0.893684 2.014743 0.397542 1.471568 0.397542 2.014743 0.1325139 2.014743 0.1325139 1.471568 0.397542 1.471568 0.1325139 2.014743 0.1325139 1.471568 0.1325139 1.471568 -0.1325139 1.471568 -0.397542 2.014743 -0.397542 1.471568 -0.1325139 1.471568 -0.1325139 2.014743 -0.397542 2.014743 -0.1325139 1.471568 -0.1325139 2.014743 -0.1325139 2.014743 0.1325139 -11.53141 -0.785398 0.231212 -0.785398 -11.53141 -0.261799 -11.53141 -0.261799 0.231212 -0.785398 0.231212 -0.261799 -11.53141 -0.261799 0.231212 -0.261799 -11.53141 0.261799 -11.53141 0.261799 0.231212 -0.261799 0.231212 0.261799 -11.53141 0.261799 0.231212 0.261799 -11.53141 0.785398 -11.53141 0.785398 0.231212 0.261799 0.231212 0.785398 -2.580071 -0.392699 0.114185 -0.392699 -2.580071 -0.1309 -2.580071 -0.1309 0.114185 -0.392699 0.588468 0 -2.580071 -0.1309 0.588468 0 -2.580071 0.1309 -2.580071 0.1309 0.588468 0 1.147922 0.392699 -2.580071 0.1309 1.147922 0.392699 -2.580071 0.392699 0 0 0.06964296 -0.479839 0.361367 -0.358093 0.361367 -0.358093 0.06964296 -0.479839 0.392699 -0.48322 0.361367 -0.358093 0.392699 -0.48322 0.659058 -0.818628 0.659058 -0.818628 0.392699 -0.48322 0.392699 -0.96544 0.659058 -0.818628 0.392699 -0.96544 0.570141 -1.451227 0.570141 -1.451227 0.392699 -0.96544 0.354884 -1.451227 0.354884 -1.451227 0.392699 -0.96544 0.1208209 -0.963562 0.354884 -1.451227 0.1208209 -0.963562 0.139626 -1.451227 0.06964296 -0.479839 0.1208209 -0.963562 0.392699 -0.48322 0.392699 -0.48322 0.1208209 -0.963562 0.392699 -0.96544 0.570141 -1.451227 0.785398 -1.451227 0.659058 -0.818628 0 0 0.361367 -0.274072 0.523599 0 0.523599 0 0.361367 -0.274072 0.523599 -0.37024 0.523599 0 0.523599 -0.37024 1.047198 -0.37024 1.047198 -0.37024 0.523599 -0.37024 0.659058 -0.626551 1.047198 -0.37024 0.659058 -0.626551 1.047198 -0.74048 1.047198 -0.74048 0.659058 -0.626551 0.785398 -1.110721 1.047198 -0.74048 0.785398 -1.110721 1.047198 -1.110721 0.361367 -0.274072 0.659058 -0.626551 0.523599 -0.37024 1.047198 -1.110721 1.308997 -1.110721 1.047198 -0.74048 1.047198 -0.74048 1.308997 -1.110721 1.570796 0 1.570796 0 1.047198 0 1.047198 -0.37024 1.047198 -0.37024 1.047198 0 0.523599 0 1.047198 -0.74048 1.570796 0 1.047198 -0.37024 0 0 0.007832944 -0.431267 0.322933 -0.316232 0.322933 -0.316232 0.007832944 -0.431267 0.38516 -0.646973 0.322933 -0.316232 0.38516 -0.646973 0.603086 -0.704008 0.603086 -0.704008 0.38516 -0.646973 0.519493 -1.256309 0.603086 -0.704008 0.519493 -1.256309 0.770319 -1.229241 0.007832944 -0.431267 0.01399898 -0.86258 0.38516 -0.646973 0.38516 -0.646973 0.01399898 -0.86258 0.519493 -1.256309 0.01399898 -0.86258 0.01718795 -1.293947 0.519493 -1.256309 0.519493 -1.256309 0.01718795 -1.293947 0.268393 -1.276456 -7.295507 3.392116 -13.90759 5.227426 -7.517643 1.91834 -7.517643 1.91834 -13.90759 5.227426 -14.31782 3.116958 -7.517643 1.91834 -14.31782 3.116958 -14.34034 0.967108 -6.648837 4.73494 -11.99018 9.056408 -7.295507 3.392116 -7.295507 3.392116 -11.99018 9.056408 -13.12312 7.229166 -7.295507 3.392116 -13.12312 7.229166 -13.90759 5.227426 -5.635092 5.827497 -8.838036 11.95495 -6.648837 4.73494 -6.648837 4.73494 -8.838036 11.95495 -10.546 10.64911 -6.648837 4.73494 -10.546 10.64911 -11.99018 9.056408 -8.838036 11.95495 -5.635092 5.827497 -6.9224 12.93102 -6.9224 12.93102 -5.635092 5.827497 -4.344348 6.572709 -6.9224 12.93102 -4.344348 6.572709 -4.862037 13.54524 -4.862037 13.54524 -4.344348 6.572709 -2.891294 6.904359 -4.862037 13.54524 -2.891294 6.904359 -2.724645 13.77743 -2.724645 13.77743 -2.891294 6.904359 -1.405039 6.792979 -2.724645 13.77743 -1.405039 6.792979 2.658477 13.8714 2.658477 13.8714 -1.405039 6.792979 -0.01764297 6.248467 2.658477 13.8714 -0.01764297 6.248467 1.147616 5.319203 1.987201 4.087759 3.618721 14.14051 1.147616 5.319203 1.147616 5.319203 3.618721 14.14051 3.156206 13.94418 1.147616 5.319203 3.156206 13.94418 2.658477 13.8714 2.426511 2.663551 4.682357 15.11351 1.987201 4.087759 1.987201 4.087759 4.682357 15.11351 4.016831 14.44798 1.987201 4.087759 4.016831 14.44798 3.618721 14.14051 4.682357 15.11351 2.426511 2.663551 4.682357 -5.167447 4.682357 -5.167447 2.426511 2.663551 2.426511 1.173128 4.682357 -5.167447 2.426511 1.173128 1.987201 -0.251079 1.987201 -0.251079 1.147616 -1.482524 4.682357 -5.167447 4.682357 -5.167447 1.147616 -1.482524 1.919397 -7.930406 1.919397 -7.930406 1.147616 -1.482524 -0.01764297 -2.411787 1.919397 -7.930406 -0.01764297 -2.411787 -1.405039 -2.9563 -1.405039 -2.9563 -2.891294 -3.067679 1.919397 -7.930406 1.919397 -7.930406 -2.891294 -3.067679 -9.728751 -9.567447 -9.728751 -9.567447 -2.891294 -3.067679 -4.344348 -2.736029 -9.728751 -9.567447 -4.344348 -2.736029 -5.635092 -1.990818 -5.635092 -1.990818 -6.648837 -0.898261 -9.728751 -9.567447 -9.728751 -9.567447 -6.648837 -0.898261 -12.29878 -7.404969 -9.728751 -9.567447 -12.29878 -7.404969 -12.16942 -8.574306 -12.29878 -7.404969 -6.648837 -0.898261 -13.97439 -1.151487 -13.97439 -1.151487 -6.648837 -0.898261 -7.295507 0.444564 -13.97439 -1.151487 -7.295507 0.444564 -7.517643 1.91834 -12.16942 -8.574306 -12.42301 -9.567447 -9.728751 -9.567447 -14.34034 0.967108 -13.97439 -1.151487 -7.517643 1.91834 5.580073 -0.981748 5.631467 -0.736311 -5.65 -0.981748 -5.65 -0.981748 5.631467 -0.736311 -5.65 -0.327249 -5.65 -0.327249 5.631467 -0.736311 5.785153 -0.490874 -5.65 -0.327249 5.785153 -0.490874 6.392511 0 -5.65 -0.327249 6.392511 0 -5.65 0.327249 -5.65 0.327249 6.392511 0 7.378807 0.490874 -5.65 0.327249 7.378807 0.490874 -5.65 0.981748 -5.65 0.981748 7.378807 0.490874 8.706139 0.981748 -1.157786 0.392699 -2.696886 0.392699 -1.157786 0.1309 -1.157786 0.1309 -2.696886 0.392699 -2.137432 0 -1.157786 0.1309 -2.137432 0 -1.157786 -0.1309 -1.157786 -0.1309 -2.137432 0 -1.663149 -0.392699 -1.157786 -0.1309 -1.663149 -0.392699 -1.157786 -0.392699 10.7 -8.133727 10.7 -8.027839 9.160901 -8.133727 9.160901 -8.133727 10.7 -8.027839 0 -8.027839 9.160901 -8.133727 0 -8.027839 7.376637 -13.73495 7.376637 -13.73495 0 -8.027839 0 -13.73495 1.157786 -0.392699 1.663149 -0.392699 1.157786 -0.1309 1.157786 -0.1309 1.663149 -0.392699 2.137432 0 1.157786 -0.1309 2.137432 0 1.157786 0.1309 1.157786 0.1309 2.137432 0 2.696886 0.392699 1.157786 0.1309 2.696886 0.392699 1.157786 0.392699 13.26735 8.127315 13.01557 9.120455 13.39671 6.957977 13.39671 6.957977 13.01557 9.120455 13.01557 -5.572718 13.39671 6.957977 13.01557 -5.572718 15.07232 0.704496 15.07232 0.704496 13.01557 -5.572718 15.43827 -1.4141 15.43827 -1.4141 13.01557 -5.572718 15.41575 -3.56395 15.41575 -3.56395 13.01557 -5.572718 15.00552 -5.674417 15.00552 -5.674417 13.01557 -5.572718 14.22104 -7.676157 14.22104 -7.676157 13.01557 -5.572718 12.7971 -7.034576 14.22104 -7.676157 12.7971 -7.034576 12.16076 -8.368682 13.26735 8.127315 13.52093 9.120455 13.01557 9.120455 14.22104 -7.676157 12.16076 -8.368682 13.08811 -9.503399 13.08811 -9.503399 12.16076 -8.368682 11.16217 -9.458448 13.08811 -9.503399 11.16217 -9.458448 11.64393 -11.09611 11.64393 -11.09611 11.16217 -9.458448 9.888605 -10.20864 11.64393 -11.09611 9.888605 -10.20864 9.935964 -12.40194 9.935964 -12.40194 9.888605 -10.20864 8.451351 -10.55369 9.935964 -12.40194 8.451351 -10.55369 8.020328 -13.37801 8.020328 -13.37801 8.451351 -10.55369 5.959965 -13.99223 5.959965 -13.99223 8.451351 -10.55369 3.822572 -14.22443 3.822572 -14.22443 8.451351 -10.55369 -5.584429 -11.78166 3.822572 -14.22443 -5.584429 -11.78166 -3.59608 -14.35392 -3.59608 -14.35392 -5.584429 -11.78166 -4.093808 -14.42671 -4.093808 -14.42671 -5.584429 -11.78166 -4.556324 -14.62303 -4.556324 -14.62303 -5.584429 -11.78166 -4.954434 -14.93051 -4.954434 -14.93051 -5.584429 -11.78166 -5.584429 -15.5605 -10.75621 -0.400239 -6.221475 -0.400239 -10.75621 -0.133413 -10.75621 -0.133413 -6.221475 -0.400239 -6.830291 0 -10.75621 -0.133413 -6.830291 0 -10.75621 0.133413 -10.75621 0.133413 -6.830291 0 -7.342875 0.400239 -10.75621 0.133413 -7.342875 0.400239 -10.75621 0.400239 -0.456758 0.8391 -0.652477 3.628778 -1.397953 0.8391 -1.397953 0.8391 -0.652477 3.628778 -2.434777 0.690316 -2.434777 0.690316 -0.652477 3.628778 -3.851991 3.628778 -2.434777 0.690316 -3.851991 3.628778 -3.26801 0.265767 -3.461159 -0.377842 -0.664624 -0.377842 -3.461159 -0.1259469 -3.461159 -0.1259469 -0.664624 -0.377842 -0.640808 -0.1259469 -3.461159 -0.1259469 -0.640808 -0.1259469 -0.640808 0.1259469 -3.461159 -0.1259469 -0.640808 0.1259469 -3.461159 0.1259469 -3.461159 0.1259469 -0.640808 0.1259469 -0.664624 0.377842 -3.461159 0.1259469 -0.664624 0.377842 -3.461159 0.377842 -5.459569 0.402528 0.189342 -12.68725 -5.237323 1.159425 -5.237323 1.159425 0.189342 -12.68725 2.143336 -11.36474 -5.237323 1.159425 2.143336 -11.36474 2.288029 12.70003 2.288029 12.70003 2.143336 -11.36474 4.288029 -10.38118 2.288029 12.70003 4.288029 -10.38118 4.565154 12.08213 4.565154 12.08213 4.288029 -10.38118 6.565154 -9.763277 4.565154 12.08213 6.565154 -9.763277 6.912847 11.84667 6.912847 11.84667 6.565154 -9.763277 8.912847 -9.527817 6.912847 11.84667 8.912847 -9.527817 14.13581 11.72059 14.13581 11.72059 8.912847 -9.527817 14.10028 -9.43727 14.13581 11.72059 14.10028 -9.43727 16.36268 9.493723 16.36268 9.493723 14.10028 -9.43727 16.36268 -7.174872 0.189342 -12.68725 -5.459569 0.402528 -1.520869 -14.31276 -1.520869 -14.31276 -5.459569 0.402528 -6.055742 -0.11406 -1.520869 -14.31276 -6.055742 -0.11406 -2.940834 -16.19712 -2.940834 -16.19712 -6.055742 -0.11406 -6.836564 -0.226325 -2.940834 -16.19712 -6.836564 -0.226325 -4.031977 -18.28913 -4.031977 -18.28913 -6.836564 -0.226325 -7.554128 0.1013759 -4.031977 -18.28913 -7.554128 0.1013759 -4.764653 -20.53196 -4.764653 -20.53196 -7.554128 0.1013759 -12.93732 -30.30504 -4.764653 -20.53196 -12.93732 -30.30504 -5.118958 -22.86467 -5.118958 -22.86467 -12.93732 -30.30504 -5.085266 -25.2239 -5.085266 -25.2239 -12.93732 -30.30504 -4.664492 -27.54555 -4.664492 -27.54555 -12.93732 -30.30504 -3.92509 -30.30504 -7.554128 0.1013759 -7.980614 0.765 -12.93732 -30.30504 -12.93732 -30.30504 -7.980614 0.765 -7.980614 1.553851 -12.93732 -30.30504 -7.980614 1.553851 -12.93732 32.62389 -12.93732 32.62389 -7.980614 1.553851 -6.764653 22.85081 -12.93732 32.62389 -6.764653 22.85081 -7.118958 25.18353 -6.764653 22.85081 -7.980614 1.553851 -6.031977 20.60798 -6.031977 20.60798 -7.980614 1.553851 -7.554128 2.217475 -6.031977 20.60798 -7.554128 2.217475 -4.940834 18.51597 -4.940834 18.51597 -7.554128 2.217475 -6.836564 2.545175 -4.940834 18.51597 -6.836564 2.545175 -6.055742 2.43291 -4.940834 18.51597 -6.055742 2.43291 -3.520869 16.63161 -3.520869 16.63161 -6.055742 2.43291 -5.459569 1.916322 -3.520869 16.63161 -5.459569 1.916322 -1.810658 15.0061 -1.810658 15.0061 -5.459569 1.916322 0.1433359 13.6836 0.1433359 13.6836 -5.459569 1.916322 -5.237323 1.159425 0.1433359 13.6836 -5.237323 1.159425 2.288029 12.70003 -5.92509 32.62389 -12.93732 32.62389 -6.664492 29.86441 -6.664492 29.86441 -12.93732 32.62389 -7.085266 27.54276 -7.085266 27.54276 -12.93732 32.62389 -7.118958 25.18353 -1.748282 -1.296583 -2.17318 -1.176294 -2.10538 -1.257753 -2.10538 -1.257753 -2.17318 -1.176294 -2.373778 -0.980245 -2.10538 -1.257753 -2.373778 -0.980245 -2.529176 -0.838502 -2.529176 -0.838502 -2.373778 -0.980245 -2.373778 -0.784196 -2.529176 -0.838502 -2.373778 -0.784196 -2.574376 -0.784196 -2.574376 -0.784196 -2.373778 -0.784196 -2.574376 -0.686172 -2.574376 -0.784196 -2.574376 -0.686172 -2.952971 -0.419251 -2.952971 -0.419251 -2.574376 -0.686172 -2.574376 -0.588147 -2.952971 -0.419251 -2.574376 -0.588147 -2.84184 -0.392098 -2.84184 -0.392098 -2.574376 -0.588147 -2.574376 -0.392098 -2.84184 -0.392098 -2.574376 -0.392098 -2.84184 -0.196049 -2.84184 -0.196049 -2.574376 -0.392098 -2.574376 -0.196049 -2.84184 -0.196049 -2.574376 -0.196049 -2.84184 0 -2.84184 0 -2.574376 -0.196049 -2.574376 0 -2.84184 0 -2.574376 0 -2.84184 0.392098 -2.84184 0.392098 -2.574376 0 -2.574376 0.392098 -2.84184 0.392098 -2.574376 0.392098 -2.952971 0.419251 -2.952971 0.419251 -2.574376 0.392098 -2.574376 0.588147 -2.952971 0.419251 -2.574376 0.588147 -2.574376 0.686172 -2.574376 0.686172 -2.574376 0.588147 -2.373778 0.588147 -2.574376 0.686172 -2.373778 0.588147 -2.373778 0.686172 -2.373778 0.686172 -2.373778 0.588147 -2.17318 0.588147 -2.373778 0.686172 -2.17318 0.588147 -2.17318 0.686172 -2.17318 0.686172 -2.17318 0.588147 -1.972582 0.588147 -2.17318 0.686172 -1.972582 0.588147 -1.972582 0.686172 -1.972582 0.686172 -1.972582 0.588147 -1.771985 0.588147 -1.972582 0.686172 -1.771985 0.588147 -1.771985 0.686172 -1.771985 0.686172 -1.771985 0.588147 -1.571387 0.588147 -1.771985 0.686172 -1.571387 0.588147 -1.571387 0.686172 -1.571387 0.686172 -1.571387 0.588147 -1.370789 0.588147 -1.571387 0.686172 -1.370789 0.588147 -1.370789 0.686172 -1.370789 0.686172 -1.370789 0.588147 -0.969594 0.588147 -1.370789 0.686172 -0.969594 0.588147 -0.969594 0.686172 -0.969594 0.686172 -0.969594 0.588147 -0.568398 0.588147 -0.969594 0.686172 -0.568398 0.588147 -0.568398 0.686172 -0.568398 0.686172 -0.568398 0.588147 -0.167203 0.588147 -0.568398 0.686172 -0.167203 0.588147 -0.167203 0.686172 -0.167203 0.686172 -0.167203 0.588147 0.2339929 0.588147 -0.167203 0.686172 0.2339929 0.588147 0.2339929 0.686172 0.2339929 0.686172 0.2339929 0.588147 0.635189 0.588147 0.2339929 0.686172 0.635189 0.588147 0.635189 0.686172 0.635189 0.686172 0.635189 0.588147 1.43758 0.588147 0.635189 0.686172 1.43758 0.588147 1.43758 0.686172 1.43758 0.686172 1.43758 0.588147 1.838775 0.588147 1.43758 0.686172 1.838775 0.588147 1.838775 0.686172 1.838775 0.686172 1.838775 0.588147 2.239971 0.588147 1.838775 0.686172 2.239971 0.588147 2.239971 0.686172 2.239971 0.686172 2.239971 0.588147 2.774898 0.588147 2.239971 0.686172 2.774898 0.588147 2.774898 0.686172 2.774898 0.686172 2.774898 0.588147 3.042362 0.698 2.774898 0.686172 3.042362 0.698 2.774898 0.784196 2.774898 0.784196 3.042362 0.698 2.278708 0.988131 2.774898 0.784196 2.278708 0.988131 2.239971 0.784196 2.239971 0.784196 2.278708 0.988131 2.239971 0.980245 2.239971 0.784196 2.239971 0.980245 1.838775 0.980245 1.838775 0.980245 2.239971 0.980245 1.515055 1.278262 1.838775 0.980245 1.515055 1.278262 1.43758 0.980245 1.43758 0.980245 1.515055 1.278262 1.43758 1.176294 1.43758 0.980245 1.43758 1.176294 0.635189 1.176294 0.635189 1.176294 1.43758 1.176294 0.751401 1.568393 0.635189 1.176294 0.751401 1.568393 0.394304 1.529562 -1.391184 -1.335413 -1.771985 -1.176294 -1.748282 -1.296583 -1.748282 -1.296583 -1.771985 -1.176294 -1.972582 -1.176294 -1.748282 -1.296583 -1.972582 -1.176294 -2.17318 -1.176294 -2.17318 -1.176294 -1.972582 -1.176294 -2.17318 -0.980245 -2.17318 -1.176294 -2.17318 -0.980245 -2.373778 -0.980245 -2.373778 -0.980245 -2.17318 -0.980245 -2.373778 -0.784196 -1.771985 -1.176294 -1.391184 -1.335413 -1.571387 -1.176294 -1.571387 -1.176294 -1.391184 -1.335413 -1.034087 -1.374243 -1.571387 -1.176294 -1.034087 -1.374243 -1.370789 -1.176294 -1.370789 -1.176294 -1.034087 -1.374243 -0.676989 -1.413073 -1.370789 -1.176294 -0.676989 -1.413073 -0.969594 -1.176294 -0.969594 -1.176294 -0.676989 -1.413073 -0.319892 -1.451903 -0.969594 -1.176294 -0.319892 -1.451903 -0.568398 -1.176294 -0.568398 -1.176294 -0.319892 -1.451903 -0.167203 -1.437693 -0.568398 -1.176294 -0.167203 -1.437693 -0.167203 -1.176294 -0.167203 -1.176294 -0.167203 -1.437693 0.2339929 -1.437693 -0.167203 -1.176294 0.2339929 -1.437693 0.2339929 -1.176294 0.2339929 -1.176294 0.2339929 -1.437693 0.635189 -1.437693 0.2339929 -1.176294 0.635189 -1.437693 0.635189 -1.176294 0.635189 -1.176294 0.635189 -1.437693 1.43758 -1.176294 0.635189 -1.176294 1.43758 -1.176294 0.635189 -0.980245 0.635189 -0.980245 1.43758 -1.176294 1.43758 -0.980245 0.635189 -0.980245 1.43758 -0.980245 0.635189 -0.784196 0.635189 -0.784196 1.43758 -0.980245 1.43758 -0.784196 0.635189 -0.784196 1.43758 -0.784196 0.635189 -0.686172 0.635189 -0.686172 1.43758 -0.784196 1.43758 -0.686172 0.635189 -0.686172 1.43758 -0.686172 0.635189 -0.588147 0.635189 -0.588147 1.43758 -0.686172 1.43758 -0.588147 0.635189 -0.588147 1.43758 -0.588147 0.635189 -0.392098 0.635189 -0.392098 1.43758 -0.588147 1.43758 -0.392098 0.635189 -0.392098 1.43758 -0.392098 0.635189 -0.196049 0.635189 -0.196049 1.43758 -0.392098 1.43758 -0.196049 0.635189 -0.196049 1.43758 -0.196049 0.635189 0 0.635189 0 1.43758 -0.196049 1.43758 0 0.635189 0 1.43758 0 0.635189 0.392098 0.635189 0.392098 1.43758 0 1.43758 0.392098 0.635189 0.392098 1.43758 0.392098 0.635189 0.588147 0.635189 0.588147 1.43758 0.392098 1.43758 0.588147 -0.319892 -1.451903 0.03720599 -1.490733 -0.167203 -1.437693 -0.167203 -1.437693 0.03720599 -1.490733 0.394304 -1.529562 -0.167203 -1.437693 0.394304 -1.529562 0.2339929 -1.437693 0.2339929 -1.437693 0.394304 -1.529562 0.572853 -1.548977 0.2339929 -1.437693 0.572853 -1.548977 0.635189 -1.437693 0.635189 -1.437693 0.572853 -1.548977 0.751401 -1.568393 0.635189 -1.437693 0.751401 -1.568393 1.515055 -1.278262 2.278708 -0.988131 1.838775 -0.980245 1.515055 -1.278262 1.515055 -1.278262 1.838775 -0.980245 1.43758 -1.176294 1.515055 -1.278262 1.43758 -1.176294 0.635189 -1.437693 3.042362 -0.698 2.774898 -0.784196 2.278708 -0.988131 2.278708 -0.988131 2.774898 -0.784196 2.239971 -0.784196 2.278708 -0.988131 2.239971 -0.784196 2.239971 -0.980245 2.239971 -0.980245 2.239971 -0.784196 1.838775 -0.784196 2.239971 -0.980245 1.838775 -0.784196 1.838775 -0.980245 1.838775 -0.980245 1.838775 -0.784196 1.43758 -0.784196 1.838775 -0.980245 1.43758 -0.784196 1.43758 -0.980245 3.042362 -0.349 2.774898 -0.588147 3.042362 -0.698 3.042362 -0.698 2.774898 -0.588147 2.774898 -0.686172 3.042362 -0.698 2.774898 -0.686172 2.774898 -0.784196 2.774898 -0.784196 2.774898 -0.686172 2.239971 -0.686172 2.774898 -0.784196 2.239971 -0.686172 2.239971 -0.784196 2.239971 -0.784196 2.239971 -0.686172 1.838775 -0.686172 2.239971 -0.784196 1.838775 -0.686172 1.838775 -0.784196 1.838775 -0.784196 1.838775 -0.686172 1.43758 -0.686172 1.838775 -0.784196 1.43758 -0.686172 1.43758 -0.784196 3.042362 0 2.774898 -0.196049 3.042362 -0.349 3.042362 -0.349 2.774898 -0.196049 2.774898 -0.392098 3.042362 -0.349 2.774898 -0.392098 2.774898 -0.588147 2.774898 -0.588147 2.774898 -0.392098 2.239971 -0.392098 2.774898 -0.588147 2.239971 -0.392098 2.239971 -0.588147 2.239971 -0.588147 2.239971 -0.392098 1.838775 -0.392098 2.239971 -0.588147 1.838775 -0.392098 1.838775 -0.588147 1.838775 -0.588147 1.838775 -0.392098 1.43758 -0.392098 1.838775 -0.588147 1.43758 -0.392098 1.43758 -0.588147 2.774898 -0.196049 3.042362 0 2.774898 0 2.774898 0 3.042362 0 3.042362 0.349 2.774898 0 3.042362 0.349 2.774898 0.392098 2.774898 0.392098 3.042362 0.349 2.774898 0.588147 2.774898 0.392098 2.774898 0.588147 2.239971 0.588147 3.042362 0.349 3.042362 0.698 2.774898 0.588147 2.278708 0.988131 1.515055 1.278262 2.239971 0.980245 1.515055 1.278262 0.751401 1.568393 1.43758 1.176294 0.394304 1.529562 0.03720599 1.490733 0.635189 1.176294 0.635189 1.176294 0.03720599 1.490733 0.2339929 1.176294 0.635189 1.176294 0.2339929 1.176294 0.635189 0.980245 0.635189 0.980245 0.2339929 1.176294 0.2339929 0.980245 0.635189 0.980245 0.2339929 0.980245 0.635189 0.784196 0.635189 0.784196 0.2339929 0.980245 0.2339929 0.784196 0.635189 0.784196 0.2339929 0.784196 0.635189 0.686172 0.635189 0.686172 0.2339929 0.784196 0.2339929 0.686172 0.03720599 1.490733 -0.319892 1.451903 0.2339929 1.176294 0.2339929 1.176294 -0.319892 1.451903 -0.167203 1.176294 0.2339929 1.176294 -0.167203 1.176294 0.2339929 0.980245 0.2339929 0.980245 -0.167203 1.176294 -0.167203 0.980245 0.2339929 0.980245 -0.167203 0.980245 0.2339929 0.784196 0.2339929 0.784196 -0.167203 0.980245 -0.167203 0.784196 0.2339929 0.784196 -0.167203 0.784196 0.2339929 0.686172 0.2339929 0.686172 -0.167203 0.784196 -0.167203 0.686172 -0.319892 1.451903 -0.676989 1.413073 -0.167203 1.176294 -0.167203 1.176294 -0.676989 1.413073 -0.568398 1.176294 -0.167203 1.176294 -0.568398 1.176294 -0.167203 0.980245 -0.167203 0.980245 -0.568398 1.176294 -0.568398 0.980245 -0.167203 0.980245 -0.568398 0.980245 -0.167203 0.784196 -0.167203 0.784196 -0.568398 0.980245 -0.568398 0.784196 -0.167203 0.784196 -0.568398 0.784196 -0.167203 0.686172 -0.167203 0.686172 -0.568398 0.784196 -0.568398 0.686172 -0.676989 1.413073 -1.034087 1.374243 -0.568398 1.176294 -0.568398 1.176294 -1.034087 1.374243 -0.969594 1.176294 -0.568398 1.176294 -0.969594 1.176294 -0.568398 0.980245 -0.568398 0.980245 -0.969594 1.176294 -0.969594 0.980245 -0.568398 0.980245 -0.969594 0.980245 -0.568398 0.784196 -0.568398 0.784196 -0.969594 0.980245 -0.969594 0.784196 -0.568398 0.784196 -0.969594 0.784196 -0.568398 0.686172 -0.568398 0.686172 -0.969594 0.784196 -0.969594 0.686172 -0.969594 1.176294 -1.034087 1.374243 -1.370789 1.176294 -1.370789 1.176294 -1.034087 1.374243 -1.391184 1.335413 -1.370789 1.176294 -1.391184 1.335413 -1.571387 1.176294 -1.571387 1.176294 -1.391184 1.335413 -1.748282 1.296583 -1.571387 1.176294 -1.748282 1.296583 -1.771985 1.176294 -1.771985 1.176294 -1.748282 1.296583 -1.972582 1.176294 -1.771985 1.176294 -1.972582 1.176294 -1.771985 0.980245 -1.771985 0.980245 -1.972582 1.176294 -1.972582 0.980245 -1.771985 0.980245 -1.972582 0.980245 -1.771985 0.784196 -1.771985 0.784196 -1.972582 0.980245 -1.972582 0.784196 -1.771985 0.784196 -1.972582 0.784196 -1.771985 0.686172 -1.771985 0.686172 -1.972582 0.784196 -1.972582 0.686172 -1.748282 1.296583 -2.10538 1.257753 -1.972582 1.176294 -1.972582 1.176294 -2.10538 1.257753 -2.17318 1.176294 -1.972582 1.176294 -2.17318 1.176294 -1.972582 0.980245 -1.972582 0.980245 -2.17318 1.176294 -2.17318 0.980245 -1.972582 0.980245 -2.17318 0.980245 -1.972582 0.784196 -1.972582 0.784196 -2.17318 0.980245 -2.17318 0.784196 -1.972582 0.784196 -2.17318 0.784196 -1.972582 0.686172 -1.972582 0.686172 -2.17318 0.784196 -2.17318 0.686172 -2.17318 1.176294 -2.10538 1.257753 -2.373778 0.980245 -2.373778 0.980245 -2.10538 1.257753 -2.529176 0.838502 -2.373778 0.980245 -2.529176 0.838502 -2.373778 0.784196 -2.373778 0.784196 -2.529176 0.838502 -2.574376 0.784196 -2.373778 0.784196 -2.574376 0.784196 -2.373778 0.686172 -2.373778 0.686172 -2.574376 0.784196 -2.574376 0.686172 -2.529176 0.838502 -2.952971 0.419251 -2.574376 0.784196 -2.574376 0.784196 -2.952971 0.419251 -2.574376 0.686172 -2.84184 0.392098 -2.952971 0.419251 -3.109303 0 -3.109303 0 -2.952971 0.419251 -3.376767 0 -3.109303 0 -3.376767 0 -3.109303 -0.196049 -3.109303 -0.196049 -3.376767 0 -2.952971 -0.419251 -3.109303 -0.196049 -2.952971 -0.419251 -2.84184 -0.392098 -2.952971 -0.419251 -2.529176 -0.838502 -2.574376 -0.784196 0.2339929 -1.176294 0.635189 -1.176294 0.2339929 -0.980245 0.2339929 -0.980245 0.635189 -1.176294 0.635189 -0.980245 0.2339929 -0.980245 0.635189 -0.980245 0.2339929 -0.784196 0.2339929 -0.784196 0.635189 -0.980245 0.635189 -0.784196 0.2339929 -0.784196 0.635189 -0.784196 0.2339929 -0.686172 0.2339929 -0.686172 0.635189 -0.784196 0.635189 -0.686172 0.2339929 -0.686172 0.635189 -0.686172 0.2339929 -0.588147 0.2339929 -0.588147 0.635189 -0.686172 0.635189 -0.588147 0.2339929 -0.588147 0.635189 -0.588147 0.2339929 -0.392098 0.2339929 -0.392098 0.635189 -0.588147 0.635189 -0.392098 0.2339929 -0.392098 0.635189 -0.392098 0.2339929 -0.196049 0.2339929 -0.196049 0.635189 -0.392098 0.635189 -0.196049 0.2339929 -0.196049 0.635189 -0.196049 0.2339929 0 0.2339929 0 0.635189 -0.196049 0.635189 0 0.2339929 0 0.635189 0 0.2339929 0.392098 0.2339929 0.392098 0.635189 0 0.635189 0.392098 0.2339929 0.392098 0.635189 0.392098 0.2339929 0.588147 0.2339929 0.588147 0.635189 0.392098 0.635189 0.588147 -0.167203 -1.176294 0.2339929 -1.176294 -0.167203 -0.980245 -0.167203 -0.980245 0.2339929 -1.176294 0.2339929 -0.980245 -0.167203 -0.980245 0.2339929 -0.980245 -0.167203 -0.784196 -0.167203 -0.784196 0.2339929 -0.980245 0.2339929 -0.784196 -0.167203 -0.784196 0.2339929 -0.784196 -0.167203 -0.686172 -0.167203 -0.686172 0.2339929 -0.784196 0.2339929 -0.686172 -0.167203 -0.686172 0.2339929 -0.686172 -0.167203 -0.588147 -0.167203 -0.588147 0.2339929 -0.686172 0.2339929 -0.588147 -0.167203 -0.588147 0.2339929 -0.588147 -0.167203 -0.392098 -0.167203 -0.392098 0.2339929 -0.588147 0.2339929 -0.392098 -0.167203 -0.392098 0.2339929 -0.392098 -0.167203 -0.196049 -0.167203 -0.196049 0.2339929 -0.392098 0.2339929 -0.196049 -0.167203 -0.196049 0.2339929 -0.196049 -0.167203 0 -0.167203 0 0.2339929 -0.196049 0.2339929 0 -0.167203 0 0.2339929 0 -0.167203 0.392098 -0.167203 0.392098 0.2339929 0 0.2339929 0.392098 -0.167203 0.392098 0.2339929 0.392098 -0.167203 0.588147 -0.167203 0.588147 0.2339929 0.392098 0.2339929 0.588147 -0.568398 -1.176294 -0.167203 -1.176294 -0.568398 -0.980245 -0.568398 -0.980245 -0.167203 -1.176294 -0.167203 -0.980245 -0.568398 -0.980245 -0.167203 -0.980245 -0.568398 -0.784196 -0.568398 -0.784196 -0.167203 -0.980245 -0.167203 -0.784196 -0.568398 -0.784196 -0.167203 -0.784196 -0.568398 -0.686172 -0.568398 -0.686172 -0.167203 -0.784196 -0.167203 -0.686172 -0.568398 -0.686172 -0.167203 -0.686172 -0.568398 -0.588147 -0.568398 -0.588147 -0.167203 -0.686172 -0.167203 -0.588147 -0.568398 -0.588147 -0.167203 -0.588147 -0.568398 -0.392098 -0.568398 -0.392098 -0.167203 -0.588147 -0.167203 -0.392098 -0.568398 -0.392098 -0.167203 -0.392098 -0.568398 -0.196049 -0.568398 -0.196049 -0.167203 -0.392098 -0.167203 -0.196049 -0.568398 -0.196049 -0.167203 -0.196049 -0.568398 0 -0.568398 0 -0.167203 -0.196049 -0.167203 0 -0.568398 0 -0.167203 0 -0.568398 0.392098 -0.568398 0.392098 -0.167203 0 -0.167203 0.392098 -0.568398 0.392098 -0.167203 0.392098 -0.568398 0.588147 -0.568398 0.588147 -0.167203 0.392098 -0.167203 0.588147 -0.969594 -1.176294 -0.568398 -1.176294 -0.969594 -0.980245 -0.969594 -0.980245 -0.568398 -1.176294 -0.568398 -0.980245 -0.969594 -0.980245 -0.568398 -0.980245 -0.969594 -0.784196 -0.969594 -0.784196 -0.568398 -0.980245 -0.568398 -0.784196 -0.969594 -0.784196 -0.568398 -0.784196 -0.969594 -0.686172 -0.969594 -0.686172 -0.568398 -0.784196 -0.568398 -0.686172 -0.969594 -0.686172 -0.568398 -0.686172 -0.969594 -0.588147 -0.969594 -0.588147 -0.568398 -0.686172 -0.568398 -0.588147 -0.969594 -0.588147 -0.568398 -0.588147 -0.969594 -0.392098 -0.969594 -0.392098 -0.568398 -0.588147 -0.568398 -0.392098 -0.969594 -0.392098 -0.568398 -0.392098 -0.969594 -0.196049 -0.969594 -0.196049 -0.568398 -0.392098 -0.568398 -0.196049 -0.969594 -0.196049 -0.568398 -0.196049 -0.969594 0 -0.969594 0 -0.568398 -0.196049 -0.568398 0 -0.969594 0 -0.568398 0 -0.969594 0.392098 -0.969594 0.392098 -0.568398 0 -0.568398 0.392098 -0.969594 0.392098 -0.568398 0.392098 -0.969594 0.588147 -0.969594 0.588147 -0.568398 0.392098 -0.568398 0.588147 -1.370789 -1.176294 -0.969594 -1.176294 -1.370789 -0.980245 -1.370789 -0.980245 -0.969594 -1.176294 -0.969594 -0.980245 -1.370789 -0.980245 -0.969594 -0.980245 -1.370789 -0.784196 -1.370789 -0.784196 -0.969594 -0.980245 -0.969594 -0.784196 -1.370789 -0.784196 -0.969594 -0.784196 -1.370789 -0.686172 -1.370789 -0.686172 -0.969594 -0.784196 -0.969594 -0.686172 -1.370789 -0.686172 -0.969594 -0.686172 -1.370789 -0.588147 -1.370789 -0.588147 -0.969594 -0.686172 -0.969594 -0.588147 -1.370789 -0.588147 -0.969594 -0.588147 -1.370789 -0.392098 -1.370789 -0.392098 -0.969594 -0.588147 -0.969594 -0.392098 -1.370789 -0.392098 -0.969594 -0.392098 -1.370789 -0.196049 -1.370789 -0.196049 -0.969594 -0.392098 -0.969594 -0.196049 -1.370789 -0.196049 -0.969594 -0.196049 -1.370789 0 -1.370789 0 -0.969594 -0.196049 -0.969594 0 -1.370789 0 -0.969594 0 -1.370789 0.392098 -1.370789 0.392098 -0.969594 0 -0.969594 0.392098 -1.370789 0.392098 -0.969594 0.392098 -1.370789 0.588147 -1.370789 0.588147 -0.969594 0.392098 -0.969594 0.588147 -1.571387 -1.176294 -1.370789 -1.176294 -1.571387 -0.980245 -1.571387 -0.980245 -1.370789 -1.176294 -1.370789 -0.980245 -1.571387 -0.980245 -1.370789 -0.980245 -1.571387 -0.784196 -1.571387 -0.784196 -1.370789 -0.980245 -1.370789 -0.784196 -1.571387 -0.784196 -1.370789 -0.784196 -1.571387 -0.686172 -1.571387 -0.686172 -1.370789 -0.784196 -1.370789 -0.686172 -1.571387 -0.686172 -1.370789 -0.686172 -1.571387 -0.588147 -1.571387 -0.588147 -1.370789 -0.686172 -1.370789 -0.588147 -1.571387 -0.588147 -1.370789 -0.588147 -1.571387 -0.392098 -1.571387 -0.392098 -1.370789 -0.588147 -1.370789 -0.392098 -1.571387 -0.392098 -1.370789 -0.392098 -1.571387 -0.196049 -1.571387 -0.196049 -1.370789 -0.392098 -1.370789 -0.196049 -1.571387 -0.196049 -1.370789 -0.196049 -1.571387 0 -1.571387 0 -1.370789 -0.196049 -1.370789 0 -1.571387 0 -1.370789 0 -1.571387 0.392098 -1.571387 0.392098 -1.370789 0 -1.370789 0.392098 -1.571387 0.392098 -1.370789 0.392098 -1.571387 0.588147 -1.571387 0.588147 -1.370789 0.392098 -1.370789 0.588147 -1.771985 -1.176294 -1.571387 -1.176294 -1.771985 -0.980245 -1.771985 -0.980245 -1.571387 -1.176294 -1.571387 -0.980245 -1.771985 -0.980245 -1.571387 -0.980245 -1.771985 -0.784196 -1.771985 -0.784196 -1.571387 -0.980245 -1.571387 -0.784196 -1.771985 -0.784196 -1.571387 -0.784196 -1.771985 -0.686172 -1.771985 -0.686172 -1.571387 -0.784196 -1.571387 -0.686172 -1.771985 -0.686172 -1.571387 -0.686172 -1.771985 -0.588147 -1.771985 -0.588147 -1.571387 -0.686172 -1.571387 -0.588147 -1.771985 -0.588147 -1.571387 -0.588147 -1.771985 -0.392098 -1.771985 -0.392098 -1.571387 -0.588147 -1.571387 -0.392098 -1.771985 -0.392098 -1.571387 -0.392098 -1.771985 -0.196049 -1.771985 -0.196049 -1.571387 -0.392098 -1.571387 -0.196049 -1.771985 -0.196049 -1.571387 -0.196049 -1.771985 0 -1.771985 0 -1.571387 -0.196049 -1.571387 0 -1.771985 0 -1.571387 0 -1.771985 0.392098 -1.771985 0.392098 -1.571387 0 -1.571387 0.392098 -1.771985 0.392098 -1.571387 0.392098 -1.771985 0.588147 -1.771985 0.588147 -1.571387 0.392098 -1.571387 0.588147 -1.972582 -1.176294 -1.771985 -1.176294 -1.972582 -0.980245 -1.972582 -0.980245 -1.771985 -1.176294 -1.771985 -0.980245 -1.972582 -0.980245 -1.771985 -0.980245 -1.972582 -0.784196 -1.972582 -0.784196 -1.771985 -0.980245 -1.771985 -0.784196 -1.972582 -0.784196 -1.771985 -0.784196 -1.972582 -0.686172 -1.972582 -0.686172 -1.771985 -0.784196 -1.771985 -0.686172 -1.972582 -0.686172 -1.771985 -0.686172 -1.972582 -0.588147 -1.972582 -0.588147 -1.771985 -0.686172 -1.771985 -0.588147 -1.972582 -0.588147 -1.771985 -0.588147 -1.972582 -0.392098 -1.972582 -0.392098 -1.771985 -0.588147 -1.771985 -0.392098 -1.972582 -0.392098 -1.771985 -0.392098 -1.972582 -0.196049 -1.972582 -0.196049 -1.771985 -0.392098 -1.771985 -0.196049 -1.972582 -0.196049 -1.771985 -0.196049 -1.972582 0 -1.972582 0 -1.771985 -0.196049 -1.771985 0 -1.972582 0 -1.771985 0 -1.972582 0.392098 -1.972582 0.392098 -1.771985 0 -1.771985 0.392098 -1.972582 0.392098 -1.771985 0.392098 -1.972582 0.588147 -1.972582 0.588147 -1.771985 0.392098 -1.771985 0.588147 2.239971 -0.980245 1.838775 -0.980245 2.278708 -0.988131 1.838775 -0.980245 1.43758 -0.980245 1.43758 -1.176294 -1.972582 -1.176294 -1.972582 -0.980245 -2.17318 -0.980245 -2.17318 -0.980245 -1.972582 -0.980245 -2.17318 -0.784196 -2.17318 -0.980245 -2.17318 -0.784196 -2.373778 -0.784196 -2.373778 -0.784196 -2.17318 -0.784196 -2.373778 -0.686172 -2.373778 -0.784196 -2.373778 -0.686172 -2.574376 -0.686172 -2.574376 -0.686172 -2.373778 -0.686172 -2.574376 -0.588147 -2.17318 -0.784196 -1.972582 -0.980245 -1.972582 -0.784196 2.774898 -0.588147 2.239971 -0.588147 2.774898 -0.686172 2.774898 -0.686172 2.239971 -0.588147 2.239971 -0.686172 1.43758 -0.588147 1.43758 -0.686172 1.838775 -0.686172 2.239971 -0.588147 1.838775 -0.588147 2.239971 -0.686172 2.239971 -0.686172 1.838775 -0.588147 1.838775 -0.686172 1.838775 -0.588147 1.43758 -0.588147 1.838775 -0.686172 -2.17318 -0.784196 -1.972582 -0.784196 -2.17318 -0.686172 -2.17318 -0.686172 -1.972582 -0.784196 -1.972582 -0.686172 -2.17318 -0.686172 -1.972582 -0.686172 -2.17318 -0.588147 -2.17318 -0.588147 -1.972582 -0.686172 -1.972582 -0.588147 -2.17318 -0.588147 -1.972582 -0.588147 -2.17318 -0.392098 -2.17318 -0.392098 -1.972582 -0.588147 -1.972582 -0.392098 -2.17318 -0.392098 -1.972582 -0.392098 -2.17318 -0.196049 -2.17318 -0.196049 -1.972582 -0.392098 -1.972582 -0.196049 -2.17318 -0.196049 -1.972582 -0.196049 -2.17318 0 -2.17318 0 -1.972582 -0.196049 -1.972582 0 -2.17318 0 -1.972582 0 -2.17318 0.392098 -2.17318 0.392098 -1.972582 0 -1.972582 0.392098 -2.17318 0.392098 -1.972582 0.392098 -2.17318 0.588147 -2.17318 0.588147 -1.972582 0.392098 -1.972582 0.588147 -2.17318 -0.784196 -2.17318 -0.686172 -2.373778 -0.686172 -2.373778 -0.686172 -2.17318 -0.686172 -2.373778 -0.588147 -2.373778 -0.686172 -2.373778 -0.588147 -2.574376 -0.588147 -2.574376 -0.588147 -2.373778 -0.588147 -2.574376 -0.392098 -2.373778 -0.588147 -2.17318 -0.686172 -2.17318 -0.588147 2.239971 -0.392098 2.774898 -0.392098 2.239971 -0.196049 2.239971 -0.196049 2.774898 -0.392098 2.774898 -0.196049 2.239971 -0.196049 2.774898 -0.196049 2.239971 0 2.239971 0 2.774898 -0.196049 2.774898 0 2.239971 0 2.774898 0 2.239971 0.392098 2.239971 0.392098 2.774898 0 2.774898 0.392098 2.239971 0.392098 2.774898 0.392098 2.239971 0.588147 1.838775 -0.392098 2.239971 -0.392098 1.838775 -0.196049 1.838775 -0.196049 2.239971 -0.392098 2.239971 -0.196049 1.838775 -0.196049 2.239971 -0.196049 1.838775 0 1.838775 0 2.239971 -0.196049 2.239971 0 1.838775 0 2.239971 0 1.838775 0.392098 1.838775 0.392098 2.239971 0 2.239971 0.392098 1.838775 0.392098 2.239971 0.392098 1.838775 0.588147 1.838775 0.588147 2.239971 0.392098 2.239971 0.588147 1.43758 -0.392098 1.838775 -0.392098 1.43758 -0.196049 1.43758 -0.196049 1.838775 -0.392098 1.838775 -0.196049 1.43758 -0.196049 1.838775 -0.196049 1.43758 0 1.43758 0 1.838775 -0.196049 1.838775 0 1.43758 0 1.838775 0 1.43758 0.392098 1.43758 0.392098 1.838775 0 1.838775 0.392098 1.43758 0.392098 1.838775 0.392098 1.43758 0.588147 1.43758 0.588147 1.838775 0.392098 1.838775 0.588147 -2.17318 -0.196049 -2.373778 -0.196049 -2.17318 -0.392098 -2.17318 -0.392098 -2.373778 -0.196049 -2.373778 -0.392098 -2.17318 -0.392098 -2.373778 -0.392098 -2.17318 -0.588147 -2.17318 -0.588147 -2.373778 -0.392098 -2.373778 -0.588147 -2.373778 -0.196049 -2.574376 -0.196049 -2.373778 -0.392098 -2.373778 -0.392098 -2.574376 -0.196049 -2.574376 -0.392098 -2.373778 -0.392098 -2.574376 -0.392098 -2.373778 -0.588147 -2.373778 -0.196049 -2.17318 -0.196049 -2.373778 0 -2.373778 0 -2.17318 -0.196049 -2.17318 0 -2.373778 0 -2.17318 0 -2.373778 0.392098 -2.373778 0.392098 -2.17318 0 -2.17318 0.392098 -2.373778 0.392098 -2.17318 0.392098 -2.373778 0.588147 -2.373778 0.588147 -2.17318 0.392098 -2.17318 0.588147 -2.574376 -0.196049 -2.373778 -0.196049 -2.574376 0 -2.574376 0 -2.373778 -0.196049 -2.373778 0 -2.574376 0 -2.373778 0 -2.574376 0.392098 -2.574376 0.392098 -2.373778 0 -2.373778 0.392098 -2.574376 0.392098 -2.373778 0.392098 -2.574376 0.588147 -2.574376 0.588147 -2.373778 0.392098 -2.373778 0.588147 -3.109303 0 -3.109303 -0.196049 -2.84184 -0.196049 -2.84184 -0.196049 -3.109303 -0.196049 -2.84184 -0.392098 -3.109303 0 -2.84184 -0.196049 -2.84184 0 -3.109303 0 -2.84184 0 -2.84184 0.392098 -2.373778 0.686172 -2.17318 0.686172 -2.373778 0.784196 -2.373778 0.784196 -2.17318 0.686172 -2.17318 0.784196 -2.373778 0.784196 -2.17318 0.784196 -2.373778 0.980245 -2.373778 0.980245 -2.17318 0.784196 -2.17318 0.980245 -2.373778 0.980245 -2.17318 0.980245 -2.17318 1.176294 -1.771985 0.686172 -1.571387 0.686172 -1.771985 0.784196 -1.771985 0.784196 -1.571387 0.686172 -1.571387 0.784196 -1.771985 0.784196 -1.571387 0.784196 -1.771985 0.980245 -1.771985 0.980245 -1.571387 0.784196 -1.571387 0.980245 -1.771985 0.980245 -1.571387 0.980245 -1.771985 1.176294 -1.771985 1.176294 -1.571387 0.980245 -1.571387 1.176294 -1.571387 0.686172 -1.370789 0.686172 -1.571387 0.784196 -1.571387 0.784196 -1.370789 0.686172 -1.370789 0.784196 -1.571387 0.784196 -1.370789 0.784196 -1.571387 0.980245 -1.571387 0.980245 -1.370789 0.784196 -1.370789 0.980245 -1.571387 0.980245 -1.370789 0.980245 -1.571387 1.176294 -1.571387 1.176294 -1.370789 0.980245 -1.370789 1.176294 -1.370789 0.686172 -0.969594 0.686172 -1.370789 0.784196 -1.370789 0.784196 -0.969594 0.686172 -0.969594 0.784196 -1.370789 0.784196 -0.969594 0.784196 -1.370789 0.980245 -1.370789 0.980245 -0.969594 0.784196 -0.969594 0.980245 -1.370789 0.980245 -0.969594 0.980245 -1.370789 1.176294 -1.370789 1.176294 -0.969594 0.980245 -0.969594 1.176294 0.635189 0.686172 1.43758 0.686172 0.635189 0.784196 0.635189 0.784196 1.43758 0.686172 1.43758 0.784196 0.635189 0.784196 1.43758 0.784196 0.635189 0.980245 0.635189 0.980245 1.43758 0.784196 1.43758 0.980245 0.635189 0.980245 1.43758 0.980245 0.635189 1.176294 1.43758 0.686172 1.838775 0.686172 1.43758 0.784196 1.43758 0.784196 1.838775 0.686172 1.838775 0.784196 1.43758 0.784196 1.838775 0.784196 1.43758 0.980245 1.43758 0.980245 1.838775 0.784196 1.838775 0.980245 1.838775 0.686172 2.239971 0.686172 1.838775 0.784196 1.838775 0.784196 2.239971 0.686172 2.239971 0.784196 1.838775 0.784196 2.239971 0.784196 1.838775 0.980245 2.774898 0.784196 2.239971 0.784196 2.774898 0.686172 2.774898 0.686172 2.239971 0.784196 2.239971 0.686172 1.515055 1.278262 0.751401 1.568393 0.635189 1.437693 0.635189 1.437693 0.751401 1.568393 0.572853 1.548977 0.635189 1.437693 0.572853 1.548977 0.394304 1.529562 0.635189 1.437693 0.394304 1.529562 0.2339929 1.437693 0.2339929 1.437693 0.394304 1.529562 0.03720599 1.490733 0.2339929 1.437693 0.03720599 1.490733 -0.167203 1.437693 -0.167203 1.437693 0.03720599 1.490733 -0.319892 1.451903 -0.167203 1.437693 -0.319892 1.451903 -0.676989 1.413073 -1.034087 1.374243 -0.969594 1.176294 -0.676989 1.413073 -0.676989 1.413073 -0.969594 1.176294 -0.568398 1.176294 -0.676989 1.413073 -0.568398 1.176294 -0.167203 1.437693 -0.167203 1.437693 -0.568398 1.176294 -0.167203 1.176294 -0.167203 1.437693 -0.167203 1.176294 0.2339929 1.176294 0.2339929 1.176294 -0.167203 1.176294 0.2339929 0.980245 0.2339929 1.176294 0.2339929 0.980245 0.635189 0.980245 0.635189 0.980245 0.2339929 0.980245 0.635189 0.784196 0.635189 0.980245 0.635189 0.784196 1.43758 0.784196 1.43758 0.784196 0.635189 0.784196 1.43758 0.686172 1.43758 0.784196 1.43758 0.686172 1.838775 0.686172 1.838775 0.686172 1.43758 0.686172 1.838775 0.588147 1.838775 0.686172 1.838775 0.588147 2.239971 0.588147 2.239971 0.588147 1.838775 0.588147 2.239971 0.392098 2.239971 0.588147 2.239971 0.392098 2.774898 0.392098 2.774898 0.392098 2.239971 0.392098 2.774898 0 2.774898 0.392098 2.774898 0 3.042362 0.349 3.042362 0.349 2.774898 0 3.042362 0 3.042362 0 2.774898 0 2.774898 -0.196049 3.042362 0 2.774898 -0.196049 3.042362 -0.349 3.042362 -0.349 2.774898 -0.196049 2.774898 -0.392098 3.042362 -0.349 2.774898 -0.392098 2.774898 -0.588147 2.774898 -0.588147 2.774898 -0.392098 2.239971 -0.392098 2.774898 -0.588147 2.239971 -0.392098 2.239971 -0.588147 2.239971 -0.588147 2.239971 -0.392098 1.838775 -0.392098 2.239971 -0.588147 1.838775 -0.392098 1.838775 -0.588147 1.838775 -0.588147 1.838775 -0.392098 1.43758 -0.392098 1.838775 -0.588147 1.43758 -0.392098 1.43758 -0.588147 1.43758 -0.588147 1.43758 -0.392098 0.635189 -0.392098 1.43758 -0.588147 0.635189 -0.392098 0.635189 -0.588147 0.635189 -0.588147 0.635189 -0.392098 0.2339929 -0.392098 0.635189 -0.588147 0.2339929 -0.392098 0.2339929 -0.588147 0.2339929 -0.588147 0.2339929 -0.392098 -0.167203 -0.392098 0.2339929 -0.588147 -0.167203 -0.392098 -0.167203 -0.588147 -0.167203 -0.588147 -0.167203 -0.392098 -0.568398 -0.392098 -0.167203 -0.588147 -0.568398 -0.392098 -0.568398 -0.588147 -0.568398 -0.588147 -0.568398 -0.392098 -0.969594 -0.392098 -0.568398 -0.588147 -0.969594 -0.392098 -0.969594 -0.588147 -0.969594 -0.588147 -0.969594 -0.392098 -1.370789 -0.392098 -0.969594 -0.588147 -1.370789 -0.392098 -1.370789 -0.588147 -1.370789 -0.588147 -1.370789 -0.392098 -1.771985 -0.392098 -1.370789 -0.588147 -1.771985 -0.392098 -1.771985 -0.588147 -1.771985 -0.588147 -1.771985 -0.392098 -1.972582 -0.392098 -1.771985 -0.588147 -1.972582 -0.392098 -1.972582 -0.588147 -1.972582 -0.588147 -1.972582 -0.392098 -2.17318 -0.392098 -1.972582 -0.588147 -2.17318 -0.392098 -2.17318 -0.588147 -2.17318 -0.588147 -2.17318 -0.392098 -2.574376 -0.392098 -2.17318 -0.588147 -2.574376 -0.392098 -2.574376 -0.588147 -2.574376 -0.588147 -2.574376 -0.392098 -2.84184 -0.392098 -2.574376 -0.588147 -2.84184 -0.392098 -2.952971 -0.419251 -2.952971 -0.419251 -2.84184 -0.392098 -3.109303 -0.196049 -2.952971 -0.419251 -3.109303 -0.196049 -3.376767 0 -3.376767 0 -3.109303 -0.196049 -3.109303 0 -3.376767 0 -3.109303 0 -2.952971 0.419251 -2.952971 0.419251 -3.109303 0 -2.84184 0.392098 -2.952971 0.419251 -2.84184 0.392098 -2.574376 0.392098 -2.574376 0.392098 -2.84184 0.392098 -2.574376 0 -2.574376 0.392098 -2.574376 0 -2.17318 0 -2.17318 0 -2.574376 0 -2.17318 -0.196049 -2.17318 0 -2.17318 -0.196049 -1.972582 -0.196049 -1.972582 -0.196049 -2.17318 -0.196049 -1.972582 -0.392098 -1.972582 -0.196049 -1.972582 -0.392098 -1.771985 -0.392098 -1.034087 1.374243 -1.391184 1.335413 -0.969594 1.176294 -0.969594 1.176294 -1.391184 1.335413 -1.370789 1.176294 -0.969594 1.176294 -1.370789 1.176294 -0.969594 0.980245 -0.969594 0.980245 -1.370789 1.176294 -1.370789 0.980245 -0.969594 0.980245 -1.370789 0.980245 -0.969594 0.784196 -0.969594 0.784196 -1.370789 0.980245 -1.370789 0.784196 -0.969594 0.784196 -1.370789 0.784196 -0.969594 0.686172 -0.969594 0.686172 -1.370789 0.784196 -1.370789 0.686172 -0.969594 0.686172 -1.370789 0.686172 -0.969594 0.588147 -0.969594 0.588147 -1.370789 0.686172 -1.370789 0.588147 -0.969594 0.588147 -1.370789 0.588147 -0.969594 0.392098 -0.969594 0.392098 -1.370789 0.588147 -1.370789 0.392098 -0.969594 0.392098 -1.370789 0.392098 -0.969594 0 -0.969594 0 -1.370789 0.392098 -1.370789 0 -0.969594 0 -1.370789 0 -0.969594 -0.196049 -0.969594 -0.196049 -1.370789 0 -1.370789 -0.196049 -0.969594 -0.196049 -1.370789 -0.196049 -0.969594 -0.392098 -0.969594 -0.392098 -1.370789 -0.196049 -1.370789 -0.392098 -1.391184 1.335413 -1.748282 1.296583 -1.370789 1.176294 -1.370789 1.176294 -1.748282 1.296583 -1.771985 1.176294 -1.370789 1.176294 -1.771985 1.176294 -1.370789 0.980245 -1.370789 0.980245 -1.771985 1.176294 -1.771985 0.980245 -1.370789 0.980245 -1.771985 0.980245 -1.370789 0.784196 -1.370789 0.784196 -1.771985 0.980245 -1.771985 0.784196 -1.370789 0.784196 -1.771985 0.784196 -1.370789 0.686172 -1.370789 0.686172 -1.771985 0.784196 -1.771985 0.686172 -1.370789 0.686172 -1.771985 0.686172 -1.370789 0.588147 -1.370789 0.588147 -1.771985 0.686172 -1.771985 0.588147 -1.370789 0.588147 -1.771985 0.588147 -1.370789 0.392098 -1.370789 0.392098 -1.771985 0.588147 -1.771985 0.392098 -1.370789 0.392098 -1.771985 0.392098 -1.370789 0 -1.370789 0 -1.771985 0.392098 -1.771985 0 -1.370789 0 -1.771985 0 -1.370789 -0.196049 -1.370789 -0.196049 -1.771985 0 -1.771985 -0.196049 -1.370789 -0.196049 -1.771985 -0.196049 -1.370789 -0.392098 -1.370789 -0.392098 -1.771985 -0.196049 -1.771985 -0.392098 -1.771985 1.176294 -1.748282 1.296583 -1.972582 1.176294 -1.972582 1.176294 -1.748282 1.296583 -2.10538 1.257753 -1.972582 1.176294 -2.10538 1.257753 -2.17318 1.176294 -2.17318 1.176294 -2.10538 1.257753 -2.529176 0.838502 -2.17318 1.176294 -2.529176 0.838502 -2.17318 0.980245 -2.17318 0.980245 -2.529176 0.838502 -2.17318 0.784196 -2.17318 0.980245 -2.17318 0.784196 -1.972582 0.784196 -1.972582 0.784196 -2.17318 0.784196 -1.972582 0.686172 -1.972582 0.784196 -1.972582 0.686172 -1.771985 0.686172 -1.771985 0.686172 -1.972582 0.686172 -1.771985 0.588147 -2.17318 0.784196 -2.529176 0.838502 -2.574376 0.784196 -2.574376 0.784196 -2.529176 0.838502 -2.952971 0.419251 -2.574376 0.784196 -2.952971 0.419251 -2.574376 0.686172 -2.574376 0.686172 -2.952971 0.419251 -2.574376 0.588147 -2.574376 0.686172 -2.574376 0.588147 -2.17318 0.588147 -2.17318 0.588147 -2.574376 0.588147 -2.17318 0.392098 -2.17318 0.588147 -2.17318 0.392098 -1.972582 0.392098 -1.972582 0.392098 -2.17318 0.392098 -1.972582 0 -1.972582 0.392098 -1.972582 0 -1.771985 0 -1.771985 0 -1.972582 0 -1.771985 -0.196049 -2.574376 -0.588147 -2.952971 -0.419251 -2.574376 -0.784196 -2.574376 -0.784196 -2.952971 -0.419251 -2.529176 -0.838502 -2.574376 -0.784196 -2.529176 -0.838502 -2.17318 -0.784196 -2.17318 -0.784196 -2.529176 -0.838502 -2.17318 -0.882221 -2.17318 -0.784196 -2.17318 -0.882221 -1.972582 -0.882221 -1.972582 -0.882221 -2.17318 -0.882221 -1.972582 -0.980245 -1.972582 -0.882221 -1.972582 -0.980245 -1.771985 -0.980245 -1.771985 -0.980245 -1.972582 -0.980245 -1.771985 -1.176294 -1.771985 -0.980245 -1.771985 -1.176294 -1.370789 -1.176294 -1.370789 -1.176294 -1.771985 -1.176294 -1.391184 -1.335413 -1.370789 -1.176294 -1.391184 -1.335413 -1.034087 -1.374243 -2.10538 -1.257753 -2.17318 -1.176294 -2.529176 -0.838502 -2.529176 -0.838502 -2.17318 -1.176294 -2.17318 -0.980245 -2.529176 -0.838502 -2.17318 -0.980245 -2.17318 -0.882221 -2.17318 -0.882221 -2.17318 -0.980245 -1.972582 -0.980245 -2.10538 -1.257753 -1.748282 -1.296583 -2.17318 -1.176294 -2.17318 -1.176294 -1.748282 -1.296583 -1.972582 -1.176294 -2.17318 -1.176294 -1.972582 -1.176294 -2.17318 -0.980245 -2.17318 -0.980245 -1.972582 -1.176294 -1.972582 -0.980245 -1.972582 -1.176294 -1.748282 -1.296583 -1.771985 -1.176294 -1.771985 -1.176294 -1.748282 -1.296583 -1.391184 -1.335413 -1.370789 -1.176294 -1.034087 -1.374243 -0.969594 -1.176294 -0.969594 -1.176294 -1.034087 -1.374243 -0.676989 -1.413073 -0.969594 -1.176294 -0.676989 -1.413073 -0.568398 -1.176294 -0.568398 -1.176294 -0.676989 -1.413073 -0.319892 -1.451903 -0.568398 -1.176294 -0.319892 -1.451903 -0.167203 -1.176294 -0.167203 -1.176294 -0.319892 -1.451903 -0.167203 -1.437693 -0.167203 -1.176294 -0.167203 -1.437693 0.2339929 -1.437693 0.2339929 -1.437693 -0.167203 -1.437693 0.394304 -1.529562 0.2339929 -1.437693 0.394304 -1.529562 0.635189 -1.437693 0.635189 -1.437693 0.394304 -1.529562 0.751401 -1.568393 0.635189 -1.437693 0.751401 -1.568393 1.515055 -1.278262 -0.319892 -1.451903 0.03720599 -1.490733 -0.167203 -1.437693 -0.167203 -1.437693 0.03720599 -1.490733 0.394304 -1.529562 2.278708 -0.988131 1.838775 -0.980245 1.515055 -1.278262 1.515055 -1.278262 1.838775 -0.980245 1.43758 -1.176294 1.515055 -1.278262 1.43758 -1.176294 0.635189 -1.176294 0.635189 -1.176294 1.43758 -1.176294 0.635189 -0.980245 0.635189 -1.176294 0.635189 -0.980245 0.2339929 -0.980245 0.2339929 -0.980245 0.635189 -0.980245 0.2339929 -0.882221 0.2339929 -0.980245 0.2339929 -0.882221 -0.167203 -0.882221 -0.167203 -0.882221 0.2339929 -0.882221 -0.167203 -0.784196 -0.167203 -0.882221 -0.167203 -0.784196 -0.568398 -0.784196 -0.568398 -0.784196 -0.167203 -0.784196 -0.568398 -0.588147 -0.568398 -0.784196 -0.568398 -0.588147 -0.969594 -0.588147 3.042362 -0.698 2.774898 -0.784196 2.278708 -0.988131 2.278708 -0.988131 2.774898 -0.784196 2.239971 -0.882221 2.278708 -0.988131 2.239971 -0.882221 2.239971 -0.980245 2.239971 -0.980245 2.239971 -0.882221 1.838775 -0.882221 2.239971 -0.980245 1.838775 -0.882221 1.838775 -0.980245 1.838775 -0.980245 1.838775 -0.882221 1.43758 -0.882221 1.838775 -0.980245 1.43758 -0.882221 1.43758 -0.980245 1.43758 -0.980245 1.43758 -0.882221 0.635189 -0.882221 1.43758 -0.980245 0.635189 -0.882221 0.635189 -0.980245 0.635189 -0.980245 0.635189 -0.882221 0.2339929 -0.882221 2.774898 -0.784196 3.042362 -0.698 2.774898 -0.588147 2.774898 -0.588147 3.042362 -0.698 3.042362 -0.349 2.774898 0.392098 3.042362 0.349 2.774898 0.588147 2.774898 0.588147 3.042362 0.349 3.042362 0.698 2.774898 0.588147 3.042362 0.698 2.774898 0.686172 2.774898 0.686172 3.042362 0.698 2.774898 0.784196 2.774898 0.686172 2.774898 0.784196 2.239971 0.784196 2.239971 0.784196 2.774898 0.784196 2.278708 0.988131 2.239971 0.784196 2.278708 0.988131 2.239971 0.980245 2.239971 0.980245 2.278708 0.988131 1.515055 1.278262 2.239971 0.980245 1.515055 1.278262 1.838775 0.980245 1.838775 0.980245 1.515055 1.278262 1.43758 1.176294 1.838775 0.980245 1.43758 1.176294 1.43758 0.980245 1.43758 0.980245 1.43758 1.176294 0.635189 1.176294 1.43758 0.980245 0.635189 1.176294 0.635189 0.980245 0.635189 0.980245 0.635189 1.176294 0.2339929 1.176294 3.042362 0.698 2.278708 0.988131 2.774898 0.784196 1.43758 1.176294 1.515055 1.278262 0.635189 1.437693 -0.167203 1.437693 0.2339929 1.176294 0.2339929 1.437693 0.2339929 1.437693 0.2339929 1.176294 0.635189 1.176294 0.2339929 1.437693 0.635189 1.176294 0.635189 1.437693 0.635189 1.437693 0.635189 1.176294 1.43758 1.176294 -1.771985 0.980245 -1.771985 1.176294 -1.972582 1.176294 -1.972582 1.176294 -2.17318 1.176294 -1.972582 0.980245 -1.972582 0.980245 -2.17318 1.176294 -2.17318 0.980245 -1.972582 0.980245 -2.17318 0.980245 -1.972582 0.784196 -0.568398 1.176294 -0.969594 1.176294 -0.568398 0.980245 -0.568398 0.980245 -0.969594 1.176294 -0.969594 0.980245 -0.568398 0.980245 -0.969594 0.980245 -0.568398 0.784196 -0.568398 0.784196 -0.969594 0.980245 -0.969594 0.784196 -0.568398 0.784196 -0.969594 0.784196 -0.568398 0.686172 -0.568398 0.686172 -0.969594 0.784196 -0.969594 0.686172 -0.568398 0.686172 -0.969594 0.686172 -0.568398 0.588147 -0.568398 0.588147 -0.969594 0.686172 -0.969594 0.588147 -0.568398 0.588147 -0.969594 0.588147 -0.568398 0.392098 -0.568398 0.392098 -0.969594 0.588147 -0.969594 0.392098 -0.568398 0.392098 -0.969594 0.392098 -0.568398 0 -0.568398 0 -0.969594 0.392098 -0.969594 0 -0.568398 0 -0.969594 0 -0.568398 -0.196049 -0.568398 -0.196049 -0.969594 0 -0.969594 -0.196049 -0.568398 -0.196049 -0.969594 -0.196049 -0.568398 -0.392098 -0.568398 -0.392098 -0.969594 -0.196049 -0.969594 -0.392098 -0.167203 1.176294 -0.568398 1.176294 -0.167203 0.980245 -0.167203 0.980245 -0.568398 1.176294 -0.568398 0.980245 -0.167203 0.980245 -0.568398 0.980245 -0.167203 0.784196 -0.167203 0.784196 -0.568398 0.980245 -0.568398 0.784196 -0.167203 0.784196 -0.568398 0.784196 -0.167203 0.686172 -0.167203 0.686172 -0.568398 0.784196 -0.568398 0.686172 -0.167203 0.686172 -0.568398 0.686172 -0.167203 0.588147 -0.167203 0.588147 -0.568398 0.686172 -0.568398 0.588147 -0.167203 0.588147 -0.568398 0.588147 -0.167203 0.392098 -0.167203 0.392098 -0.568398 0.588147 -0.568398 0.392098 -0.167203 0.392098 -0.568398 0.392098 -0.167203 0 -0.167203 0 -0.568398 0.392098 -0.568398 0 -0.167203 0 -0.568398 0 -0.167203 -0.196049 -0.167203 -0.196049 -0.568398 0 -0.568398 -0.196049 -0.167203 -0.196049 -0.568398 -0.196049 -0.167203 -0.392098 -0.167203 -0.392098 -0.568398 -0.196049 -0.568398 -0.392098 -2.17318 0.784196 -2.574376 0.784196 -2.17318 0.686172 -2.17318 0.686172 -2.574376 0.784196 -2.574376 0.686172 -2.17318 0.686172 -2.574376 0.686172 -2.17318 0.588147 -1.972582 0.784196 -1.771985 0.784196 -1.972582 0.980245 -1.972582 0.980245 -1.771985 0.784196 -1.771985 0.980245 -1.972582 0.980245 -1.771985 0.980245 -1.972582 1.176294 -1.771985 0.784196 -1.972582 0.784196 -1.771985 0.686172 -0.167203 0.784196 0.2339929 0.784196 -0.167203 0.980245 -0.167203 0.980245 0.2339929 0.784196 0.2339929 0.980245 -0.167203 0.980245 0.2339929 0.980245 -0.167203 1.176294 0.2339929 0.980245 0.2339929 0.784196 0.635189 0.784196 0.635189 0.784196 0.2339929 0.784196 0.635189 0.686172 0.635189 0.784196 0.635189 0.686172 1.43758 0.686172 1.43758 0.686172 0.635189 0.686172 1.43758 0.588147 1.43758 0.686172 1.43758 0.588147 1.838775 0.588147 1.838775 0.588147 1.43758 0.588147 1.838775 0.392098 1.838775 0.588147 1.838775 0.392098 2.239971 0.392098 2.239971 0.392098 1.838775 0.392098 2.239971 0 2.239971 0.392098 2.239971 0 2.774898 0 2.774898 0 2.239971 0 2.774898 -0.196049 0.2339929 0.784196 -0.167203 0.784196 0.2339929 0.686172 0.2339929 0.686172 -0.167203 0.784196 -0.167203 0.686172 0.2339929 0.686172 -0.167203 0.686172 0.2339929 0.588147 0.2339929 0.588147 -0.167203 0.686172 -0.167203 0.588147 0.2339929 0.588147 -0.167203 0.588147 0.2339929 0.392098 0.2339929 0.392098 -0.167203 0.588147 -0.167203 0.392098 0.2339929 0.392098 -0.167203 0.392098 0.2339929 0 0.2339929 0 -0.167203 0.392098 -0.167203 0 0.2339929 0 -0.167203 0 0.2339929 -0.196049 0.2339929 -0.196049 -0.167203 0 -0.167203 -0.196049 0.2339929 -0.196049 -0.167203 -0.196049 0.2339929 -0.392098 0.2339929 -0.392098 -0.167203 -0.196049 -0.167203 -0.392098 1.43758 0.980245 0.635189 0.980245 1.43758 0.784196 1.838775 0.980245 1.43758 0.980245 1.838775 0.784196 1.838775 0.784196 1.43758 0.980245 1.43758 0.784196 1.838775 0.784196 1.43758 0.784196 1.838775 0.686172 2.239971 0.980245 1.838775 0.980245 2.239971 0.784196 2.239971 0.784196 1.838775 0.980245 1.838775 0.784196 2.239971 0.784196 1.838775 0.784196 2.239971 0.686172 2.239971 0.686172 1.838775 0.784196 1.838775 0.686172 2.239971 0.686172 1.838775 0.686172 2.239971 0.588147 2.774898 0.686172 2.239971 0.784196 2.239971 0.686172 -2.574376 0.588147 -2.952971 0.419251 -2.574376 0.392098 -2.574376 0.588147 -2.574376 0.392098 -2.17318 0.392098 -2.17318 0.392098 -2.574376 0.392098 -2.17318 0 -2.17318 0.392098 -2.17318 0 -1.972582 0 -1.972582 0 -2.17318 0 -1.972582 -0.196049 -1.972582 0 -1.972582 -0.196049 -1.771985 -0.196049 -1.771985 -0.196049 -1.972582 -0.196049 -1.771985 -0.392098 -1.972582 0.392098 -1.771985 0.392098 -1.972582 0.588147 -1.972582 0.588147 -1.771985 0.392098 -1.771985 0.588147 -1.972582 0.588147 -1.771985 0.588147 -1.972582 0.686172 -1.771985 0.392098 -1.972582 0.392098 -1.771985 0 0.2339929 0.392098 0.635189 0.392098 0.2339929 0.588147 0.2339929 0.588147 0.635189 0.392098 0.635189 0.588147 0.2339929 0.588147 0.635189 0.588147 0.2339929 0.686172 0.2339929 0.686172 0.635189 0.588147 0.635189 0.686172 0.2339929 0.686172 0.635189 0.686172 0.2339929 0.784196 0.635189 0.392098 1.43758 0.392098 0.635189 0.588147 0.635189 0.588147 1.43758 0.392098 1.43758 0.588147 0.635189 0.588147 1.43758 0.588147 0.635189 0.686172 0.635189 0.392098 0.2339929 0.392098 0.635189 0 0.635189 0 0.2339929 0.392098 0.2339929 0 0.635189 0 0.2339929 0 0.635189 -0.196049 0.635189 -0.196049 0.2339929 0 0.2339929 -0.196049 0.635189 -0.196049 0.2339929 -0.196049 0.635189 -0.392098 0.635189 -0.392098 0.2339929 -0.196049 0.2339929 -0.392098 1.43758 0.588147 1.43758 0.392098 1.838775 0.392098 1.838775 0.392098 1.43758 0.392098 1.838775 0 1.838775 0.392098 1.838775 0 2.239971 0 2.239971 0 1.838775 0 2.239971 -0.196049 2.239971 0 2.239971 -0.196049 2.774898 -0.196049 2.774898 -0.196049 2.239971 -0.196049 2.774898 -0.392098 1.43758 0.392098 0.635189 0.392098 1.43758 0 1.43758 0 0.635189 0.392098 0.635189 0 1.43758 0 0.635189 0 1.43758 -0.196049 1.43758 -0.196049 0.635189 0 0.635189 -0.196049 1.43758 -0.196049 0.635189 -0.196049 1.43758 -0.392098 1.43758 -0.392098 0.635189 -0.196049 0.635189 -0.392098 2.239971 0.686172 2.239971 0.588147 2.774898 0.588147 2.774898 0.588147 2.239971 0.588147 2.774898 0.392098 2.774898 0.686172 2.239971 0.686172 2.774898 0.588147 -2.17318 0.686172 -2.17318 0.588147 -1.972582 0.588147 -1.972582 0.588147 -2.17318 0.588147 -1.972582 0.392098 -2.17318 0.686172 -1.972582 0.588147 -1.972582 0.686172 1.838775 0 1.43758 0 1.838775 -0.196049 1.838775 -0.196049 1.43758 0 1.43758 -0.196049 1.838775 -0.196049 1.43758 -0.196049 1.838775 -0.392098 1.838775 -0.392098 1.43758 -0.196049 1.43758 -0.392098 1.43758 0 1.838775 0 1.43758 0.392098 -2.574376 0 -2.84184 0 -2.574376 -0.196049 -2.574376 -0.196049 -2.84184 0 -2.84184 -0.196049 -2.574376 -0.196049 -2.84184 -0.196049 -2.574376 -0.392098 -2.574376 -0.392098 -2.84184 -0.196049 -2.84184 -0.392098 -2.84184 0 -3.109303 0 -2.84184 -0.196049 -2.84184 -0.196049 -3.109303 0 -3.109303 -0.196049 -2.84184 -0.196049 -3.109303 -0.196049 -2.84184 -0.392098 -3.109303 0 -2.84184 0 -2.84184 0.392098 -2.84184 0.392098 -2.84184 0 -2.574376 0 -2.574376 0 -2.574376 -0.196049 -2.17318 -0.196049 -2.17318 -0.196049 -2.574376 -0.196049 -2.17318 -0.392098 -2.17318 -0.196049 -2.17318 -0.392098 -1.972582 -0.392098 -2.17318 -0.392098 -2.574376 -0.196049 -2.574376 -0.392098 1.838775 0 1.838775 -0.196049 2.239971 -0.196049 2.239971 -0.196049 1.838775 -0.196049 2.239971 -0.392098 2.239971 -0.196049 2.239971 -0.392098 2.774898 -0.392098 2.239971 -0.392098 1.838775 -0.196049 1.838775 -0.392098 -2.574376 -0.784196 -2.17318 -0.784196 -2.574376 -0.588147 -2.574376 -0.588147 -2.17318 -0.784196 -2.17318 -0.588147 -1.972582 -0.588147 -2.17318 -0.588147 -1.972582 -0.784196 -1.972582 -0.784196 -2.17318 -0.588147 -2.17318 -0.784196 -1.972582 -0.784196 -2.17318 -0.784196 -1.972582 -0.882221 -1.771985 -0.588147 -1.972582 -0.588147 -1.771985 -0.784196 -1.771985 -0.784196 -1.972582 -0.588147 -1.972582 -0.784196 -1.771985 -0.784196 -1.972582 -0.784196 -1.771985 -0.882221 -1.771985 -0.882221 -1.972582 -0.784196 -1.972582 -0.882221 -1.771985 -0.882221 -1.972582 -0.882221 -1.771985 -0.980245 -1.370789 -0.588147 -1.771985 -0.588147 -1.370789 -0.784196 -1.370789 -0.784196 -1.771985 -0.588147 -1.771985 -0.784196 -1.370789 -0.784196 -1.771985 -0.784196 -1.370789 -0.882221 -1.370789 -0.882221 -1.771985 -0.784196 -1.771985 -0.882221 -1.370789 -0.882221 -1.771985 -0.882221 -1.370789 -0.980245 -1.370789 -0.980245 -1.771985 -0.882221 -1.771985 -0.980245 -1.370789 -0.980245 -1.771985 -0.980245 -1.370789 -1.176294 -0.969594 -0.588147 -1.370789 -0.588147 -0.969594 -0.784196 -0.969594 -0.784196 -1.370789 -0.588147 -1.370789 -0.784196 -0.969594 -0.784196 -1.370789 -0.784196 -0.969594 -0.882221 -0.969594 -0.882221 -1.370789 -0.784196 -1.370789 -0.882221 -0.969594 -0.882221 -1.370789 -0.882221 -0.969594 -0.980245 -0.969594 -0.980245 -1.370789 -0.882221 -1.370789 -0.980245 -0.969594 -0.980245 -1.370789 -0.980245 -0.969594 -1.176294 -0.969594 -1.176294 -1.370789 -0.980245 -1.370789 -1.176294 -0.568398 -0.588147 -0.167203 -0.784196 -0.167203 -0.588147 -0.167203 -0.588147 -0.167203 -0.784196 0.2339929 -0.784196 -0.167203 -0.588147 0.2339929 -0.784196 0.2339929 -0.588147 0.2339929 -0.588147 0.2339929 -0.784196 0.635189 -0.784196 0.2339929 -0.588147 0.635189 -0.784196 0.635189 -0.588147 0.635189 -0.588147 0.635189 -0.784196 1.43758 -0.784196 0.635189 -0.588147 1.43758 -0.784196 1.43758 -0.588147 1.43758 -0.588147 1.43758 -0.784196 1.838775 -0.784196 1.43758 -0.588147 1.838775 -0.784196 1.838775 -0.588147 1.838775 -0.588147 1.838775 -0.784196 2.239971 -0.784196 1.838775 -0.588147 2.239971 -0.784196 2.239971 -0.588147 2.239971 -0.588147 2.239971 -0.784196 2.774898 -0.784196 2.239971 -0.588147 2.774898 -0.784196 2.774898 -0.588147 2.774898 -0.784196 2.239971 -0.784196 2.239971 -0.882221 2.239971 -0.882221 2.239971 -0.784196 1.838775 -0.784196 2.239971 -0.882221 1.838775 -0.784196 1.838775 -0.882221 1.838775 -0.882221 1.838775 -0.784196 1.43758 -0.784196 1.838775 -0.882221 1.43758 -0.784196 1.43758 -0.882221 1.43758 -0.882221 1.43758 -0.784196 0.635189 -0.784196 1.43758 -0.882221 0.635189 -0.784196 0.635189 -0.882221 0.635189 -0.882221 0.635189 -0.784196 0.2339929 -0.784196 0.635189 -0.882221 0.2339929 -0.784196 0.2339929 -0.882221 0.2339929 -0.882221 0.2339929 -0.784196 -0.167203 -0.784196 -0.568398 -0.784196 -0.969594 -0.784196 -0.568398 -0.882221 -0.568398 -0.882221 -0.969594 -0.784196 -0.969594 -0.882221 -0.568398 -0.882221 -0.969594 -0.882221 -0.568398 -0.980245 -0.568398 -0.980245 -0.969594 -0.882221 -0.969594 -0.980245 -0.568398 -0.980245 -0.969594 -0.980245 -0.568398 -1.176294 -0.568398 -1.176294 -0.969594 -0.980245 -0.969594 -1.176294 -0.969594 -0.784196 -0.568398 -0.784196 -0.969594 -0.588147 -0.568398 -0.784196 -0.568398 -0.882221 -0.167203 -0.882221 -0.167203 -0.882221 -0.568398 -0.882221 -0.167203 -0.980245 -0.167203 -0.882221 -0.167203 -0.980245 0.2339929 -0.980245 0.2339929 -0.980245 -0.167203 -0.980245 0.2339929 -1.176294 0.2339929 -0.980245 0.2339929 -1.176294 0.635189 -1.176294 0.635189 -1.176294 0.2339929 -1.176294 0.635189 -1.437693 0.635189 -1.176294 0.635189 -1.437693 1.515055 -1.278262 -0.167203 -0.980245 -0.568398 -0.882221 -0.568398 -0.980245 0.2339929 -1.437693 0.635189 -1.437693 0.2339929 -1.176294 1.43758 -0.980245 0.635189 -0.980245 1.43758 -1.176294 0.2339929 -1.437693 0.2339929 -1.176294 -0.167203 -1.176294 -0.167203 -1.176294 0.2339929 -1.176294 -0.167203 -0.980245 -0.167203 -1.176294 -0.167203 -0.980245 -0.568398 -0.980245 -0.568398 -0.980245 -0.568398 -1.176294 -0.167203 -1.176294 -1.972582 -0.980245 -1.972582 -1.176294 -1.771985 -1.176294 2.239971 -0.980245 1.838775 -0.980245 2.278708 -0.988131 1.838775 -0.980245 1.43758 -0.980245 1.43758 -1.176294 -2.17318 0.686172 -1.972582 0.686172 -2.17318 0.784196 1.314752 2.485179 0 2.485179 0.482803 2.084649 0.482803 2.084649 0 2.485179 0 1.863884 0.482803 2.084649 0 1.863884 0.482803 1.684118 0.482803 1.684118 0 1.863884 0 1.24259 0.482803 1.684118 0 1.24259 0.482803 1.352809 0.482803 1.352809 0 1.24259 0.482803 1.13904 0.482803 1.352809 0.482803 1.13904 0.965606 1.13904 0.965606 1.13904 0.482803 1.13904 0.965606 0.828393 0.965606 1.13904 0.965606 0.828393 1.448408 0.828393 1.448408 0.828393 0.965606 0.828393 1.448408 0.517746 1.448408 0.828393 1.448408 0.517746 1.931211 0.517746 1.931211 0.517746 1.448408 0.517746 1.931211 0.258873 1.931211 0.517746 1.931211 0.258873 2.413293 0.258873 2.413293 0.258873 1.931211 0.258873 2.298539 0 2.413293 0.258873 2.298539 0 2.895375 0.258873 2.895375 0.258873 2.298539 0 3.052645 0 2.895375 0.258873 3.052645 0 3.377458 0.258873 3.377458 0.258873 3.052645 0 3.85954 0 3.377458 0.258873 3.85954 0 3.85954 0.155324 0 1.24259 0 0.621295 0.482803 1.13904 0.482803 1.13904 0 0.621295 0.482803 0.828393 0.482803 1.13904 0.482803 0.828393 0.965606 0.828393 0.965606 0.828393 0.482803 0.828393 0.965606 0.517746 0.965606 0.828393 0.965606 0.517746 1.448408 0.517746 1.448408 0.517746 0.965606 0.517746 1.448408 0.258873 1.448408 0.517746 1.448408 0.258873 1.931211 0.258873 1.931211 0.258873 1.448408 0.258873 1.561 0 1.931211 0.258873 1.561 0 2.298539 0 0.482803 0.828393 0 0.621295 0.482803 0.517746 0.482803 0.517746 0 0.621295 0 0.310647 0.482803 0.517746 0 0.310647 0.482803 0.258873 0.482803 0.258873 0 0.310647 0 0 0.482803 0.258873 0 0 0.806895 0 0.482803 0.258873 0.806895 0 0.965606 0.258873 0.965606 0.258873 0.806895 0 1.561 0 0.965606 0.258873 1.561 0 1.448408 0.258873 3.85954 0.155324 3.85954 0.310647 3.377458 0.258873 3.377458 0.258873 3.85954 0.310647 3.377458 0.517746 3.377458 0.258873 3.377458 0.517746 2.895375 0.517746 2.895375 0.517746 3.377458 0.517746 2.895375 0.828393 2.895375 0.517746 2.895375 0.828393 2.413293 0.828393 2.413293 0.828393 2.895375 0.828393 2.413293 1.13904 2.413293 0.828393 2.413293 1.13904 1.931211 1.13904 1.931211 1.13904 2.413293 1.13904 1.931211 1.352809 1.931211 1.13904 1.931211 1.352809 1.448408 1.352809 1.448408 1.352809 1.931211 1.352809 1.448408 1.684118 1.448408 1.352809 1.448408 1.684118 0.965606 1.684118 0.965606 1.684118 1.448408 1.684118 0.965606 2.084649 0.965606 1.684118 0.965606 2.084649 0.482803 2.084649 0.482803 2.084649 0.965606 2.084649 1.314752 2.485179 3.85954 0.310647 3.85954 0.621295 3.377458 0.517746 3.377458 0.517746 3.85954 0.621295 3.377458 0.828393 3.377458 0.517746 3.377458 0.828393 2.895375 0.828393 2.895375 0.828393 3.377458 0.828393 2.895375 1.13904 2.895375 0.828393 2.895375 1.13904 2.413293 1.13904 2.413293 1.13904 2.895375 1.13904 2.413293 1.352809 2.413293 1.13904 2.413293 1.352809 1.931211 1.352809 1.931211 1.352809 2.413293 1.352809 1.931211 1.684118 1.931211 1.352809 1.931211 1.684118 1.448408 1.684118 1.448408 1.684118 1.931211 1.684118 1.448408 2.084649 1.448408 1.684118 1.448408 2.084649 0.965606 2.084649 0.965606 2.084649 1.448408 2.084649 1.314752 2.485179 3.85954 0.621295 3.85954 1.24259 3.377458 0.828393 3.377458 0.828393 3.85954 1.24259 3.377458 1.13904 3.377458 0.828393 3.377458 1.13904 2.895375 1.13904 2.895375 1.13904 3.377458 1.13904 2.895375 1.352809 2.895375 1.13904 2.895375 1.352809 2.413293 1.352809 2.413293 1.352809 2.895375 1.352809 2.413293 1.684118 2.413293 1.352809 2.413293 1.684118 1.931211 1.684118 1.931211 1.684118 2.413293 1.684118 1.931211 2.084649 1.931211 1.684118 1.931211 2.084649 1.448408 2.084649 1.448408 2.084649 1.931211 2.084649 1.314752 2.485179 3.377458 1.13904 3.85954 1.24259 3.377458 1.352809 3.377458 1.352809 3.85954 1.24259 3.85954 1.553237 3.377458 1.352809 3.85954 1.553237 3.377458 1.684118 3.377458 1.684118 3.85954 1.553237 3.85954 1.863884 3.377458 1.684118 3.85954 1.863884 3.377458 2.084649 3.377458 2.084649 3.85954 1.863884 3.85954 2.174532 3.377458 2.084649 3.85954 2.174532 3.85954 2.329855 3.85954 2.329855 3.85954 2.485179 3.377458 2.084649 3.377458 2.084649 3.85954 2.485179 2.544788 2.485179 3.377458 2.084649 2.544788 2.485179 2.895375 2.084649 2.895375 2.084649 2.544788 2.485179 2.413293 2.084649 2.895375 2.084649 2.413293 2.084649 2.895375 1.684118 2.895375 1.684118 2.413293 2.084649 2.413293 1.684118 2.895375 1.684118 2.413293 1.684118 2.895375 1.352809 2.413293 2.084649 2.544788 2.485179 1.931211 2.084649 1.931211 2.084649 2.544788 2.485179 1.314752 2.485179 2.413293 1.684118 2.413293 2.084649 1.931211 2.084649 3.377458 1.684118 3.377458 2.084649 2.895375 2.084649 3.377458 1.684118 2.895375 2.084649 2.895375 1.684118 0.482803 2.084649 0.482803 1.684118 0.965606 1.684118 0.965606 1.684118 0.482803 1.684118 0.965606 1.352809 0.965606 1.684118 0.965606 1.352809 1.448408 1.352809 1.448408 1.352809 0.965606 1.352809 1.448408 1.13904 1.448408 1.352809 1.448408 1.13904 1.931211 1.13904 1.931211 1.13904 1.448408 1.13904 1.931211 0.828393 1.931211 1.13904 1.931211 0.828393 2.413293 0.828393 2.413293 0.828393 1.931211 0.828393 2.413293 0.517746 2.413293 0.828393 2.413293 0.517746 2.895375 0.517746 2.895375 0.517746 2.413293 0.517746 2.895375 0.258873 2.895375 0.517746 2.895375 0.258873 3.377458 0.258873 3.377458 1.352809 3.377458 1.684118 2.895375 1.684118 3.377458 1.352809 2.895375 1.684118 2.895375 1.352809 0.482803 1.352809 0.965606 1.13904 0.965606 1.352809 0.965606 1.352809 0.965606 1.13904 1.448408 1.13904 1.931211 0.828393 1.448408 1.13904 1.448408 0.828393 1.448408 0.828393 1.448408 1.13904 0.965606 1.13904 3.377458 1.352809 2.895375 1.352809 3.377458 1.13904 0.482803 1.684118 0.482803 1.352809 0.965606 1.352809 0.482803 0.828393 0.482803 0.517746 0.965606 0.517746 0.965606 0.517746 0.482803 0.517746 0.965606 0.258873 0.965606 0.517746 0.965606 0.258873 1.448408 0.258873 0.482803 0.258873 0.965606 0.258873 0.482803 0.517746 1.931211 0.828393 1.448408 0.828393 1.931211 0.517746 1.931211 0.828393 1.931211 0.517746 2.413293 0.517746 2.413293 0.517746 1.931211 0.517746 2.413293 0.258873 2.413293 0.517746 2.413293 0.258873 2.895375 0.258873 -3.049243 0.783497 -3.048857 0.593432 7.787738 0.783497 7.787738 0.783497 -3.048857 0.593432 7.787738 0.261166 7.787738 0.261166 -3.048857 0.593432 -2.987503 0.405196 7.787738 0.261166 -2.987503 0.405196 -2.713516 0.07130897 7.787738 0.261166 -2.713516 0.07130897 7.787738 -0.261166 7.787738 -0.261166 -2.713516 0.07130897 -2.293285 -0.179894 7.787738 -0.261166 -2.293285 -0.179894 -1.796555 -0.347069 -1.796555 -0.347069 -0.850188 -0.547189 7.787738 -0.261166 7.787738 -0.261166 -0.850188 -0.547189 7.787738 -0.783497 7.787738 -0.783497 -0.850188 -0.547189 -0.527631 -0.650945 7.787738 -0.783497 -0.527631 -0.650945 -0.430161 -0.713055 -0.430161 -0.713055 -0.385139 -0.783497 7.787738 -0.783497 0.552688 0 0.04363298 0 0.523599 -0.370439 0.523599 -0.370439 0.04363298 0 0.03778398 -0.370532 0.523599 -0.370439 0.03778398 -0.370532 0.523599 -0.740678 0.523599 -0.740678 0.03778398 -0.370532 0.02181094 -0.740772 0.523599 -0.740678 0.02181094 -0.740772 0.523599 -1.110721 0.523599 -1.110721 0.02181094 -0.740772 0 -1.110721 0.523599 -1.110721 1.047198 -1.110721 0.523599 -0.740678 0.523599 -0.740678 1.047198 -1.110721 1.047198 -0.740579 0.523599 -0.740678 1.047198 -0.740579 0.523599 -0.370439 0.523599 -0.370439 1.047198 -0.740579 1.047198 -0.37034 0.523599 -0.370439 1.047198 -0.37034 0.552688 0 0.552688 0 1.047198 -0.37034 1.061742 0 1.061742 0 1.047198 -0.37034 1.570796 0 1.047198 -1.110721 1.570796 0 1.047198 -0.740579 1.047198 -0.740579 1.570796 0 1.047198 -0.37034 0.03778398 -1.850909 0.04363298 -2.221442 0.523599 -1.851002 0.523599 -1.851002 0.04363298 -2.221442 0.552688 -2.221442 0.523599 -1.851002 0.552688 -2.221442 1.047198 -1.851102 1.047198 -1.851102 0.552688 -2.221442 1.061742 -2.221442 1.047198 -1.851102 1.061742 -2.221442 1.570796 -1.110721 0.523599 -1.110721 0.523599 -1.480764 1.047198 -1.110721 1.047198 -1.110721 0.523599 -1.480764 1.047198 -1.480862 1.047198 -1.110721 1.047198 -1.480862 1.570796 -1.110721 1.570796 -1.110721 1.047198 -1.480862 1.047198 -1.851102 0 -1.110721 0.02181094 -1.480669 0.523599 -1.110721 0.523599 -1.110721 0.02181094 -1.480669 0.523599 -1.480764 0.02181094 -1.480669 0.03778398 -1.850909 0.523599 -1.480764 0.523599 -1.480764 0.03778398 -1.850909 0.523599 -1.851002 0.523599 -1.480764 0.523599 -1.851002 1.047198 -1.480862 1.047198 -1.480862 0.523599 -1.851002 1.047198 -1.851102 -6.792708 -0.785398 6.792708 -0.785398 -6.792708 -0.261799 -6.792708 -0.261799 6.792708 -0.785398 6.792708 -0.261799 -6.792708 -0.261799 6.792708 -0.261799 -6.792708 0.261799 -6.792708 0.261799 6.792708 -0.261799 6.792708 0.261799 -6.792708 0.261799 6.792708 0.261799 -6.792708 0.785398 -6.792708 0.785398 6.792708 0.261799 6.792708 0.785398 -3.523683 -0.785398 7.272139 -0.785398 -3.523683 -0.261799 -3.523683 -0.261799 7.272139 -0.785398 7.272139 -0.261799 -3.523683 -0.261799 7.272139 -0.261799 -3.523683 0.261799 -3.523683 0.261799 7.272139 -0.261799 7.272139 0.261799 -3.523683 0.261799 7.272139 0.261799 -3.523683 0.785398 -3.523683 0.785398 7.272139 0.261799 7.272139 0.785398 2.544788 0 3.85954 0 3.377458 0.100133 3.377458 0.100133 3.85954 0 3.85954 0.155324 3.377458 0.100133 3.85954 0.155324 3.377458 0.200265 3.377458 0.200265 3.85954 0.155324 3.85954 0.310647 3.377458 0.200265 3.85954 0.310647 3.377458 0.300398 3.377458 0.300398 3.85954 0.310647 3.377458 0.400531 3.377458 0.300398 3.377458 0.400531 2.895375 0.400531 2.895375 0.400531 3.377458 0.400531 2.895375 0.500663 2.895375 0.400531 2.895375 0.500663 2.413293 0.500663 2.413293 0.500663 2.895375 0.500663 2.413293 0.600796 2.413293 0.500663 2.413293 0.600796 1.931211 0.600796 1.931211 0.600796 2.413293 0.600796 1.931211 0.801061 1.931211 0.600796 1.931211 0.801061 1.448408 0.801061 1.448408 0.801061 1.931211 0.801061 1.448408 1.13237 1.448408 0.801061 1.448408 1.13237 0.965606 1.13237 0.965606 1.13237 1.448408 1.13237 0.965606 1.346139 0.965606 1.13237 0.965606 1.346139 0.482803 1.346139 0.482803 1.346139 0.965606 1.346139 0.482803 1.656786 0.482803 1.346139 0.482803 1.656786 0 1.24259 0 1.24259 0.482803 1.656786 0 1.863884 0 1.863884 0.482803 1.656786 0.482803 1.967434 0 1.863884 0.482803 1.967434 0 2.174532 0 2.174532 0.482803 1.967434 0.482803 2.226306 0 2.174532 0.482803 2.226306 0 2.485179 0 2.485179 0.482803 2.226306 0.806895 2.485179 0.806895 2.485179 0.482803 2.226306 0.965606 2.226306 0.806895 2.485179 0.965606 2.226306 1.561 2.485179 1.561 2.485179 0.965606 2.226306 1.448408 2.226306 1.561 2.485179 1.448408 2.226306 1.931211 2.226306 1.931211 2.226306 1.448408 2.226306 1.931211 1.967434 1.931211 2.226306 1.931211 1.967434 2.413293 1.967434 2.413293 1.967434 1.931211 1.967434 2.413293 1.656786 2.413293 1.967434 2.413293 1.656786 2.895375 1.656786 2.895375 1.656786 2.413293 1.656786 2.895375 1.346139 2.895375 1.656786 2.895375 1.346139 3.377458 1.346139 3.377458 1.346139 2.895375 1.346139 3.377458 1.13237 3.377458 1.346139 3.377458 1.13237 3.85954 1.24259 3.85954 1.24259 3.377458 1.13237 3.85954 0.931942 3.85954 0.931942 3.377458 1.13237 3.377458 0.801061 3.85954 0.931942 3.377458 0.801061 3.85954 0.621295 3.85954 0.621295 3.377458 0.801061 3.377458 0.600796 3.85954 0.621295 3.377458 0.600796 3.377458 0.500663 3.377458 0.500663 3.377458 0.600796 2.895375 0.600796 3.377458 0.500663 2.895375 0.600796 2.895375 0.500663 2.895375 0.500663 2.895375 0.600796 2.413293 0.600796 3.377458 0.400531 3.85954 0.310647 3.377458 0.500663 3.377458 0.500663 3.85954 0.310647 3.85954 0.621295 3.377458 1.346139 3.85954 1.24259 3.377458 1.656786 3.377458 1.656786 3.85954 1.24259 3.85954 1.863884 3.377458 1.656786 3.85954 1.863884 3.377458 1.967434 3.377458 1.967434 3.85954 1.863884 3.85954 2.174532 3.377458 1.967434 3.85954 2.174532 3.377458 2.226306 3.377458 2.226306 3.85954 2.174532 3.85954 2.329855 3.377458 2.226306 3.85954 2.329855 3.052645 2.485179 3.052645 2.485179 3.85954 2.329855 3.85954 2.485179 3.377458 2.226306 3.052645 2.485179 2.895375 2.226306 2.895375 2.226306 3.052645 2.485179 2.298539 2.485179 2.895375 2.226306 2.298539 2.485179 2.413293 2.226306 2.413293 2.226306 2.298539 2.485179 1.931211 2.226306 2.413293 2.226306 1.931211 2.226306 2.413293 1.967434 2.298539 2.485179 1.561 2.485179 1.931211 2.226306 0 0.621295 0.482803 0.801061 0 1.24259 0 1.24259 0.482803 0.801061 0.482803 1.13237 0 1.24259 0.482803 1.13237 0.482803 1.346139 0.482803 1.346139 0.482803 1.13237 0.965606 1.13237 0 0 0.482803 0.300398 0 0.621295 0 0.621295 0.482803 0.300398 0.482803 0.400531 0 0.621295 0.482803 0.400531 0.482803 0.500663 0.482803 0.500663 0.482803 0.400531 0.965606 0.400531 0.482803 0.500663 0.965606 0.400531 0.965606 0.500663 0.965606 0.500663 0.965606 0.400531 1.448408 0.400531 0.965606 0.500663 1.448408 0.400531 1.448408 0.500663 1.448408 0.500663 1.448408 0.400531 1.931211 0.400531 1.448408 0.500663 1.931211 0.400531 1.931211 0.500663 1.931211 0.500663 1.931211 0.400531 2.413293 0.400531 1.931211 0.500663 2.413293 0.400531 2.413293 0.500663 2.413293 0.500663 2.413293 0.400531 2.895375 0.400531 1.314752 0 0.482803 0.100133 0 0 0 0 0.482803 0.100133 0.482803 0.200265 0 0 0.482803 0.200265 0.482803 0.300398 0.482803 0.300398 0.482803 0.200265 0.965606 0.200265 0.482803 0.300398 0.965606 0.200265 0.965606 0.300398 0.965606 0.300398 0.965606 0.200265 1.448408 0.200265 0.965606 0.300398 1.448408 0.200265 1.448408 0.300398 1.448408 0.300398 1.448408 0.200265 1.931211 0.200265 1.448408 0.300398 1.931211 0.200265 1.931211 0.300398 1.931211 0.300398 1.931211 0.200265 2.413293 0.200265 1.931211 0.300398 2.413293 0.200265 2.413293 0.300398 2.413293 0.300398 2.413293 0.200265 2.895375 0.200265 2.413293 0.300398 2.895375 0.200265 2.895375 0.300398 2.895375 0.300398 2.895375 0.200265 3.377458 0.200265 2.895375 0.300398 3.377458 0.200265 3.377458 0.300398 2.544788 0 1.931211 0.100133 1.314752 0 1.314752 0 1.931211 0.100133 1.448408 0.100133 1.314752 0 1.448408 0.100133 0.965606 0.100133 0.965606 0.100133 1.448408 0.100133 0.965606 0.200265 0.965606 0.100133 0.965606 0.200265 0.482803 0.200265 0.965606 0.100133 0.482803 0.200265 0.482803 0.100133 3.377458 0.100133 2.895375 0.100133 2.544788 0 2.544788 0 2.895375 0.100133 2.413293 0.100133 2.544788 0 2.413293 0.100133 1.931211 0.100133 1.931211 0.100133 2.413293 0.100133 1.931211 0.200265 1.931211 0.100133 1.931211 0.200265 1.448408 0.200265 3.377458 0.200265 2.895375 0.200265 3.377458 0.100133 3.377458 0.100133 2.895375 0.200265 2.895375 0.100133 2.895375 0.200265 2.413293 0.200265 2.895375 0.100133 2.895375 0.100133 2.413293 0.200265 2.413293 0.100133 2.413293 0.200265 1.931211 0.200265 2.413293 0.100133 0.482803 0.100133 1.314752 0 0.965606 0.100133 0.965606 0.200265 1.448408 0.100133 1.448408 0.200265 1.448408 0.200265 1.448408 0.100133 1.931211 0.100133 2.895375 0.300398 3.377458 0.300398 2.895375 0.400531 2.413293 0.300398 2.895375 0.300398 2.413293 0.400531 2.413293 0.400531 2.895375 0.300398 2.895375 0.400531 3.377458 0.500663 2.895375 0.500663 3.377458 0.400531 1.931211 0.300398 2.413293 0.300398 1.931211 0.400531 1.931211 0.400531 2.413293 0.300398 2.413293 0.400531 1.448408 0.300398 1.931211 0.300398 1.448408 0.400531 1.448408 0.400531 1.931211 0.300398 1.931211 0.400531 0.965606 0.300398 1.448408 0.300398 0.965606 0.400531 0.965606 0.400531 1.448408 0.300398 1.448408 0.400531 0.482803 0.300398 0.965606 0.300398 0.482803 0.400531 0.482803 0.400531 0.965606 0.300398 0.965606 0.400531 0 0.621295 0.482803 0.500663 0.482803 0.600796 0.482803 0.600796 0.482803 0.500663 0.965606 0.500663 0.482803 0.600796 0.965606 0.500663 0.965606 0.600796 0.965606 0.600796 0.965606 0.500663 1.448408 0.500663 0.965606 0.600796 1.448408 0.500663 1.448408 0.600796 1.448408 0.600796 1.448408 0.500663 1.931211 0.500663 1.448408 0.600796 1.931211 0.500663 1.931211 0.600796 1.931211 0.600796 1.931211 0.500663 2.413293 0.500663 2.895375 0.600796 3.377458 0.600796 2.895375 0.801061 2.895375 0.801061 3.377458 0.600796 3.377458 0.801061 2.895375 0.801061 3.377458 0.801061 2.895375 1.13237 2.895375 1.13237 3.377458 0.801061 3.377458 1.13237 2.895375 1.13237 3.377458 1.13237 2.895375 1.346139 2.413293 0.600796 2.895375 0.600796 2.413293 0.801061 2.413293 0.801061 2.895375 0.600796 2.895375 0.801061 2.413293 0.801061 2.895375 0.801061 2.413293 1.13237 2.413293 1.13237 2.895375 0.801061 2.895375 1.13237 2.413293 1.13237 2.895375 1.13237 2.413293 1.346139 2.413293 1.346139 2.895375 1.13237 2.895375 1.346139 2.413293 1.346139 2.895375 1.346139 2.413293 1.656786 2.413293 0.600796 2.413293 0.801061 1.931211 0.801061 1.931211 0.801061 2.413293 0.801061 1.931211 1.13237 1.931211 0.801061 1.931211 1.13237 1.448408 1.13237 1.448408 1.13237 1.931211 1.13237 1.448408 1.346139 1.448408 1.13237 1.448408 1.346139 0.965606 1.346139 0.965606 1.346139 1.448408 1.346139 0.965606 1.656786 0.965606 1.346139 0.965606 1.656786 0.482803 1.656786 0.482803 1.656786 0.965606 1.656786 0.482803 1.967434 1.931211 1.13237 2.413293 0.801061 2.413293 1.13237 1.448408 0.600796 1.931211 0.600796 1.448408 0.801061 0.965606 0.600796 1.448408 0.600796 0.965606 0.801061 0.965606 0.801061 1.448408 0.600796 1.448408 0.801061 0.965606 0.801061 1.448408 0.801061 0.965606 1.13237 0.482803 0.600796 0.965606 0.600796 0.482803 0.801061 0.482803 0.801061 0.965606 0.600796 0.965606 0.801061 0.482803 0.801061 0.965606 0.801061 0.482803 1.13237 0.482803 1.13237 0.965606 0.801061 0.965606 1.13237 0 0.621295 0.482803 0.600796 0.482803 0.801061 1.931211 1.13237 2.413293 1.13237 1.931211 1.346139 1.931211 1.346139 2.413293 1.13237 2.413293 1.346139 1.931211 1.346139 2.413293 1.346139 1.931211 1.656786 1.931211 1.656786 2.413293 1.346139 2.413293 1.656786 1.931211 1.656786 2.413293 1.656786 1.931211 1.967434 1.931211 1.13237 1.931211 1.346139 1.448408 1.346139 1.448408 1.346139 1.931211 1.346139 1.448408 1.656786 1.448408 1.346139 1.448408 1.656786 0.965606 1.656786 0.965606 1.656786 1.448408 1.656786 0.965606 1.967434 0.965606 1.656786 0.965606 1.967434 0.482803 1.967434 0.482803 1.967434 0.965606 1.967434 0.482803 2.226306 1.448408 1.656786 1.931211 1.346139 1.931211 1.656786 3.377458 1.967434 2.895375 1.967434 3.377458 1.656786 3.377458 1.656786 2.895375 1.967434 2.895375 1.656786 3.377458 1.656786 2.895375 1.656786 3.377458 1.346139 2.413293 2.226306 2.413293 1.967434 2.895375 1.967434 2.895375 1.967434 2.413293 1.967434 2.895375 1.656786 3.377458 2.226306 2.895375 2.226306 3.377458 1.967434 3.377458 1.967434 2.895375 2.226306 2.895375 1.967434 2.895375 2.226306 2.413293 2.226306 2.895375 1.967434 1.448408 1.656786 1.931211 1.656786 1.448408 1.967434 1.448408 1.967434 1.931211 1.656786 1.931211 1.967434 1.448408 1.967434 1.931211 1.967434 1.448408 2.226306 1.448408 1.656786 1.448408 1.967434 0.965606 1.967434 0.965606 1.967434 1.448408 1.967434 0.965606 2.226306 0.965606 1.967434 0.965606 2.226306 0.482803 2.226306 0.965606 2.226306 1.448408 1.967434 1.448408 2.226306 15.23139 -0.763582 16.175 -0.763582 15.23139 -0.254527 15.23139 -0.254527 16.175 -0.763582 16.175 -0.254527 15.23139 -0.254527 16.175 -0.254527 15.23139 0.254527 15.23139 0.254527 16.175 -0.254527 16.175 0.254527 15.23139 0.254527 16.175 0.254527 15.23139 0.763582 15.23139 0.763582 16.175 0.254527 16.175 0.763582 3.049243 0.783497 -7.787738 0.783497 3.048857 0.593432 3.048857 0.593432 -7.787738 0.783497 -7.787738 0.261166 3.048857 0.593432 -7.787738 0.261166 2.987503 0.405196 2.987503 0.405196 -7.787738 0.261166 2.713516 0.07130897 2.713516 0.07130897 -7.787738 0.261166 -7.787738 -0.261166 2.713516 0.07130897 -7.787738 -0.261166 2.293285 -0.179894 2.293285 -0.179894 -7.787738 -0.261166 1.796555 -0.347069 1.796555 -0.347069 -7.787738 -0.261166 0.850188 -0.547189 0.850188 -0.547189 -7.787738 -0.261166 -7.787738 -0.783497 0.850188 -0.547189 -7.787738 -0.783497 0.527631 -0.650945 0.527631 -0.650945 -7.787738 -0.783497 0.430161 -0.713055 0.430161 -0.713055 -7.787738 -0.783497 0.385139 -0.783497 -16.175 -0.763582 -15.23139 -0.763582 -16.175 -0.254527 -16.175 -0.254527 -15.23139 -0.763582 -15.23139 -0.254527 -16.175 -0.254527 -15.23139 -0.254527 -16.175 0.254527 -16.175 0.254527 -15.23139 -0.254527 -15.23139 0.254527 -16.175 0.254527 -15.23139 0.254527 -16.175 0.763582 -16.175 0.763582 -15.23139 0.254527 -15.23139 0.763582 -7.272139 -0.785398 3.523683 -0.785398 -7.272139 -0.261799 -7.272139 -0.261799 3.523683 -0.785398 3.523683 -0.261799 -7.272139 -0.261799 3.523683 -0.261799 -7.272139 0.261799 -7.272139 0.261799 3.523683 -0.261799 3.523683 0.261799 -7.272139 0.261799 3.523683 0.261799 -7.272139 0.785398 -7.272139 0.785398 3.523683 0.261799 3.523683 0.785398 6.472866 0.785398 -6.472866 0.785398 6.472866 0.261799 6.472866 0.261799 -6.472866 0.785398 -6.472866 0.261799 6.472866 0.261799 -6.472866 0.261799 6.472866 -0.261799 6.472866 -0.261799 -6.472866 0.261799 -6.472866 -0.261799 6.472866 -0.261799 -6.472866 -0.261799 6.472866 -0.785398 6.472866 -0.785398 -6.472866 -0.261799 -6.472866 -0.785398 8.342709 -9.506387 -2.453113 -10.45 8.342709 -10.45 -1 6.792708 -11.78555 7.263616 -1 -6.792708 -1 -6.792708 -11.78555 7.263616 -11.78555 -7.263616 -11.78555 -7.263616 -11.78555 7.263616 -13.14831 7.306793 -11.78555 -7.263616 -13.14831 7.306793 -13.14831 -7.306793 -13.14831 -7.306793 -13.14831 7.306793 -14.32937 -7.309393 -14.32937 -7.309393 -13.14831 7.306793 -17.6 -6.472866 -14.32937 -7.309393 -17.6 -6.472866 -15.32873 -7.271415 -15.32873 -7.271415 -17.6 -6.472866 -16.14639 -7.192861 -16.14639 -7.192861 -17.6 -6.472866 -16.78234 -7.073728 -16.78234 -7.073728 -17.6 -6.472866 -17.2366 -6.914018 -17.2366 -6.914018 -17.6 -6.472866 -17.50915 -6.713731 -13.14831 7.306793 -14.32937 7.309393 -17.6 -6.472866 -17.6 -6.472866 -14.32937 7.309393 -17.6 6.472866 -17.6 6.472866 -14.32937 7.309393 -15.32873 7.271415 -17.6 6.472866 -15.32873 7.271415 -16.14639 7.192861 -16.14639 7.192861 -16.78234 7.073728 -17.6 6.472866 -17.6 6.472866 -16.78234 7.073728 -17.2366 6.914018 -17.6 6.472866 -17.2366 6.914018 -17.50915 6.713731 -8.342709 -10.45 2.453113 -10.45 -8.342709 -9.506387 0 -0.981748 10.7 -0.981748 0 -0.327249 0 -0.327249 10.7 -0.981748 10.7 -0.327249 0 -0.327249 10.7 -0.327249 10.7 0.327249 10.7 0.981748 0 0.981748 10.7 0.327249 10.7 0.327249 0 0.981748 0 0.327249 10.7 0.327249 0 0.327249 0 -0.327249 -8.2 -5.63 -3.5 -7.05 -0.15 -5.63 -0.15 -5.63 -3.5 -7.05 -2.775 -7.244263 -0.15 -5.63 -2.775 -7.244263 -2.244263 -7.775 -8.2 5.63 -8.755738 7.775 -8.2 -5.63 -8.2 -5.63 -8.755738 7.775 -8.95 8.5 -8.2 -5.63 -8.95 8.5 -8.975001 -12.2 -8.975001 -12.2 -8.95 8.5 -10.7 -18.46447 -8.975001 -12.2 -10.7 -18.46447 -8.975001 -15.9 -8.975001 -15.9 -10.7 -18.46447 -8.777388 -16.6375 -8.777388 -16.6375 -10.7 -18.46447 -8.237501 -17.17739 -8.237501 -17.17739 -10.7 -18.46447 -7.5 -17.375 -7.5 -17.375 -10.7 -18.46447 0 -18.46447 -7.5 -17.375 0 -18.46447 -6.7625 -17.17739 -6.7625 -17.17739 0 -18.46447 -6.222612 -16.6375 -6.222612 -16.6375 0 -18.46447 -6.025 -15.9 -6.025 -15.9 0 -18.46447 -3.5 -9.95 -6.025 -15.9 -3.5 -9.95 -4.225 -9.755738 -0.15 5.63 -3.5 7.05 -8.2 5.63 -8.2 5.63 -3.5 7.05 -4.225 7.244263 -8.2 5.63 -4.225 7.244263 -6.775 7.244263 -6.775 7.244263 -4.225 7.244263 -6.244263 7.775 -6.244263 7.775 -4.225 7.244263 -4.755737 7.775 -6.244263 7.775 -4.755737 7.775 -6.05 8.5 -6.05 8.5 -4.755737 7.775 -4.95 8.5 -6.05 8.5 -4.95 8.5 -6.025 12.2 -6.025 12.2 -4.95 8.5 -4.755737 9.225001 -6.025 12.2 -4.755737 9.225001 -4.225 9.755738 -0.15 -5.63 0 -18.46447 -0.15 5.63 -0.15 5.63 0 -18.46447 0 18.46447 -0.15 5.63 0 18.46447 -2.05 8.5 -2.05 8.5 0 18.46447 -2.244263 9.225001 -2.244263 9.225001 0 18.46447 -2.775 9.755738 -2.775 9.755738 0 18.46447 -3.5 9.95 -3.5 9.95 0 18.46447 -6.222612 12.9375 -3.5 9.95 -6.222612 12.9375 -4.225 9.755738 -4.225 9.755738 -6.222612 12.9375 -6.025 12.2 -8.237501 -10.92261 -7.5 -10.725 -8.2 -5.63 -8.2 -5.63 -7.5 -10.725 -6.7625 -10.92261 -8.2 -5.63 -6.7625 -10.92261 -4.95 -8.5 -4.95 -8.5 -6.7625 -10.92261 -6.222612 -11.4625 -4.95 -8.5 -6.222612 -11.4625 -6.025 -12.2 -6.222612 -12.9375 -6.222612 -15.1625 -6.025 -12.2 -6.025 -12.2 -6.222612 -15.1625 -6.025 -15.9 -6.025 -12.2 -6.025 -15.9 -4.225 -9.755738 -6.222612 -15.1625 -6.222612 -12.9375 -6.7625 -14.62261 -6.7625 -14.62261 -6.222612 -12.9375 -6.7625 -13.47739 -6.7625 -14.62261 -6.7625 -13.47739 -7.5 -13.675 -8.237501 -13.47739 -8.237501 -14.62261 -7.5 -13.675 -7.5 -13.675 -8.237501 -14.62261 -7.5 -14.425 -7.5 -13.675 -7.5 -14.425 -6.7625 -14.62261 -8.237501 -14.62261 -8.237501 -13.47739 -8.777388 -15.1625 -8.777388 -15.1625 -8.237501 -13.47739 -8.777388 -12.9375 -8.777388 -15.1625 -8.777388 -12.9375 -8.975001 -12.2 -8.975001 -12.2 -8.777388 -11.4625 -8.2 -5.63 -8.2 -5.63 -8.777388 -11.4625 -8.237501 -10.92261 -2.244263 -7.775 -2.05 -8.5 -0.15 -5.63 -0.15 -5.63 -2.05 -8.5 0 -18.46447 -2.05 -8.5 -2.244263 -9.225001 0 -18.46447 0 -18.46447 -2.244263 -9.225001 -2.775 -9.755738 0 -18.46447 -2.775 -9.755738 -3.5 -9.95 -4.225 -9.755738 -4.755737 -9.225001 -6.025 -12.2 -6.025 -12.2 -4.755737 -9.225001 -4.95 -8.5 -4.95 -8.5 -4.755737 -7.775 -8.2 -5.63 -8.2 -5.63 -4.755737 -7.775 -4.225 -7.244263 -8.2 -5.63 -4.225 -7.244263 -3.5 -7.05 -8.225001 9.755738 -7.5 9.95 -7.5 10.725 -7.5 10.725 -7.5 9.95 -6.775 9.755738 -7.5 10.725 -6.775 9.755738 -6.7625 10.92261 -6.7625 10.92261 -6.775 9.755738 -6.244263 9.225001 -6.7625 10.92261 -6.244263 9.225001 -6.222612 11.4625 -6.222612 11.4625 -6.244263 9.225001 -6.05 8.5 -6.222612 11.4625 -6.05 8.5 -6.025 12.2 -6.775 7.244263 -7.5 7.05 -8.2 5.63 -8.2 5.63 -7.5 7.05 -8.225001 7.244263 -8.2 5.63 -8.225001 7.244263 -8.755738 7.775 -8.755738 9.225001 -8.777388 11.4625 -8.95 8.5 -8.95 8.5 -8.777388 11.4625 -8.975001 12.2 -8.95 8.5 -8.975001 12.2 -10.7 18.46447 -10.7 18.46447 -8.975001 12.2 -8.777388 12.9375 -10.7 18.46447 -8.777388 12.9375 -8.237501 13.47739 -8.777388 11.4625 -8.755738 9.225001 -8.237501 10.92261 -8.237501 10.92261 -8.755738 9.225001 -8.225001 9.755738 -8.237501 10.92261 -8.225001 9.755738 -7.5 10.725 -2.05 8.5 -2.244263 7.775 -0.15 5.63 -0.15 5.63 -2.244263 7.775 -2.775 7.244263 -0.15 5.63 -2.775 7.244263 -3.5 7.05 -8.237501 13.47739 -7.5 13.675 -10.7 18.46447 -10.7 18.46447 -7.5 13.675 -6.7625 13.47739 -10.7 18.46447 -6.7625 13.47739 0 18.46447 0 18.46447 -6.7625 13.47739 -6.222612 12.9375 -8.975001 -15.9 -8.777388 -15.1625 -8.975001 -12.2 -10.7 18.46447 -10.7 -18.46447 -8.95 8.5 0 0.981748 -10.7 0.981748 0 0.327249 0 0.327249 -10.7 0.981748 -10.7 0.327249 0 0.327249 -10.7 0.327249 -10.7 -0.327249 -10.7 -0.981748 0 -0.981748 -10.7 -0.327249 -10.7 -0.327249 0 -0.981748 0 -0.327249 -10.7 -0.327249 0 -0.327249 0 0.327249 -6.468661 -0.981748 0.543572 -0.981748 -6.468661 -0.327249 -6.468661 -0.327249 0.543572 -0.981748 0.656928 -0.327249 -6.468661 -0.327249 0.656928 -0.327249 -6.468661 0.327249 -6.468661 0.327249 0.656928 -0.327249 0.781219 0.327249 -6.468661 0.327249 0.781219 0.327249 -6.468661 0.981748 -6.468661 0.981748 0.781219 0.327249 0.907975 0.981748 -2.907975 0.981748 -2.781219 0.327249 6.468661 0.981748 6.468661 0.981748 -2.781219 0.327249 6.468661 0.327249 6.468661 0.327249 -2.781219 0.327249 -2.656928 -0.327249 6.468661 0.327249 -2.656928 -0.327249 6.468661 -0.327249 6.468661 -0.327249 -2.656928 -0.327249 -2.543572 -0.981748 6.468661 -0.327249 -2.543572 -0.981748 6.468661 -0.981748 -10.76361 0.8391 -13.26203 3.18266 -17.23769 0.8391 -17.23769 0.8391 -13.26203 3.18266 -17.23769 3.628778 -17.23769 3.628778 -13.26203 3.18266 -14.38086 3.628778 -14.38086 3.628778 -13.26203 3.18266 -13.59491 3.424716 -14.38086 3.628778 -13.59491 3.424716 -13.97652 3.576878 9.376638 -1.035534 0 -6.74264 11.1609 -6.636753 11.1609 -6.636753 0 -6.74264 14.35614 -6.74264 11.1609 -6.636753 14.35614 -6.74264 14.88889 -6.636753 9.376638 -1.035534 0 -1.035534 0 -6.74264 -5.383942 0.8391 0 0.8391 -5.188222 3.628778 -5.188222 3.628778 0 0.8391 0 3.628778 -3.628778 0 -0.8391 0 -3.628778 2.375644 -3.628778 2.375644 -0.8391 0 -0.8391 2.375644 -3.628778 2.375644 -0.8391 2.375644 -3.628778 4.751287 -3.628778 4.751287 -0.8391 2.375644 -0.8391 4.751287 -3.628778 4.751287 -0.8391 4.751287 -3.628778 7.126931 -3.628778 7.126931 -0.8391 4.751287 -0.8391 7.126931 -3.628778 7.126931 -0.8391 7.126931 -3.628778 9.502575 -3.628778 9.502575 -0.8391 7.126931 -0.8391 9.502575 -3.628778 9.502575 -0.8391 9.502575 -3.628778 11.87822 -3.628778 11.87822 -0.8391 9.502575 -0.8391 11.87822 -3.628778 11.87822 -0.8391 11.87822 -3.628778 14.25386 -3.628778 14.25386 -0.8391 11.87822 -0.8391 14.25386 -3.628778 14.25386 -0.8391 14.25386 -3.628778 16.62951 -3.628778 16.62951 -0.8391 14.25386 -0.8391 16.62951 -3.628778 16.62951 -0.8391 16.62951 -3.628778 19.00515 -3.628778 19.00515 -0.8391 16.62951 -0.8391 19.00515 -3.628778 19.00515 -0.8391 19.00515 -3.628778 21.38079 -3.628778 21.38079 -0.8391 19.00515 -0.8391 21.38079 -3.628778 21.38079 -0.8391 21.38079 -3.628778 23.75644 -3.628778 23.75644 -0.8391 21.38079 -0.8391 23.75644 5.584429 -15.5605 5.584429 -11.78166 4.954434 -14.93051 4.954434 -14.93051 5.584429 -11.78166 4.556324 -14.62303 4.556324 -14.62303 5.584429 -11.78166 4.093808 -14.42671 4.093808 -14.42671 5.584429 -11.78166 3.59608 -14.35392 3.59608 -14.35392 5.584429 -11.78166 -3.822572 -14.22443 -3.822572 -14.22443 5.584429 -11.78166 -8.451351 -10.55369 -3.822572 -14.22443 -8.451351 -10.55369 -5.959965 -13.99223 -5.959965 -13.99223 -8.451351 -10.55369 -8.020328 -13.37801 -8.020328 -13.37801 -8.451351 -10.55369 -9.935964 -12.40194 -9.935964 -12.40194 -8.451351 -10.55369 -9.888605 -10.20864 -9.935964 -12.40194 -9.888605 -10.20864 -11.64393 -11.09611 -11.64393 -11.09611 -9.888605 -10.20864 -11.16217 -9.458448 -11.64393 -11.09611 -11.16217 -9.458448 -13.08811 -9.503399 -13.08811 -9.503399 -11.16217 -9.458448 -12.16076 -8.368682 -13.08811 -9.503399 -12.16076 -8.368682 -14.22104 -7.676157 -14.22104 -7.676157 -12.16076 -8.368682 -12.7971 -7.034576 -14.22104 -7.676157 -12.7971 -7.034576 -13.01557 -5.572718 -13.01557 9.120455 -13.39671 6.957977 -13.01557 -5.572718 -13.01557 -5.572718 -13.39671 6.957977 -15.07232 0.704496 -13.01557 -5.572718 -15.07232 0.704496 -15.43827 -1.4141 -13.52093 9.120455 -13.26735 8.127315 -13.01557 9.120455 -13.01557 9.120455 -13.26735 8.127315 -13.39671 6.957977 -15.43827 -1.4141 -15.41575 -3.56395 -13.01557 -5.572718 -13.01557 -5.572718 -15.41575 -3.56395 -15.00552 -5.674417 -13.01557 -5.572718 -15.00552 -5.674417 -14.22104 -7.676157 -11.15 -5.63 -11.3 -18.46447 -3.1 -5.63 -3.1 -5.63 -11.3 -18.46447 -0.06992697 -18.46447 -3.1 -5.63 -0.06992697 -18.46447 -3.1 5.63 -3.1 5.63 -0.06992697 -18.46447 -0.06992697 18.46447 -3.1 5.63 -0.06992697 18.46447 -11.3 18.46447 -11.15 -5.63 -11.15 5.63 -11.3 -18.46447 -11.3 -18.46447 -11.15 5.63 -11.3 18.46447 -11.3 18.46447 -11.15 5.63 -3.1 5.63 -0.8 -1.570796 0 -1.570796 -0.8 -1.308997 -0.8 -1.308997 0 -1.570796 0 -1.308997 -0.8 -1.308997 0 -1.308997 -0.8 -1.047198 -0.8 -1.047198 0 -1.308997 0 -1.047198 -0.8 -1.047198 0 -1.047198 -0.8 -0.785398 -0.8 -0.785398 0 -1.047198 0 -0.785398 0 0 5 0 0 0.8 0 0.8 5 0 5 0.8 -0.8 -1.570796 0 -1.570796 -0.8 -1.308997 -0.8 -1.308997 0 -1.570796 0 -1.308997 -0.8 -1.308997 0 -1.308997 -0.8 -1.047198 -0.8 -1.047198 0 -1.308997 0 -1.047198 -0.8 -1.047198 0 -1.047198 -0.8 -0.785398 -0.8 -0.785398 0 -1.047198 0 -0.785398 8.15 0 8.15 0.8 0.15 0 0.15 0 8.15 0.8 0 0.8 0.15 0 0 0.8 0 0 -0.8 -7.853982 0 -7.853982 -0.8 -6.872234 -0.8 -6.872234 0 -7.853982 0 -6.872234 -0.8 -6.872234 0 -6.872234 -0.8 -5.890486 -0.8 -5.890486 0 -6.872234 0 -5.890486 -0.8 -5.890486 0 -5.890486 -0.8 -4.908739 -0.8 -4.908739 0 -5.890486 0 -4.908739 -0.8 -4.908739 0 -4.908739 -0.8 -3.926991 -0.8 -3.926991 0 -4.908739 0 -3.926991 0 0 1 0 0 0.8 0 0.8 1 0 1 0.8 -0.8 -7.853982 0 -7.853982 -0.8 -6.872234 -0.8 -6.872234 0 -7.853982 0 -6.872234 -0.8 -6.872234 0 -6.872234 -0.8 -5.890486 -0.8 -5.890486 0 -6.872234 0 -5.890486 -0.8 -5.890486 0 -5.890486 -0.8 -4.908739 -0.8 -4.908739 0 -5.890486 0 -4.908739 -0.8 -4.908739 0 -4.908739 -0.8 -3.926991 -0.8 -3.926991 0 -4.908739 0 -3.926991 8.15 0 8.15 0.8 8 0 8 0 8.15 0.8 0 0.8 8 0 0 0.8 0 0 3.519703 3 3.519703 -3 3.669703 3 3.669703 3 3.519703 -3 3.669703 -3 3.669703 3 3.669703 -3 4.626412 -2.809699 3.669703 3 4.626412 -2.809699 4.626412 2.809699 4.626412 2.809699 4.626412 -2.809699 5.43747 -2.267767 4.626412 2.809699 5.43747 -2.267767 5.43747 2.267767 5.43747 2.267767 5.43747 -2.267767 5.979402 -1.456709 5.43747 2.267767 5.979402 -1.456709 6.169703 -0.5 6.169703 -0.5 6.169703 0.5 5.43747 2.267767 5.43747 2.267767 6.169703 0.5 5.979402 1.456709 -3.669703 3 4.980297 2.5 4.480297 3 4.480297 3 4.980297 2.5 4.91331 2.75 4.480297 3 4.91331 2.75 4.730297 2.933013 -4.626412 2.809699 -5.43747 2.267767 -3.669703 3 -3.669703 3 -5.43747 2.267767 -5.979402 1.456709 -3.669703 3 -5.979402 1.456709 -6.169703 0.5 -3.669703 3 -6.169703 0.5 4.980297 -2.5 4.980297 -2.5 -6.169703 0.5 -6.169703 -0.5 4.980297 -2.5 -6.169703 -0.5 -3.669703 -3 -3.669703 -3 -6.169703 -0.5 -5.979402 -1.456709 -3.669703 -3 -5.979402 -1.456709 -5.43747 -2.267767 -5.43747 -2.267767 -4.626412 -2.809699 -3.669703 -3 -3.669703 -3 4.480297 -3 4.980297 -2.5 4.980297 -2.5 4.480297 -3 4.91331 -2.75 4.91331 -2.75 4.480297 -3 4.730297 -2.933013 4.980297 -2.5 4.980297 2.5 -3.669703 3 -0.8 -7.853982 0 -7.853982 -0.8 -6.872234 -0.8 -6.872234 0 -7.853982 0 -6.872234 -0.8 -6.872234 0 -6.872234 -0.8 -5.890486 -0.8 -5.890486 0 -6.872234 0 -5.890486 -0.8 -5.890486 0 -5.890486 -0.8 -4.908739 -0.8 -4.908739 0 -5.890486 0 -4.908739 -0.8 -4.908739 0 -4.908739 -0.8 -3.926991 -0.8 -3.926991 0 -4.908739 0 -3.926991 0 0 1 0 0 0.8 0 0.8 1 0 1 0.8 -0.8 -7.853982 0 -7.853982 -0.8 -6.872234 -0.8 -6.872234 0 -7.853982 0 -6.872234 -0.8 -6.872234 0 -6.872234 -0.8 -5.890486 -0.8 -5.890486 0 -6.872234 0 -5.890486 -0.8 -5.890486 0 -5.890486 -0.8 -4.908739 -0.8 -4.908739 0 -5.890486 0 -4.908739 -0.8 -4.908739 0 -4.908739 -0.8 -3.926991 -0.8 -3.926991 0 -4.908739 0 -3.926991 8.15 0 8.15 0.8 8 0 8 0 8.15 0.8 0 0.8 8 0 0 0.8 0 0 -0.8 -1.570796 0 -1.570796 -0.8 -1.308997 -0.8 -1.308997 0 -1.570796 0 -1.308997 -0.8 -1.308997 0 -1.308997 -0.8 -1.047198 -0.8 -1.047198 0 -1.308997 0 -1.047198 -0.8 -1.047198 0 -1.047198 -0.8 -0.785398 -0.8 -0.785398 0 -1.047198 0 -0.785398 0 0 5 0 0 0.8 0 0.8 5 0 5 0.8 -0.8 -1.570796 0 -1.570796 -0.8 -1.308997 -0.8 -1.308997 0 -1.570796 0 -1.308997 -0.8 -1.308997 0 -1.308997 -0.8 -1.047198 -0.8 -1.047198 0 -1.308997 0 -1.047198 -0.8 -1.047198 0 -1.047198 -0.8 -0.785398 -0.8 -0.785398 0 -1.047198 0 -0.785398 8.15 0 8.15 0.8 0.15 0 0.15 0 8.15 0.8 0 0.8 0.15 0 0 0.8 0 0 -3.519703 3 -3.669703 3 -3.519703 -3 -3.519703 -3 -3.669703 3 -3.669703 -3 -3.669703 -3 -3.669703 3 -4.626412 -2.809699 -4.626412 -2.809699 -3.669703 3 -4.626412 2.809699 -4.626412 -2.809699 -4.626412 2.809699 -5.43747 -2.267767 -5.43747 -2.267767 -4.626412 2.809699 -5.43747 2.267767 -5.43747 -2.267767 -5.43747 2.267767 -5.979402 -1.456709 -5.979402 -1.456709 -5.43747 2.267767 -6.169703 -0.5 -6.169703 -0.5 -5.43747 2.267767 -6.169703 0.5 -6.169703 0.5 -5.43747 2.267767 -5.979402 1.456709 -4.480297 3 -4.980297 2.5 3.669703 3 3.669703 3 -4.980297 2.5 -4.980297 -2.5 3.669703 3 -4.980297 -2.5 6.169703 0.5 6.169703 0.5 -4.980297 -2.5 6.169703 -0.5 6.169703 -0.5 -4.980297 -2.5 3.669703 -3 6.169703 -0.5 3.669703 -3 5.979402 -1.456709 5.979402 -1.456709 3.669703 -3 5.43747 -2.267767 5.43747 -2.267767 3.669703 -3 4.626412 -2.809699 -4.730297 2.933013 -4.91331 2.75 -4.480297 3 -4.480297 3 -4.91331 2.75 -4.980297 2.5 3.669703 -3 -4.980297 -2.5 -4.480297 -3 -4.480297 -3 -4.980297 -2.5 -4.91331 -2.75 -4.480297 -3 -4.91331 -2.75 -4.730297 -2.933013 6.169703 0.5 5.979402 1.456709 3.669703 3 3.669703 3 5.979402 1.456709 5.43747 2.267767 3.669703 3 5.43747 2.267767 4.626412 2.809699 -3.755164 6.35 -0.155164 5 4.844836 6.35 4.844836 6.35 -0.155164 5 1.318612 4.777864 4.844836 6.35 1.318612 4.777864 2.661436 4.131194 -4.520531 6.197759 -2.971765 4.131194 -3.755164 6.35 -3.755164 6.35 -2.971765 4.131194 -1.62894 4.777864 -3.755164 6.35 -1.62894 4.777864 -0.155164 5 -2.971765 4.131194 -4.520531 6.197759 -4.064322 3.117449 -4.064322 3.117449 -4.520531 6.197759 -5.169378 5.764214 -4.064322 3.117449 -5.169378 5.764214 -5.602923 5.115367 -5.602923 5.115367 -5.755164 4.35 -4.064322 3.117449 -4.064322 3.117449 -5.755164 4.35 -4.809533 1.826705 -4.809533 1.826705 -5.755164 4.35 -5.141183 0.37365 -5.141183 0.37365 -5.755164 4.35 -5.755164 -4.35 -5.141183 0.37365 -5.755164 -4.35 -5.029804 -1.112605 -5.029804 -1.112605 -5.755164 -4.35 -4.485291 -2.5 -4.485291 -2.5 -5.755164 -4.35 -3.556028 -3.665259 -3.556028 -3.665259 -5.755164 -4.35 -5.602923 -5.115367 -3.556028 -3.665259 -5.602923 -5.115367 -5.169378 -5.764214 -5.169378 -5.764214 -4.520531 -6.197759 -3.556028 -3.665259 -3.556028 -3.665259 -4.520531 -6.197759 -3.755164 -6.35 -3.556028 -3.665259 -3.755164 -6.35 -2.324583 -4.504844 -2.324583 -4.504844 -3.755164 -6.35 -0.900376 -4.944154 -0.900376 -4.944154 -3.755164 -6.35 0.590047 -4.944154 0.590047 -4.944154 -3.755164 -6.35 4.844836 -6.35 0.590047 -4.944154 4.844836 -6.35 2.014254 -4.504844 2.014254 -4.504844 4.844836 -6.35 3.245699 -3.665259 3.245699 -3.665259 4.844836 -6.35 5.044836 -6.15 3.245699 -3.665259 5.044836 -6.15 4.174963 -2.5 4.174963 -2.5 5.044836 -6.15 4.719475 -1.112605 4.719475 -1.112605 5.044836 -6.15 4.830855 0.37365 4.830855 0.37365 5.044836 -6.15 5.044836 6.15 4.830855 0.37365 5.044836 6.15 4.499205 1.826705 4.499205 1.826705 5.044836 6.15 3.753993 3.117449 3.753993 3.117449 5.044836 6.15 2.661436 4.131194 2.661436 4.131194 5.044836 6.15 4.844836 6.35 4.844836 -6.35 4.944836 -6.323205 5.044836 -6.15 5.044836 -6.15 4.944836 -6.323205 5.018041 -6.25 5.018041 6.25 4.944836 6.323205 5.044836 6.15 5.044836 6.15 4.944836 6.323205 4.844836 6.35 -4.844836 6.35 0.155164 5 3.755164 6.35 3.755164 6.35 0.155164 5 1.62894 4.777864 3.755164 6.35 1.62894 4.777864 2.971765 4.131194 -4.944836 6.323205 -5.044836 6.15 -4.844836 6.35 -4.844836 6.35 -5.044836 6.15 -2.661436 4.131194 -4.844836 6.35 -2.661436 4.131194 -1.318612 4.777864 -4.944836 6.323205 -5.018041 6.25 -5.044836 6.15 -5.044836 -6.15 -4.830855 0.37365 -5.044836 6.15 -5.044836 6.15 -4.830855 0.37365 -4.499205 1.826705 -5.044836 6.15 -4.499205 1.826705 -3.753993 3.117449 -5.018041 -6.25 -4.944836 -6.323205 -5.044836 -6.15 -5.044836 -6.15 -4.944836 -6.323205 -4.844836 -6.35 -5.044836 -6.15 -4.844836 -6.35 -3.245699 -3.665259 -3.245699 -3.665259 -4.844836 -6.35 -2.014254 -4.504844 -2.014254 -4.504844 -4.844836 -6.35 -0.590047 -4.944154 -0.590047 -4.944154 -4.844836 -6.35 3.755164 -6.35 -0.590047 -4.944154 3.755164 -6.35 0.900376 -4.944154 0.900376 -4.944154 3.755164 -6.35 2.324583 -4.504844 2.324583 -4.504844 3.755164 -6.35 3.556028 -3.665259 3.556028 -3.665259 3.755164 -6.35 4.520531 -6.197759 3.556028 -3.665259 4.520531 -6.197759 5.169378 -5.764214 5.169378 -5.764214 5.602923 -5.115367 3.556028 -3.665259 3.556028 -3.665259 5.602923 -5.115367 5.755164 -4.35 3.556028 -3.665259 5.755164 -4.35 4.485291 -2.5 4.485291 -2.5 5.755164 -4.35 5.029804 -1.112605 5.029804 -1.112605 5.755164 -4.35 5.141183 0.37365 5.141183 0.37365 5.755164 -4.35 5.755164 4.35 5.141183 0.37365 5.755164 4.35 4.809533 1.826705 4.809533 1.826705 5.755164 4.35 4.064322 3.117449 4.064322 3.117449 5.755164 4.35 5.602923 5.115367 4.064322 3.117449 5.602923 5.115367 5.169378 5.764214 5.169378 5.764214 4.520531 6.197759 4.064322 3.117449 4.064322 3.117449 4.520531 6.197759 2.971765 4.131194 2.971765 4.131194 4.520531 6.197759 3.755164 6.35 -3.245699 -3.665259 -4.174963 -2.5 -5.044836 -6.15 -5.044836 -6.15 -4.174963 -2.5 -4.719475 -1.112605 -5.044836 -6.15 -4.719475 -1.112605 -4.830855 0.37365 -3.753993 3.117449 -2.661436 4.131194 -5.044836 6.15 -1.318612 4.777864 0.155164 5 -4.844836 6.35 21.75 3.141593 -21.75 3.141593 21.75 2.356194 21.75 2.356194 -21.75 3.141593 -21.75 2.356194 21.75 2.356194 -21.75 2.356194 21.75 1.570796 21.75 1.570796 -21.75 2.356194 -21.75 1.570796 21.75 1.570796 -21.75 1.570796 21.75 0.785398 21.75 0.785398 -21.75 1.570796 -21.75 0.785398 21.75 0.785398 -21.75 0.785398 21.75 0 21.75 0 -21.75 0.785398 -21.75 0 8.7 21.75 0 21.75 8.7 -21.75 8.7 -21.75 0 21.75 0 -21.75 21.75 3.141593 -21.75 3.141593 21.75 2.356194 21.75 2.356194 -21.75 3.141593 -21.75 2.356194 21.75 2.356194 -21.75 2.356194 21.75 1.570796 21.75 1.570796 -21.75 2.356194 -21.75 1.570796 21.75 1.570796 -21.75 1.570796 21.75 0.785398 21.75 0.785398 -21.75 1.570796 -21.75 0.785398 21.75 0.785398 -21.75 0.785398 21.75 0 21.75 0 -21.75 0.785398 -21.75 0 0 -3 0 -21.75 8 -3 8 -3 0 -21.75 8.600001 -21.75 8 -3 8.600001 -21.75 8.25 -2.933013 8.25 -2.933013 8.600001 -21.75 8.433013 -2.75 8.433013 -2.75 8.600001 -21.75 8.5 -2.5 8.5 -2.5 8.600001 -21.75 8.5 2.5 8.5 2.5 8.600001 -21.75 8.600001 21.75 8.5 2.5 8.600001 21.75 8.433013 2.75 8.433013 2.75 8.600001 21.75 8.25 2.933013 8.25 2.933013 8.600001 21.75 8 3 8 3 8.600001 21.75 0 21.75 8 3 0 21.75 0 3 21.75 0.314159 3 0.314159 21.75 0.2094399 21.75 0.2094399 3 0.314159 -3 0.314159 21.75 0.2094399 -3 0.314159 -21.75 0.2094399 -21.75 0.2094399 -3 0.314159 -21.75 0.314159 21.75 0.2094399 -21.75 0.2094399 21.75 0.1047199 21.75 0.1047199 -21.75 0.2094399 -21.75 0.1047199 21.75 0.1047199 -21.75 0.1047199 21.75 0 21.75 0 -21.75 0.1047199 -21.75 0 12.3 21.75 0 21.75 12.3 -21.75 12.3 -21.75 0 21.75 0 -21.75 21.75 0.314159 -21.75 0.314159 21.75 0.2094399 21.75 0.2094399 -21.75 0.314159 -21.75 0.2094399 21.75 0.2094399 -21.75 0.2094399 21.75 0.1047199 21.75 0.1047199 -21.75 0.2094399 -21.75 0.1047199 21.75 0.1047199 -21.75 0.1047199 3 0 3 0 -21.75 0.1047199 -3 0 -3 0 -21.75 0.1047199 -21.75 0 3 0 21.75 0 21.75 0.1047199 8.600001 3 8.600001 21.75 0.6 3 0.6 3 8.600001 21.75 0 21.75 0.6 3 0 21.75 0.35 2.933013 0.35 2.933013 0 21.75 0.166987 2.75 0.166987 2.75 0 21.75 0.1 2.5 0.1 2.5 0 21.75 0 -21.75 0.1 2.5 0 -21.75 0.1 -2.5 0.1 -2.5 0 -21.75 0.166987 -2.75 0.166987 -2.75 0 -21.75 0.35 -2.933013 0.35 -2.933013 0 -21.75 0.6 -3 0.6 -3 0 -21.75 8.600001 -21.75 0.6 -3 8.600001 -21.75 8.600001 -3 -2.277864 1.473776 -2.5 0 3.612605 -4.87464 3.612605 -4.87464 -2.5 0 -2.277864 -1.473776 3.612605 -4.87464 -2.277864 -1.473776 -1.631194 -2.8166 -1.631194 -2.8166 -0.617449 -3.909158 3.612605 -4.87464 3.612605 -4.87464 -0.617449 -3.909158 0.673295 -4.654369 3.612605 -4.87464 0.673295 -4.654369 2.126349 -4.986019 5 -4.330127 3.612605 4.87464 3.612605 -4.87464 3.612605 -4.87464 3.612605 4.87464 2.126349 4.986019 3.612605 -4.87464 2.126349 4.986019 0.673295 4.654369 3.612605 4.87464 5 -4.330127 5 4.330127 5 4.330127 5 -4.330127 6.165259 -3.400864 5 4.330127 6.165259 -3.400864 6.165259 3.400864 6.165259 3.400864 6.165259 -3.400864 7.004844 -2.169419 6.165259 3.400864 7.004844 -2.169419 7.004844 2.169419 7.004844 2.169419 7.004844 -2.169419 7.444154 -0.745211 7.004844 2.169419 7.444154 -0.745211 7.444154 0.745211 0.673295 4.654369 -0.617449 3.909158 3.612605 -4.87464 3.612605 -4.87464 -0.617449 3.909158 -1.631194 2.8166 3.612605 -4.87464 -1.631194 2.8166 -2.277864 1.473776 22 1.495997 21.75 1.121997 22 0 22 0 21.75 1.121997 21.75 -0.373999 22 0 21.75 -0.373999 22 -1.495997 22 -1.495997 21.75 -0.373999 21.75 -1.869996 22 -1.495997 21.75 -1.869996 22 -2.991993 22 -2.991993 21.75 -1.869996 21.75 -3.365992 22 -2.991993 21.75 -3.365992 22 -4.487989 22 -4.487989 21.75 -3.365992 21.75 -4.861989 22 -4.487989 21.75 -4.861989 22 -5.983986 22 -5.983986 21.75 -4.861989 21.75 -6.357985 22 -5.983986 21.75 -6.357985 22 -7.479982 22 -7.479982 21.75 -6.357985 21.75 -7.853982 22 -7.479982 21.75 -7.853982 22 -8.975979 22 -8.975979 21.75 -7.853982 21.75 -9.349977 22 -8.975979 21.75 -9.349977 22 -10.47198 22 -10.47198 21.75 -9.349977 21.75 -10.84597 22 -10.47198 21.75 -10.84597 22 -11.96797 22 -11.96797 21.75 -10.84597 21.75 -12.34197 22 -11.96797 21.75 -12.34197 22 -13.46397 22 -13.46397 21.75 -12.34197 21.75 -13.83797 22 -13.46397 21.75 -13.83797 22 -14.95996 22 -14.95996 21.75 -13.83797 21.75 -15.33397 22 16.45596 21.75 16.08196 22 14.95996 22 14.95996 21.75 16.08196 21.75 14.58597 22 14.95996 21.75 14.58597 22 13.46397 22 13.46397 21.75 14.58597 21.75 13.08997 22 13.46397 21.75 13.08997 22 11.96797 22 11.96797 21.75 13.08997 21.75 11.59397 22 11.96797 21.75 11.59397 22 10.47198 22 10.47198 21.75 11.59397 21.75 10.09798 22 10.47198 21.75 10.09798 22 8.975979 22 8.975979 21.75 10.09798 21.75 8.60198 22 8.975979 21.75 8.60198 22 7.479982 22 7.479982 21.75 8.60198 21.75 7.105984 22 7.479982 21.75 7.105984 22 5.983986 22 5.983986 21.75 7.105984 21.75 5.609987 22 5.983986 21.75 5.609987 22 4.487989 22 4.487989 21.75 5.609987 21.75 4.11399 22 4.487989 21.75 4.11399 22 2.991993 22 2.991993 21.75 4.11399 21.75 2.617994 22 2.991993 21.75 2.617994 22 1.495997 22 1.495997 21.75 2.617994 21.75 1.121997 -21.75 -6.357985 -22 -7.479982 -21.75 -7.853982 -21.75 -7.853982 -22 -7.479982 -22 -8.975979 -21.75 -7.853982 -22 -8.975979 -21.75 -9.349977 -21.75 -9.349977 -22 -8.975979 -22 -10.47198 -21.75 -9.349977 -22 -10.47198 -21.75 -10.84597 -21.75 -10.84597 -22 -10.47198 -22 -11.96797 -21.75 -10.84597 -22 -11.96797 -21.75 -12.34197 -21.75 -12.34197 -22 -11.96797 -22 -13.46397 -21.75 -12.34197 -22 -13.46397 -21.75 -13.83797 -21.75 -13.83797 -22 -13.46397 -22 -14.95997 -21.75 -13.83797 -22 -14.95997 -21.75 -15.33396 -21.75 16.08197 -22 16.45596 -22 14.95996 -21.75 16.08197 -22 14.95996 -21.75 14.58597 -21.75 14.58597 -22 14.95996 -22 13.46397 -21.75 14.58597 -22 13.46397 -21.75 13.08997 -21.75 13.08997 -22 13.46397 -22 11.96797 -21.75 13.08997 -22 11.96797 -21.75 11.59397 -21.75 11.59397 -22 11.96797 -22 10.47198 -21.75 11.59397 -22 10.47198 -21.75 10.09798 -21.75 10.09798 -22 10.47198 -22 8.975979 -21.75 10.09798 -22 8.975979 -21.75 8.60198 -21.75 8.60198 -22 8.975979 -22 7.479982 -21.75 8.60198 -22 7.479982 -21.75 7.105984 -21.75 7.105984 -22 7.479982 -22 5.983986 -21.75 7.105984 -22 5.983986 -21.75 5.609987 -21.75 5.609987 -22 5.983986 -22 4.487989 -21.75 5.609987 -22 4.487989 -21.75 4.11399 -21.75 4.11399 -22 4.487989 -22 2.991993 -21.75 4.11399 -22 2.991993 -21.75 2.617994 -21.75 2.617994 -22 2.991993 -22 1.495997 -21.75 2.617994 -22 1.495997 -21.75 1.121997 -21.75 1.121997 -22 1.495997 -22 0 -21.75 1.121997 -22 0 -21.75 -0.373999 -21.75 -0.373999 -22 0 -22 -1.495997 -21.75 -0.373999 -22 -1.495997 -21.75 -1.869996 -21.75 -1.869996 -22 -1.495997 -22 -2.991993 -21.75 -1.869996 -22 -2.991993 -21.75 -3.365992 -21.75 -3.365992 -22 -2.991993 -22 -4.487989 -21.75 -3.365992 -22 -4.487989 -21.75 -4.861989 -21.75 -4.861989 -22 -4.487989 -22 -5.983986 -21.75 -4.861989 -22 -5.983986 -21.75 -6.357985 -21.75 -6.357985 -22 -5.983986 -22 -7.479982 2.277864 -1.473776 2.5 0 -3.612605 -4.87464 -3.612605 -4.87464 2.5 0 2.277864 1.473776 -3.612605 -4.87464 2.277864 1.473776 1.631194 2.8166 1.631194 2.8166 0.617449 3.909158 -3.612605 -4.87464 -3.612605 -4.87464 0.617449 3.909158 -0.673295 4.654369 -3.612605 -4.87464 -0.673295 4.654369 -2.126349 4.986019 -2.126349 4.986019 -3.612605 4.87464 -3.612605 -4.87464 -3.612605 -4.87464 -3.612605 4.87464 -5 -4.330127 -5 -4.330127 -3.612605 4.87464 -5 4.330127 -5 -4.330127 -5 4.330127 -6.165259 -3.400864 -6.165259 -3.400864 -5 4.330127 -6.165259 3.400864 -6.165259 -3.400864 -6.165259 3.400864 -7.004844 -2.169419 -7.004844 -2.169419 -6.165259 3.400864 -7.004844 2.169419 -7.004844 -2.169419 -7.004844 2.169419 -7.444154 -0.745211 -7.444154 -0.745211 -7.004844 2.169419 -7.444154 0.745211 -2.126349 -4.986019 -0.673295 -4.654369 -3.612605 -4.87464 -3.612605 -4.87464 -0.673295 -4.654369 0.617449 -3.909158 -3.612605 -4.87464 0.617449 -3.909158 1.631194 -2.8166 1.631194 -2.8166 2.277864 -1.473776 -3.612605 -4.87464 -5.258414 1.6 -6.758414 1.6 -5.258414 0 -5.258414 0 -6.758414 1.6 -6.758414 0 -1.200051 1.6 -4.900051 1.6 -1.200051 0 -1.200051 0 -4.900051 1.6 -4.900051 0 -1.4 0 0 0 -1.4 1.6 -1.4 1.6 0 0 0 1.6 -3.7 0 0 0 -3.7 1.6 -3.7 1.6 0 0 0 1.6 -1.4 0 0 0 -1.4 1.6 -1.4 1.6 0 0 0 1.6 -1.5 0 0 0 -1.5 1.6 -1.5 1.6 0 0 0 1.6 -2.6 0.8 -3.6 0.8 -2.6 -16.9 -2.6 -16.9 -3.6 0.8 -3.6 -16.9 3.7 3.6 3.7 2.2 5.2 3.6 5.2 3.6 3.7 2.2 5.2 -3.6 5.2 -3.6 3.7 2.2 3.7 -2.2 5.2 -3.6 3.7 -2.2 3.7 -3.6 3.7 2.2 0 2.2 3.7 -2.2 3.7 -2.2 0 2.2 0 -2.2 -2.9 1.6 -4.3 1.6 -2.9 0 -2.9 0 -4.3 1.6 -4.3 0 -3.7 0 0 0 -3.7 1.6 -3.7 1.6 0 0 0 1.6 -1.5 0 0 0 -1.5 1.6 -1.5 1.6 0 0 0 1.6 -1.4 0 0 0 -1.4 1.6 -1.4 1.6 0 0 0 1.6 -3.7 0 0 0 -3.7 1.6 -3.7 1.6 0 0 0 1.6 -1.5 0 0 0 -1.5 1.6 -1.5 1.6 0 0 0 1.6 5.2 6.5 5.2 3.6 6.2 6.5 6.2 6.5 5.2 3.6 6.2 -6.5 6.2 -6.5 5.2 3.6 5.2 -3.6 6.2 -6.5 5.2 -3.6 5.2 -6.5 3.7 3.6 3.7 2.2 5.2 3.6 5.2 3.6 3.7 2.2 5.2 -3.6 5.2 -3.6 3.7 2.2 3.7 -2.2 3.7 -2.2 3.7 2.2 0 2.2 3.7 -2.2 0 2.2 0 -2.2 3.7 -2.2 3.7 -3.6 5.2 -3.6 17.7 3.6 17.7 6.5 16.1 3.6 16.1 3.6 17.7 6.5 0 6.5 16.1 3.6 0 6.5 1.6 3.6 1.6 3.6 0 6.5 0 3.6 16.1 3.6 1.6 3.6 16.1 -3.6 16.1 -3.6 1.6 3.6 1.6 -3.6 16.1 -3.6 1.6 -3.6 17.7 -6.5 17.7 -6.5 1.6 -3.6 0 -6.5 0 -6.5 1.6 -3.6 0 -3.6 17.7 -6.5 17.7 -3.6 16.1 -3.6 17.7 6.5 0 6.5 17.7 -6.5 17.7 -6.5 0 6.5 0 -6.5 1.6 2.2 0 2.2 1.6 -2.2 1.6 -2.2 0 2.2 0 -2.2 0 6.5 -1 6.5 0 3.6 0 3.6 -1 6.5 -1 -6.5 0 3.6 -1 -6.5 0 -3.6 0 -3.6 -1 -6.5 0 -6.5 1.5 -3.6 1.5 -2.2 0 -3.6 0 -3.6 1.5 -2.2 1.5 2.2 0 -3.6 1.5 2.2 0 3.6 0 3.6 1.5 2.2 1.5 3.6 1.5 -2.2 5.2 -2.2 1.5 2.2 1.5 2.2 5.2 -2.2 5.2 2.2 2.6 -16.9 3.6 -16.9 2.6 0.8 2.6 0.8 3.6 -16.9 3.6 0.8 1.5 3.6 0 3.6 1.5 2.2 1.5 2.2 0 3.6 0 -3.6 1.5 2.2 0 -3.6 1.5 -2.2 1.5 -2.2 0 -3.6 1.5 -3.6 1.5 -2.2 5.2 -2.2 1.5 2.2 1.5 2.2 5.2 -2.2 5.2 2.2 1.6 2.2 0 2.2 1.6 -2.2 1.6 -2.2 0 2.2 0 -2.2 -8 0 0 0 -8 0.01999998 -8 0.01999998 0 0 0 0.01999998 0.01999998 0 0 0 0.01999998 -0.314159 0.01999998 -0.314159 0 0 0 -0.314159 0.01999998 -0.314159 0 -0.314159 0.01999998 -0.628319 0.01999998 -0.628319 0 -0.314159 0 -0.628319 0.01999998 -0.628319 0 -0.628319 0.01999998 -0.942478 0.01999998 -0.942478 0 -0.628319 0 -0.942478 0.01999998 -0.942478 0 -0.942478 0.01999998 -1.256637 0.01999998 -1.256637 0 -0.942478 0 -1.256637 0.01999998 -1.256637 0 -1.256637 0.01999998 -1.570796 0.01999998 -1.570796 0 -1.256637 0 -1.570796 0.01999998 0 0 0 0.01999998 -0.314159 0.01999998 -0.314159 0 0 0 -0.314159 0.01999998 -0.314159 0 -0.314159 0.01999998 -0.628319 0.01999998 -0.628319 0 -0.314159 0 -0.628319 0.01999998 -0.628319 0 -0.628319 0.01999998 -0.942478 0.01999998 -0.942478 0 -0.628319 0 -0.942478 0.01999998 -0.942478 0 -0.942478 0.01999998 -1.256637 0.01999998 -1.256637 0 -0.942478 0 -1.256637 0.01999998 -1.256637 0 -1.256637 0.01999998 -1.570796 0.01999998 -1.570796 0 -1.256637 0 -1.570796 -8 0 0 0 -8 0.01999998 -8 0.01999998 0 0 0 0.01999998 -8 0 0 0 -8 0.01999998 -8 0.01999998 0 0 0 0.01999998 0.01999998 0 0 0 0.01999998 -0.314159 0.01999998 -0.314159 0 0 0 -0.314159 0.01999998 -0.314159 0 -0.314159 0.01999998 -0.628319 0.01999998 -0.628319 0 -0.314159 0 -0.628319 0.01999998 -0.628319 0 -0.628319 0.01999998 -0.942478 0.01999998 -0.942478 0 -0.628319 0 -0.942478 0.01999998 -0.942478 0 -0.942478 0.01999998 -1.256637 0.01999998 -1.256637 0 -0.942478 0 -1.256637 0.01999998 -1.256637 0 -1.256637 0.01999998 -1.570796 0.01999998 -1.570796 0 -1.256637 0 -1.570796 0.01999998 0 0 0 0.01999998 -0.314159 0.01999998 -0.314159 0 0 0 -0.314159 0.01999998 -0.314159 0 -0.314159 0.01999998 -0.628319 0.01999998 -0.628319 0 -0.314159 0 -0.628319 0.01999998 -0.628319 0 -0.628319 0.01999998 -0.942478 0.01999998 -0.942478 0 -0.628319 0 -0.942478 0.01999998 -0.942478 0 -0.942478 0.01999998 -1.256637 0.01999998 -1.256637 0 -0.942478 0 -1.256637 0.01999998 -1.256637 0 -1.256637 0.01999998 -1.570796 0.01999998 -1.570796 0 -1.256637 0 -1.570796 -8 0 0 0 -8 0.01999998 -8 0.01999998 0 0 0 0.01999998 -0.5 4 -0.5 -4 -0.404509 4.293893 -0.404509 4.293893 -0.5 -4 -0.404509 -4.293893 -0.404509 4.293893 -0.404509 -4.293893 -0.154509 4.475528 -0.154509 4.475528 -0.404509 -4.293893 -0.154509 -4.475528 -0.154509 4.475528 -0.154509 -4.475528 0.154509 -4.475528 -0.154509 4.475528 0.154509 -4.475528 0.154509 4.475528 0.154509 4.475528 0.154509 -4.475528 0.404509 -4.293893 0.154509 4.475528 0.404509 -4.293893 0.404509 4.293893 0.404509 4.293893 0.404509 -4.293893 0.5 -4 0.404509 4.293893 0.5 -4 0.5 4 -0.5 4 -0.5 -4 -0.404509 4.293893 -0.404509 4.293893 -0.5 -4 -0.404509 -4.293893 -0.404509 4.293893 -0.404509 -4.293893 -0.154509 4.475528 -0.154509 4.475528 -0.404509 -4.293893 -0.154509 -4.475528 -0.154509 4.475528 -0.154509 -4.475528 0.154509 -4.475528 -0.154509 4.475528 0.154509 -4.475528 0.154509 4.475528 0.154509 4.475528 0.154509 -4.475528 0.404509 -4.293893 0.154509 4.475528 0.404509 -4.293893 0.404509 4.293893 0.404509 4.293893 0.404509 -4.293893 0.5 -4 0.404509 4.293893 0.5 -4 0.5 4</float_array>
          <technique_common>
            <accessor source="#MPO-500_V1_3_0_Simplified_Body-mesh-map-0-array" count="19524" stride="2">
              <param name="S" type="float"/>
              <param name="T" type="float"/>
            </accessor>
          </technique_common>
        </source>
        <vertices id="MPO-500_V1_3_0_Simplified_Body-mesh-vertices">
          <input semantic="POSITION" source="#MPO-500_V1_3_0_Simplified_Body-mesh-positions"/>
        </vertices>
        <triangles material="_54_254_255-material" count="204">
          <input semantic="VERTEX" source="#MPO-500_V1_3_0_Simplified_Body-mesh-vertices" offset="0"/>
          <input semantic="NORMAL" source="#MPO-500_V1_3_0_Simplified_Body-mesh-normals" offset="1"/>
          <input semantic="TEXCOORD" source="#MPO-500_V1_3_0_Simplified_Body-mesh-map-0" offset="2" set="0"/>
          <p>1630 0 0 1766 0 1 1629 0 2 1629 0 3 1766 0 4 1765 0 5 1765 1 6 1766 2 7 1770 3 8 1770 3 9 1766 2 10 1768 4 11 1770 3 12 1768 4 13 1771 5 14 1771 5 15 1772 2 16 1770 3 17 1770 3 18 1772 2 19 1778 6 20 1770 3 21 1778 6 22 1773 7 23 1773 7 24 1778 6 25 1777 2 26 1773 7 27 1777 2 28 1776 2 29 1775 2 30 1774 2 31 1776 2 32 1776 2 33 1774 2 34 1773 7 35 1769 2 36 1767 8 37 1770 3 38 1770 3 39 1767 8 40 1765 1 41 1642 9 42 1636 10 43 1634 11 44 1634 11 45 1636 10 46 1635 12 47 1634 11 48 1635 12 49 1632 13 50 1632 13 51 1630 14 52 1634 11 53 1634 11 54 1630 14 55 1629 15 56 1634 11 57 1629 15 58 1631 16 59 1631 16 60 1633 17 61 1634 11 62 1634 11 63 1637 18 64 1642 9 65 1642 9 66 1637 18 67 1641 19 68 1641 19 69 1637 18 70 1640 20 71 1640 20 72 1637 18 73 1638 21 74 1640 20 75 1638 21 76 1639 22 77 1641 23 78 1777 23 79 1642 23 80 1642 23 81 1777 23 82 1778 23 83 1779 24 84 1784 25 85 1781 26 86 1781 26 87 1784 25 88 1783 27 89 1781 26 90 1783 27 91 1782 28 92 1779 24 93 1780 29 94 1784 25 95 1784 25 96 1780 29 97 1785 30 98 1785 30 99 1780 29 100 1786 31 101 1785 30 102 1786 31 103 1791 32 104 1791 32 105 1786 31 106 1792 33 107 1792 33 108 1786 31 109 1790 34 110 1790 34 111 1786 31 112 1788 35 113 1791 32 114 1789 2 115 1785 30 116 1785 30 117 1789 2 118 1787 2 119 1644 36 120 1643 37 121 1648 38 122 1648 38 123 1643 37 124 1645 39 125 1648 38 126 1645 39 127 1647 40 128 1647 40 129 1645 39 130 1646 41 131 1648 38 132 1649 42 133 1644 36 134 1644 36 135 1649 42 136 1650 17 137 1650 17 138 1649 42 139 1655 17 140 1650 17 141 1655 17 142 1656 17 143 1651 17 144 1653 17 145 1649 42 146 1649 42 147 1653 17 148 1655 17 149 1656 17 150 1654 17 151 1650 17 152 1650 17 153 1654 17 154 1652 17 155 1779 0 156 1643 0 157 1780 0 158 1780 0 159 1643 0 160 1644 0 161 1772 43 162 1771 44 163 1797 45 164 1797 45 165 1771 44 166 1796 46 167 1796 46 168 1771 44 169 1768 47 170 1796 46 171 1768 47 172 1794 48 173 1794 48 174 1768 47 175 1766 49 176 1794 48 177 1766 49 178 1793 50 179 1793 50 180 1766 49 181 1765 51 182 1793 50 183 1765 51 184 1767 52 185 1766 53 186 1630 54 187 1765 55 188 1765 55 189 1630 54 190 1629 56 191 1629 57 192 1630 58 193 1604 59 194 1629 57 195 1604 59 196 1631 60 197 1631 60 198 1604 59 199 1633 61 200 1633 61 201 1604 59 202 1606 62 203 1633 61 204 1606 62 205 1634 63 206 1604 59 207 1630 58 208 1605 64 209 1605 64 210 1630 58 211 1632 65 212 1605 64 213 1632 65 214 1607 66 215 1607 66 216 1632 65 217 1635 67 218 1607 66 219 1635 67 220 1608 68 221 1608 68 222 1635 67 223 1636 69 224 1767 52 225 1769 70 226 1793 50 227 1793 50 228 1769 70 229 1795 71 230 1795 71 231 1769 70 232 1770 72 233 1770 72 234 1773 73 235 1795 71 236 1795 71 237 1773 73 238 1798 74 239 1798 74 240 1773 73 241 1799 75 242 1799 75 243 1773 73 244 1774 76 245 1799 75 246 1774 76 247 1775 77 248 1776 78 249 1801 79 250 1775 77 251 1775 77 252 1801 79 253 1800 80 254 1775 77 255 1800 80 256 1799 75 257 1620 81 258 1648 82 259 1619 83 260 1619 83 261 1648 82 262 1647 84 263 1619 83 264 1647 84 265 1646 85 266 1645 86 267 1617 87 268 1646 85 269 1646 85 270 1617 87 271 1618 88 272 1646 85 273 1618 88 274 1619 83 275 1806 89 276 1781 90 277 1807 85 278 1807 85 279 1781 90 280 1782 88 281 1807 85 282 1782 88 283 1783 83 284 1784 81 285 1809 82 286 1783 83 287 1783 83 288 1809 82 289 1808 84 290 1783 83 291 1808 84 292 1807 85 293 1649 91 294 1648 82 295 1621 92 296 1621 92 297 1648 82 298 1620 81 299 1784 81 300 1785 92 301 1809 82 302 1809 82 303 1785 92 304 1810 91 305 1627 93 306 1655 94 307 1625 95 308 1625 95 309 1655 94 310 1653 96 311 1625 95 312 1653 96 313 1651 97 314 1649 91 315 1621 92 316 1651 97 317 1651 97 318 1621 92 319 1623 98 320 1651 97 321 1623 98 322 1625 95 323 1810 91 324 1785 92 325 1812 97 326 1812 97 327 1785 92 328 1787 98 329 1812 97 330 1787 98 331 1789 95 332 1791 93 333 1816 94 334 1789 95 335 1789 95 336 1816 94 337 1814 96 338 1789 95 339 1814 96 340 1812 97 341 1656 99 342 1655 94 343 1628 100 344 1628 100 345 1655 94 346 1627 93 347 1791 93 348 1792 100 349 1816 94 350 1816 94 351 1792 100 352 1817 99 353 1622 101 354 1650 102 355 1624 103 356 1624 103 357 1650 102 358 1652 104 359 1624 103 360 1652 104 361 1626 105 362 1626 105 363 1652 104 364 1654 106 365 1626 105 366 1654 106 367 1628 100 368 1628 100 369 1654 106 370 1656 99 371 1817 99 372 1792 100 373 1815 106 374 1815 106 375 1792 100 376 1790 105 377 1815 106 378 1790 105 379 1813 104 380 1813 104 381 1790 105 382 1788 103 383 1813 104 384 1788 103 385 1811 107 386 1811 107 387 1788 103 388 1786 108 389 1786 108 390 1780 109 391 1811 107 392 1811 107 393 1780 109 394 1805 109 395 1805 109 396 1780 109 397 1616 109 398 1616 109 399 1780 109 400 1644 109 401 1616 109 402 1644 109 403 1622 101 404 1622 101 405 1644 109 406 1650 102 407 1617 110 408 1615 2 409 1620 111 410 1620 111 411 1615 2 412 1616 112 413 1620 111 414 1616 112 415 1621 113 416 1621 113 417 1616 112 418 1622 114 419 1621 113 420 1622 114 421 1627 115 422 1627 115 423 1622 114 424 1628 116 425 1628 116 426 1622 114 427 1626 117 428 1626 117 429 1622 114 430 1624 118 431 1627 115 432 1625 2 433 1621 113 434 1621 113 435 1625 2 436 1623 2 437 1620 111 438 1619 119 439 1617 110 440 1617 110 441 1619 119 442 1618 120 443 1781 90 444 1806 89 445 1779 121 446 1779 121 447 1806 89 448 1804 121 449 1779 121 450 1804 121 451 1615 121 452 1779 121 453 1615 121 454 1643 121 455 1643 121 456 1615 121 457 1617 87 458 1643 121 459 1617 87 460 1645 86 461 1804 17 462 1809 17 463 1805 17 464 1805 17 465 1809 17 466 1810 122 467 1805 17 468 1810 122 469 1811 123 470 1811 123 471 1810 122 472 1816 124 473 1811 123 474 1816 124 475 1817 17 476 1804 17 477 1806 125 478 1809 17 479 1809 17 480 1806 125 481 1808 126 482 1808 126 483 1806 125 484 1807 127 485 1812 17 486 1814 17 487 1810 122 488 1810 122 489 1814 17 490 1816 124 491 1817 17 492 1815 17 493 1811 123 494 1811 123 495 1815 17 496 1813 17 497 1606 128 498 1614 2 499 1609 2 500 1609 2 501 1614 2 502 1613 2 503 1609 2 504 1613 2 505 1612 2 506 1614 2 507 1606 128 508 1608 129 509 1608 129 510 1606 128 511 1604 130 512 1608 129 513 1604 130 514 1605 131 515 1605 131 516 1607 132 517 1608 129 518 1611 2 519 1610 2 520 1612 2 521 1612 2 522 1610 2 523 1609 2 524 1772 43 525 1797 45 526 1778 109 527 1778 109 528 1797 45 529 1803 109 530 1778 109 531 1803 109 532 1614 109 533 1778 109 534 1614 109 535 1642 109 536 1642 109 537 1614 109 538 1608 68 539 1642 109 540 1608 68 541 1636 69 542 1640 133 543 1612 134 544 1641 121 545 1641 121 546 1612 134 547 1613 121 548 1641 121 549 1613 121 550 1777 121 551 1777 121 552 1613 121 553 1802 121 554 1777 121 555 1802 121 556 1801 79 557 1801 79 558 1776 78 559 1777 121 560 1612 134 561 1640 133 562 1611 77 563 1611 77 564 1640 133 565 1639 80 566 1611 77 567 1639 80 568 1638 75 569 1637 135 570 1609 136 571 1638 75 572 1638 75 573 1609 136 574 1610 76 575 1638 75 576 1610 76 577 1611 77 578 1637 135 579 1634 63 580 1609 136 581 1609 136 582 1634 63 583 1606 62 584 1798 137 585 1803 138 586 1795 139 587 1795 139 588 1803 138 589 1797 140 590 1795 139 591 1797 140 592 1793 141 593 1793 141 594 1797 140 595 1794 142 596 1794 142 597 1797 140 598 1796 143 599 1799 40 600 1801 39 601 1798 137 602 1798 137 603 1801 39 604 1802 17 605 1798 137 606 1802 17 607 1803 138 608 1799 40 609 1800 41 610 1801 39 611</p>
        </triangles>
        <triangles material="_78_0_0-material" count="224">
          <input semantic="VERTEX" source="#MPO-500_V1_3_0_Simplified_Body-mesh-vertices" offset="0"/>
          <input semantic="NORMAL" source="#MPO-500_V1_3_0_Simplified_Body-mesh-normals" offset="1"/>
          <input semantic="TEXCOORD" source="#MPO-500_V1_3_0_Simplified_Body-mesh-map-0" offset="2" set="0"/>
          <p>7 144 612 18 145 613 5 146 614 5 146 615 18 145 616 16 147 617 5 146 618 16 147 619 14 148 620 14 148 621 16 147 622 28 149 623 14 148 624 28 149 625 26 150 626 26 150 627 28 149 628 40 151 629 26 150 630 40 151 631 38 152 632 18 145 633 7 144 634 20 153 635 20 153 636 7 144 637 9 154 638 20 153 639 9 154 640 22 155 641 22 155 642 9 154 643 10 156 644 22 155 645 10 156 646 21 157 647 21 157 648 10 156 649 8 158 650 21 157 651 8 158 652 19 159 653 19 159 654 8 158 655 6 160 656 19 159 657 6 160 658 17 161 659 17 161 660 6 160 661 4 162 662 17 161 663 4 162 664 15 163 665 15 163 666 4 162 667 2 164 668 15 163 669 2 164 670 13 165 671 13 165 672 2 164 673 0 166 674 13 165 675 0 166 676 11 167 677 11 167 678 0 166 679 1 168 680 11 167 681 1 168 682 12 169 683 12 169 684 1 168 685 3 170 686 12 169 687 3 170 688 14 148 689 14 148 690 3 170 691 5 146 692 26 150 693 38 152 694 24 171 695 24 171 696 38 152 697 36 172 698 24 171 699 36 172 700 23 173 701 23 173 702 36 172 703 35 174 704 23 173 705 35 174 706 25 175 707 25 175 708 35 174 709 37 176 710 25 175 711 37 176 712 27 177 713 27 177 714 37 176 715 39 178 716 27 177 717 39 178 718 29 179 719 29 179 720 39 178 721 41 180 722 29 179 723 41 180 724 31 181 725 31 181 726 41 180 727 43 182 728 31 181 729 43 182 730 33 183 731 33 183 732 43 182 733 45 184 734 33 183 735 45 184 736 34 185 737 34 185 738 45 184 739 46 186 740 34 185 741 46 186 742 32 187 743 32 187 744 46 186 745 44 188 746 32 187 747 44 188 748 30 189 749 30 189 750 44 188 751 42 190 752 30 189 753 42 190 754 28 149 755 28 149 756 42 190 757 40 151 758 30 189 759 28 149 760 16 147 761 30 189 762 16 147 763 18 145 764 32 187 765 30 189 766 18 145 767 34 185 768 32 187 769 20 153 770 20 153 771 32 187 772 18 145 773 33 183 774 34 185 775 22 155 776 22 155 777 34 185 778 20 153 779 31 181 780 33 183 781 21 157 782 21 157 783 33 183 784 22 155 785 29 179 786 31 181 787 19 159 788 19 159 789 31 181 790 21 157 791 27 177 792 29 179 793 17 161 794 17 161 795 29 179 796 19 159 797 25 175 798 27 177 799 15 163 800 15 163 801 27 177 802 17 161 803 23 173 804 25 175 805 13 165 806 13 165 807 25 175 808 15 163 809 24 171 810 23 173 811 11 167 812 11 167 813 23 173 814 13 165 815 26 150 816 24 171 817 12 169 818 12 169 819 24 171 820 11 167 821 14 148 822 26 150 823 12 169 824 51 191 825 38 152 826 55 192 827 55 192 828 38 152 829 40 151 830 55 192 831 40 151 832 42 190 833 38 152 834 51 191 835 36 172 836 36 172 837 51 191 838 47 193 839 36 172 840 47 193 841 35 174 842 35 174 843 47 193 844 48 194 845 35 174 846 48 194 847 37 176 848 37 176 849 48 194 850 52 195 851 37 176 852 52 195 853 39 178 854 39 178 855 52 195 856 58 196 857 39 178 858 58 196 859 41 180 860 41 180 861 58 196 862 43 182 863 43 182 864 58 196 865 62 197 866 43 182 867 62 197 868 45 184 869 45 184 870 62 197 871 66 198 872 45 184 873 66 198 874 46 186 875 46 186 876 66 198 877 65 199 878 46 186 879 65 199 880 44 188 881 44 188 882 65 199 883 61 200 884 44 188 885 61 200 886 42 190 887 42 190 888 61 200 889 55 192 890 5 146 891 3 170 892 7 144 893 7 144 894 3 170 895 9 154 896 9 154 897 3 170 898 1 168 899 9 154 900 1 168 901 10 156 902 10 156 903 1 168 904 0 166 905 10 156 906 0 166 907 8 158 908 8 158 909 0 166 910 2 164 911 8 158 912 2 164 913 6 160 914 6 160 915 2 164 916 4 162 917 3280 896 4203 3268 897 4204 3282 898 4205 3282 898 4206 3268 897 4207 3270 899 4208 3282 898 4209 3270 899 4210 3272 900 4211 3272 900 4212 3270 899 4213 3258 901 4214 3272 900 4215 3258 901 4216 3260 902 4217 3260 902 4218 3258 901 4219 3246 903 4220 3260 902 4221 3246 903 4222 3248 904 4223 3268 897 4224 3280 896 4225 3266 905 4226 3266 905 4227 3280 896 4228 3278 906 4229 3266 905 4230 3278 906 4231 3265 907 4232 3265 907 4233 3278 906 4234 3277 908 4235 3265 907 4236 3277 908 4237 3267 909 4238 3267 909 4239 3277 908 4240 3279 910 4241 3267 909 4242 3279 910 4243 3269 911 4244 3269 911 4245 3279 910 4246 3281 912 4247 3269 911 4248 3281 912 4249 3271 913 4250 3271 913 4251 3281 912 4252 3283 914 4253 3271 913 4254 3283 914 4255 3273 915 4256 3273 915 4257 3283 914 4258 3285 916 4259 3273 915 4260 3285 916 4261 3275 917 4262 3275 917 4263 3285 916 4264 3287 918 4265 3275 917 4266 3287 918 4267 3276 919 4268 3276 919 4269 3287 918 4270 3286 920 4271 3276 919 4272 3286 920 4273 3274 921 4274 3274 921 4275 3286 920 4276 3284 922 4277 3274 921 4278 3284 922 4279 3272 900 4280 3272 900 4281 3284 922 4282 3282 898 4283 3260 902 4284 3248 904 4285 3262 923 4286 3262 923 4287 3248 904 4288 3250 924 4289 3262 923 4290 3250 924 4291 3264 925 4292 3264 925 4293 3250 924 4294 3252 926 4295 3264 925 4296 3252 926 4297 3263 927 4298 3263 927 4299 3252 926 4300 3251 928 4301 3263 927 4302 3251 928 4303 3261 929 4304 3261 929 4305 3251 928 4306 3249 930 4307 3261 929 4308 3249 930 4309 3259 931 4310 3259 931 4311 3249 930 4312 3247 932 4313 3259 931 4314 3247 932 4315 3257 933 4316 3257 933 4317 3247 932 4318 3245 934 4319 3257 933 4320 3245 934 4321 3255 935 4322 3255 935 4323 3245 934 4324 3243 936 4325 3255 935 4326 3243 936 4327 3253 937 4328 3253 937 4329 3243 936 4330 3241 938 4331 3253 937 4332 3241 938 4333 3254 939 4334 3254 939 4335 3241 938 4336 3242 940 4337 3254 939 4338 3242 940 4339 3256 941 4340 3256 941 4341 3242 940 4342 3244 942 4343 3256 941 4344 3244 942 4345 3258 901 4346 3258 901 4347 3244 942 4348 3246 903 4349 3256 941 4350 3258 901 4351 3270 899 4352 3256 941 4353 3270 899 4354 3268 897 4355 3254 939 4356 3256 941 4357 3268 897 4358 3253 937 4359 3254 939 4360 3266 905 4361 3266 905 4362 3254 939 4363 3268 897 4364 3255 935 4365 3253 937 4366 3265 907 4367 3265 907 4368 3253 937 4369 3266 905 4370 3257 933 4371 3255 935 4372 3267 909 4373 3267 909 4374 3255 935 4375 3265 907 4376 3259 931 4377 3257 933 4378 3269 911 4379 3269 911 4380 3257 933 4381 3267 909 4382 3261 929 4383 3259 931 4384 3271 913 4385 3271 913 4386 3259 931 4387 3269 911 4388 3263 927 4389 3261 929 4390 3273 915 4391 3273 915 4392 3261 929 4393 3271 913 4394 3264 925 4395 3263 927 4396 3275 917 4397 3275 917 4398 3263 927 4399 3273 915 4400 3262 923 4401 3264 925 4402 3276 919 4403 3276 919 4404 3264 925 4405 3275 917 4406 3260 902 4407 3262 923 4408 3274 921 4409 3274 921 4410 3262 923 4411 3276 919 4412 3272 900 4413 3260 902 4414 3274 921 4415 3235 943 4416 3248 904 4417 3229 944 4418 3229 944 4419 3248 904 4420 3246 903 4421 3229 944 4422 3246 903 4423 3244 942 4424 3248 904 4425 3235 943 4426 3250 924 4427 3250 924 4428 3235 943 4429 3239 945 4430 3250 924 4431 3239 945 4432 3252 926 4433 3252 926 4434 3239 945 4435 3240 946 4436 3252 926 4437 3240 946 4438 3251 928 4439 3251 928 4440 3240 946 4441 3236 947 4442 3251 928 4443 3236 947 4444 3249 930 4445 3249 930 4446 3236 947 4447 3232 948 4448 3249 930 4449 3232 948 4450 3247 932 4451 3247 932 4452 3232 948 4453 3245 934 4454 3245 934 4455 3232 948 4456 3226 949 4457 3245 934 4458 3226 949 4459 3243 936 4460 3243 936 4461 3226 949 4462 3222 950 4463 3243 936 4464 3222 950 4465 3241 938 4466 3241 938 4467 3222 950 4468 3221 951 4469 3241 938 4470 3221 951 4471 3242 940 4472 3242 940 4473 3221 951 4474 3225 952 4475 3242 940 4476 3225 952 4477 3244 942 4478 3244 942 4479 3225 952 4480 3229 944 4481 3282 898 4482 3284 922 4483 3280 896 4484 3280 896 4485 3284 922 4486 3286 920 4487 3280 896 4488 3286 920 4489 3278 906 4490 3278 906 4491 3286 920 4492 3287 918 4493 3278 906 4494 3287 918 4495 3277 908 4496 3277 908 4497 3287 918 4498 3285 916 4499 3277 908 4500 3285 916 4501 3279 910 4502 3279 910 4503 3285 916 4504 3283 914 4505 3279 910 4506 3283 914 4507 3281 912 4508 3225 2 4509 3227 2 4510 3229 953 4511 3229 953 4512 3227 2 4513 3230 2 4514 3229 953 4515 3230 2 4516 3233 954 4517 3227 2 4518 3225 2 4519 3223 955 4520 3223 955 4521 3225 2 4522 3221 2 4523 3223 955 4524 3221 2 4525 3222 956 4526 3223 955 4527 3222 956 4528 3224 957 4529 3224 957 4530 3222 956 4531 3226 958 4532 3224 957 4533 3226 958 4534 3228 959 4535 3228 959 4536 3226 958 4537 3232 2 4538 3228 959 4539 3232 2 4540 3231 2 4541 3231 2 4542 3232 2 4543 3234 960 4544 3234 960 4545 3232 2 4546 3236 961 4547 3234 960 4548 3236 961 4549 3238 962 4550 3238 962 4551 3236 961 4552 3240 2 4553 3238 962 4554 3240 2 4555 3239 963 4556 3238 962 4557 3239 963 4558 3237 964 4559 3237 964 4560 3239 963 4561 3235 965 4562 3237 964 4563 3235 965 4564 3233 954 4565 3233 954 4566 3235 965 4567 3229 953 4568</p>
        </triangles>
        <triangles material="_21_221_13-material" count="146">
          <input semantic="VERTEX" source="#MPO-500_V1_3_0_Simplified_Body-mesh-vertices" offset="0"/>
          <input semantic="NORMAL" source="#MPO-500_V1_3_0_Simplified_Body-mesh-normals" offset="1"/>
          <input semantic="TEXCOORD" source="#MPO-500_V1_3_0_Simplified_Body-mesh-map-0" offset="2" set="0"/>
          <p>61 17 918 59 17 919 55 201 920 55 201 921 59 17 922 56 17 923 55 201 924 56 17 925 53 202 926 59 17 927 61 17 928 63 203 929 63 203 930 61 17 931 65 17 932 63 203 933 65 17 934 66 204 935 63 203 936 66 204 937 64 205 938 64 205 939 66 204 940 62 206 941 64 205 942 62 206 943 60 207 944 60 207 945 62 206 946 58 17 947 60 207 948 58 17 949 57 17 950 57 17 951 58 17 952 54 208 953 54 208 954 58 17 955 52 209 956 54 208 957 52 209 958 50 210 959 50 210 960 52 209 961 48 17 962 50 210 963 48 17 964 47 211 965 50 210 966 47 211 967 49 212 968 49 212 969 47 211 970 51 213 971 49 212 972 51 213 973 53 202 974 53 202 975 51 213 976 55 201 977 59 214 978 81 215 979 56 216 980 56 216 981 81 215 982 79 217 983 56 216 984 79 217 985 53 218 986 53 218 987 79 217 988 77 219 989 53 218 990 77 219 991 49 220 992 49 220 993 77 219 994 75 221 995 49 220 996 75 221 997 50 222 998 50 222 999 75 221 1000 76 223 1001 50 222 1002 76 223 1003 54 224 1004 54 224 1005 76 223 1006 78 225 1007 54 224 1008 78 225 1009 57 226 1010 57 226 1011 78 225 1012 80 227 1013 57 226 1014 80 227 1015 60 228 1016 60 228 1017 80 227 1018 82 229 1019 60 228 1020 82 229 1021 64 230 1022 64 230 1023 82 229 1024 84 231 1025 64 230 1026 84 231 1027 63 232 1028 63 232 1029 84 231 1030 83 233 1031 63 232 1032 83 233 1033 59 214 1034 59 214 1035 83 233 1036 81 215 1037 81 234 1038 96 235 1039 79 236 1040 79 236 1041 96 235 1042 94 237 1043 79 236 1044 94 237 1045 92 238 1046 96 235 1047 81 234 1048 98 239 1049 98 239 1050 81 234 1051 83 240 1052 98 239 1053 83 240 1054 99 241 1055 99 241 1056 83 240 1057 84 242 1058 99 241 1059 84 242 1060 97 243 1061 97 243 1062 84 242 1063 82 244 1064 97 243 1065 82 244 1066 95 245 1067 95 245 1068 82 244 1069 80 246 1070 95 245 1071 80 246 1072 93 247 1073 93 247 1074 80 246 1075 78 248 1076 93 247 1077 78 248 1078 91 249 1079 91 249 1080 78 248 1081 76 250 1082 91 249 1083 76 250 1084 89 251 1085 89 251 1086 76 250 1087 75 252 1088 89 251 1089 75 252 1090 90 253 1091 90 253 1092 75 252 1093 77 254 1094 90 253 1095 77 254 1096 92 238 1097 92 238 1098 77 254 1099 79 236 1100 96 255 1101 123 256 1102 94 257 1103 94 257 1104 123 256 1105 121 258 1106 94 257 1107 121 258 1108 92 259 1109 92 259 1110 121 258 1111 119 260 1112 92 259 1113 119 260 1114 90 261 1115 90 261 1116 119 260 1117 117 262 1118 90 261 1119 117 262 1120 89 263 1121 89 263 1122 117 262 1123 116 264 1124 89 263 1125 116 264 1126 91 265 1127 91 265 1128 116 264 1129 118 266 1130 91 265 1131 118 266 1132 93 267 1133 93 267 1134 118 266 1135 120 268 1136 93 267 1137 120 268 1138 95 269 1139 95 269 1140 120 268 1141 122 270 1142 95 269 1143 122 270 1144 97 271 1145 97 271 1146 122 270 1147 124 272 1148 97 271 1149 124 272 1150 99 273 1151 99 273 1152 124 272 1153 126 274 1154 99 273 1155 126 274 1156 98 275 1157 98 275 1158 126 274 1159 125 276 1160 98 275 1161 125 276 1162 96 255 1163 96 255 1164 125 276 1165 123 256 1166 3227 966 4569 3205 967 4570 3230 217 4571 3230 217 4572 3205 967 4573 3207 216 4574 3230 217 4575 3207 216 4576 3233 968 4577 3233 968 4578 3207 216 4579 3209 969 4580 3233 968 4581 3209 969 4582 3237 970 4583 3237 970 4584 3209 969 4585 3211 971 4586 3237 970 4587 3211 971 4588 3238 972 4589 3238 972 4590 3211 971 4591 3212 973 4592 3238 972 4593 3212 973 4594 3234 974 4595 3234 974 4596 3212 973 4597 3210 975 4598 3234 974 4599 3210 975 4600 3231 227 4601 3231 227 4602 3210 975 4603 3208 226 4604 3231 227 4605 3208 226 4606 3228 976 4607 3228 976 4608 3208 226 4609 3206 977 4610 3228 976 4611 3206 977 4612 3224 978 4613 3224 978 4614 3206 977 4615 3204 979 4616 3224 978 4617 3204 979 4618 3223 980 4619 3223 980 4620 3204 979 4621 3203 981 4622 3223 980 4623 3203 981 4624 3227 966 4625 3227 966 4626 3203 981 4627 3205 967 4628 3205 982 4629 3191 983 4630 3207 984 4631 3207 984 4632 3191 983 4633 3193 985 4634 3207 984 4635 3193 985 4636 3195 986 4637 3191 983 4638 3205 982 4639 3189 987 4640 3189 987 4641 3205 982 4642 3203 988 4643 3189 987 4644 3203 988 4645 3188 989 4646 3188 989 4647 3203 988 4648 3204 990 4649 3188 989 4650 3204 990 4651 3190 991 4652 3190 991 4653 3204 990 4654 3206 992 4655 3190 991 4656 3206 992 4657 3192 993 4658 3192 993 4659 3206 992 4660 3208 994 4661 3192 993 4662 3208 994 4663 3194 995 4664 3194 995 4665 3208 994 4666 3210 996 4667 3194 995 4668 3210 996 4669 3196 997 4670 3196 997 4671 3210 996 4672 3212 998 4673 3196 997 4674 3212 998 4675 3198 999 4676 3198 999 4677 3212 998 4678 3211 1000 4679 3198 999 4680 3211 1000 4681 3197 1001 4682 3197 1001 4683 3211 1000 4684 3209 1002 4685 3197 1001 4686 3209 1002 4687 3195 986 4688 3195 986 4689 3209 1002 4690 3207 984 4691 3191 1003 4692 3164 1004 4693 3193 258 4694 3193 258 4695 3164 1004 4696 3166 257 4697 3193 258 4698 3166 257 4699 3195 1005 4700 3195 1005 4701 3166 257 4702 3168 1006 4703 3195 1005 4704 3168 1006 4705 3197 1007 4706 3197 1007 4707 3168 1006 4708 3170 1008 4709 3197 1007 4710 3170 1008 4711 3198 1009 4712 3198 1009 4713 3170 1008 4714 3171 1010 4715 3198 1009 4716 3171 1010 4717 3196 1011 4718 3196 1011 4719 3171 1010 4720 3169 1012 4721 3196 1011 4722 3169 1012 4723 3194 1013 4724 3194 1013 4725 3169 1012 4726 3167 1014 4727 3194 1013 4728 3167 1014 4729 3192 1015 4730 3192 1015 4731 3167 1014 4732 3165 1016 4733 3192 1015 4734 3165 1016 4735 3190 1017 4736 3190 1017 4737 3165 1016 4738 3163 1018 4739 3190 1017 4740 3163 1018 4741 3188 1019 4742 3188 1019 4743 3163 1018 4744 3161 1020 4745 3188 1019 4746 3161 1020 4747 3189 1021 4748 3189 1021 4749 3161 1020 4750 3162 1022 4751 3189 1021 4752 3162 1022 4753 3191 1003 4754 3191 1003 4755 3162 1022 4756 3164 1004 4757</p>
        </triangles>
        <triangles material="_91_191_191-material" count="4896">
          <input semantic="VERTEX" source="#MPO-500_V1_3_0_Simplified_Body-mesh-vertices" offset="0"/>
          <input semantic="NORMAL" source="#MPO-500_V1_3_0_Simplified_Body-mesh-normals" offset="1"/>
          <input semantic="TEXCOORD" source="#MPO-500_V1_3_0_Simplified_Body-mesh-map-0" offset="2" set="0"/>
          <p>1461 277 1167 1488 278 1168 1462 279 1169 1462 279 1170 1488 278 1171 1460 280 1172 1462 279 1173 1460 280 1174 1403 281 1175 1403 281 1176 1460 280 1177 1333 282 1178 1403 281 1179 1333 282 1180 1297 283 1181 1297 283 1182 1333 282 1183 1209 284 1184 1297 283 1185 1209 284 1186 1188 285 1187 1188 285 1188 1209 284 1189 1149 286 1190 1188 285 1191 1149 286 1192 1152 287 1193 1152 287 1194 1149 286 1195 1134 288 1196 1152 287 1197 1134 288 1198 1153 289 1199 1153 289 1200 1134 288 1201 1150 290 1202 1153 289 1203 1150 290 1204 1189 291 1205 1189 291 1206 1150 290 1207 1210 292 1208 1189 291 1209 1210 292 1210 1298 293 1211 1298 293 1212 1210 292 1213 1334 294 1214 1298 293 1215 1334 294 1216 1404 295 1217 1404 295 1218 1334 294 1219 1461 277 1220 1404 295 1221 1461 277 1222 1462 279 1223 1458 296 1224 1460 297 1225 1487 298 1226 1487 298 1227 1460 297 1228 1488 299 1229 1487 298 1230 1488 299 1231 1459 300 1232 1459 300 1233 1488 299 1234 1461 301 1235 1459 300 1236 1461 301 1237 1332 302 1238 1332 302 1239 1461 301 1240 1334 303 1241 1332 302 1242 1334 303 1243 1208 304 1244 1208 304 1245 1334 303 1246 1210 305 1247 1208 304 1248 1210 305 1249 1148 306 1250 1148 306 1251 1210 305 1252 1150 307 1253 1148 306 1254 1150 307 1255 1133 308 1256 1133 308 1257 1150 307 1258 1134 309 1259 1133 308 1260 1134 309 1261 1147 310 1262 1147 310 1263 1134 309 1264 1149 311 1265 1147 310 1266 1149 311 1267 1207 312 1268 1207 312 1269 1149 311 1270 1209 313 1271 1207 312 1272 1209 313 1273 1331 314 1274 1331 314 1275 1209 313 1276 1333 315 1277 1331 314 1278 1333 315 1279 1458 296 1280 1458 296 1281 1333 315 1282 1460 297 1283 1462 0 1284 1403 0 1285 1404 0 1286 1404 0 1287 1403 0 1288 1298 0 1289 1298 0 1290 1403 0 1291 1297 0 1292 1298 0 1293 1297 0 1294 1189 0 1295 1189 0 1296 1297 0 1297 1188 0 1298 1189 0 1299 1188 0 1300 1153 0 1301 1153 0 1302 1188 0 1303 1152 0 1304 1510 316 1305 1517 317 1306 1531 318 1307 1531 318 1308 1517 317 1309 1525 319 1310 1531 318 1311 1525 319 1312 1511 320 1313 1511 320 1314 1525 319 1315 1482 321 1316 1511 320 1317 1482 321 1318 1415 322 1319 1415 322 1320 1482 321 1321 1356 323 1322 1415 322 1323 1356 323 1324 1272 324 1325 1272 324 1326 1356 323 1327 1202 325 1328 1272 324 1329 1202 325 1330 1167 326 1331 1167 326 1332 1202 325 1333 1136 327 1334 1167 326 1335 1136 327 1336 1127 328 1337 1127 328 1338 1136 327 1339 1116 329 1340 1127 328 1341 1116 329 1342 1114 330 1343 1114 330 1344 1116 329 1345 1122 331 1346 1114 330 1347 1122 331 1348 1126 332 1349 1126 332 1350 1122 331 1351 1161 333 1352 1126 332 1353 1161 333 1354 1166 334 1355 1166 334 1356 1161 333 1357 1273 335 1358 1166 334 1359 1273 335 1360 1271 336 1361 1271 336 1362 1273 335 1363 1414 337 1364 1414 337 1365 1273 335 1366 1426 338 1367 1414 337 1368 1426 338 1369 1510 316 1370 1510 316 1371 1426 338 1372 1517 317 1373 1459 339 1374 1512 340 1375 1487 341 1376 1487 341 1377 1512 340 1378 1495 342 1379 1487 341 1380 1495 342 1381 1458 343 1382 1458 343 1383 1495 342 1384 1402 344 1385 1458 343 1386 1402 344 1387 1331 345 1388 1331 345 1389 1402 344 1390 1274 346 1391 1331 345 1392 1274 346 1393 1207 347 1394 1207 347 1395 1274 346 1396 1169 348 1397 1207 347 1398 1169 348 1399 1147 349 1400 1147 349 1401 1169 348 1402 1132 350 1403 1147 349 1404 1132 350 1405 1133 351 1406 1133 351 1407 1132 350 1408 1123 352 1409 1133 351 1410 1123 352 1411 1148 353 1412 1148 353 1413 1123 352 1414 1143 354 1415 1148 353 1416 1143 354 1417 1208 355 1418 1208 355 1419 1143 354 1420 1205 356 1421 1208 355 1422 1205 356 1423 1343 357 1424 1343 357 1425 1205 356 1426 1202 325 1427 1343 357 1428 1202 325 1429 1356 323 1430 1512 340 1431 1459 339 1432 1468 358 1433 1468 358 1434 1459 339 1435 1332 359 1436 1468 358 1437 1332 359 1438 1343 357 1439 1343 357 1440 1332 359 1441 1208 355 1442 1273 335 1443 1274 346 1444 1426 338 1445 1426 338 1446 1274 346 1447 1402 344 1448 1426 338 1449 1402 344 1450 1517 317 1451 1517 317 1452 1402 344 1453 1495 342 1454 1517 317 1455 1495 342 1456 1525 319 1457 1525 319 1458 1495 342 1459 1512 340 1460 1525 319 1461 1512 340 1462 1482 321 1463 1482 321 1464 1512 340 1465 1468 358 1466 1482 321 1467 1468 358 1468 1356 323 1469 1356 323 1470 1468 358 1471 1343 357 1472 1274 346 1473 1273 335 1474 1169 348 1475 1169 348 1476 1273 335 1477 1161 333 1478 1169 348 1479 1161 333 1480 1132 350 1481 1132 350 1482 1161 333 1483 1122 331 1484 1132 350 1485 1122 331 1486 1123 352 1487 1123 352 1488 1122 331 1489 1116 329 1490 1123 352 1491 1116 329 1492 1143 354 1493 1143 354 1494 1116 329 1495 1136 327 1496 1143 354 1497 1136 327 1498 1205 356 1499 1205 356 1500 1136 327 1501 1202 325 1502 2287 372 1575 2292 373 1576 2302 374 1577 2302 374 1578 2292 373 1579 2298 375 1580 2302 374 1581 2298 375 1582 2288 376 1583 2288 376 1584 2298 375 1585 2275 377 1586 2288 376 1587 2275 377 1588 2248 378 1589 2248 378 1590 2275 377 1591 2207 379 1592 2248 378 1593 2207 379 1594 2123 380 1595 2123 380 1596 2207 379 1597 2041 381 1598 2123 380 1599 2041 381 1600 1977 382 1601 1977 382 1602 2041 381 1603 1928 383 1604 1977 382 1605 1928 383 1606 1905 384 1607 1905 384 1608 1928 383 1609 1890 385 1610 1905 384 1611 1890 385 1612 1885 386 1613 1885 386 1614 1890 385 1615 1895 387 1616 1885 386 1617 1895 387 1618 1904 388 1619 1904 388 1620 1895 387 1621 1968 389 1622 1904 388 1623 1968 389 1624 1976 390 1625 1976 390 1626 1968 389 1627 2126 391 1628 1976 390 1629 2126 391 1630 2122 392 1631 2122 392 1632 2126 391 1633 2247 393 1634 2247 393 1635 2126 391 1636 2254 394 1637 2247 393 1638 2254 394 1639 2287 372 1640 2287 372 1641 2254 394 1642 2292 373 1643 2264 395 1644 2291 396 1645 2277 397 1646 2277 397 1647 2291 396 1648 2278 398 1649 2277 397 1650 2278 398 1651 2263 399 1652 2263 399 1653 2278 398 1654 2241 400 1655 2263 399 1656 2241 400 1657 2200 401 1658 2200 401 1659 2241 400 1660 2127 402 1661 2200 401 1662 2127 402 1663 2064 403 1664 2064 403 1665 2127 402 1666 1987 404 1667 2064 403 1668 1987 404 1669 1945 405 1670 1945 405 1671 1987 404 1672 1917 406 1673 1945 405 1674 1917 406 1675 1922 407 1676 1922 407 1677 1917 406 1678 1899 408 1679 1922 407 1680 1899 408 1681 1946 409 1682 1946 409 1683 1899 408 1684 1937 410 1685 1946 409 1686 1937 410 1687 2065 411 1688 2065 411 1689 1937 410 1690 2053 412 1691 2065 411 1692 2053 412 1693 2203 413 1694 2203 413 1695 2053 412 1696 2041 381 1697 2203 413 1698 2041 381 1699 2207 379 1700 2291 396 1701 2264 395 1702 2268 414 1703 2268 414 1704 2264 395 1705 2201 415 1706 2268 414 1707 2201 415 1708 2203 413 1709 2203 413 1710 2201 415 1711 2065 411 1712 2126 391 1713 2127 402 1714 2254 394 1715 2254 394 1716 2127 402 1717 2241 400 1718 2254 394 1719 2241 400 1720 2292 373 1721 2292 373 1722 2241 400 1723 2278 398 1724 2292 373 1725 2278 398 1726 2298 375 1727 2298 375 1728 2278 398 1729 2291 396 1730 2298 375 1731 2291 396 1732 2275 377 1733 2275 377 1734 2291 396 1735 2268 414 1736 2275 377 1737 2268 414 1738 2207 379 1739 2207 379 1740 2268 414 1741 2203 413 1742 2127 402 1743 2126 391 1744 1987 404 1745 1987 404 1746 2126 391 1747 1968 389 1748 1987 404 1749 1968 389 1750 1917 406 1751 1917 406 1752 1968 389 1753 1895 387 1754 1917 406 1755 1895 387 1756 1899 408 1757 1899 408 1758 1895 387 1759 1890 385 1760 1899 408 1761 1890 385 1762 1937 410 1763 1937 410 1764 1890 385 1765 1928 383 1766 1937 410 1767 1928 383 1768 2053 412 1769 2053 412 1770 1928 383 1771 2041 381 1772 2263 399 1773 1922 407 1774 2277 397 1775 2277 397 1776 1922 407 1777 1946 409 1778 2277 397 1779 1946 409 1780 2264 395 1781 2264 395 1782 1946 409 1783 2065 411 1784 2264 395 1785 2065 411 1786 2201 415 1787 1922 407 1788 2263 399 1789 1945 405 1790 1945 405 1791 2263 399 1792 2200 401 1793 1945 405 1794 2200 401 1795 2064 403 1796 1216 23 4758 1254 23 4759 1217 1023 4760 1217 1023 4761 1254 23 4762 1313 23 4763 1217 1023 4764 1313 23 4765 1255 1024 4766 1255 1024 4767 1313 23 4768 1350 23 4769 1255 1024 4770 1350 23 4771 1351 1025 4772 1216 23 4773 1253 23 4774 1254 23 4775 1313 23 4776 1380 23 4777 1350 23 4778 1350 23 4779 1380 23 4780 1420 23 4781 1420 23 4782 1380 23 4783 1379 1026 4784 1420 23 4785 1379 1026 4786 1548 23 4787 1548 23 4788 1379 1026 4789 1560 23 4790 1548 23 4791 1560 23 4792 1570 23 4793 1570 23 4794 1560 23 4795 1579 1027 4796 1570 23 4797 1579 1027 4798 1586 23 4799 1586 23 4800 1579 1027 4801 1599 1028 4802 1586 23 4803 1599 1028 4804 1592 1029 4805 1592 1029 4806 1599 1028 4807 1594 1030 4808 1312 1031 4809 1578 1032 4810 1379 1026 4811 1379 1026 4812 1578 1032 4813 1559 1033 4814 1379 1026 4815 1559 1033 4816 1560 23 4817 1578 1032 4818 1312 1031 4819 1214 1034 4820 1214 1034 4821 1312 1031 4822 1251 23 4823 1214 1034 4824 1251 23 4825 1215 23 4826 1215 23 4827 1251 23 4828 1252 23 4829 1214 1034 4830 1596 1035 4831 1578 1032 4832 1578 1032 4833 1596 1035 4834 1582 1036 4835 1582 1036 4836 1596 1035 4837 1597 23 4838 1582 1036 4839 1597 23 4840 1583 23 4841 1579 1027 4842 1585 1037 4843 1599 1028 4844 1599 1028 4845 1585 1037 4846 1598 23 4847 1598 23 4848 1585 1037 4849 1584 23 4850 1570 23 4851 1586 23 4852 1571 23 4853 1571 23 4854 1586 23 4855 1544 23 4856 1571 23 4857 1544 23 4858 1543 23 4859 1434 23 4860 1435 1038 4861 1351 1025 4862 1351 1025 4863 1435 1038 4864 1255 1024 4865 1239 23 4866 1226 1039 4867 1255 1024 4868 1255 1024 4869 1226 1039 4870 1217 1023 4871 1258 0 4872 1220 0 4873 1259 0 4874 1259 0 4875 1220 0 4876 1221 1040 4877 1259 0 4878 1221 1040 4879 1315 0 4880 1315 0 4881 1221 1040 4882 1260 1041 4883 1315 0 4884 1260 1041 4885 1352 0 4886 1352 0 4887 1260 1041 4888 1353 1042 4889 1353 1042 4890 1260 1041 4891 1437 1043 4892 1353 1042 4893 1437 1043 4894 1436 0 4895 1221 1040 4896 1227 1044 4897 1260 1041 4898 1260 1041 4899 1227 1044 4900 1240 0 4901 1315 0 4902 1352 0 4903 1382 0 4904 1382 0 4905 1352 0 4906 1421 0 4907 1382 0 4908 1421 0 4909 1381 1045 4910 1381 1045 4911 1421 0 4912 1549 1046 4913 1381 1045 4914 1549 1046 4915 1562 1047 4916 1562 1047 4917 1549 1046 4918 1572 0 4919 1562 1047 4920 1572 0 4921 1581 1048 4922 1581 1048 4923 1572 0 4924 1591 1049 4925 1581 1048 4926 1591 1049 4927 1603 1050 4928 1603 1050 4929 1591 1049 4930 1593 1051 4931 1603 1050 4932 1593 1051 4933 1595 1052 4934 1572 0 4935 1573 0 4936 1591 1049 4937 1591 1049 4938 1573 0 4939 1546 0 4940 1546 0 4941 1573 0 4942 1545 0 4943 1581 1048 4944 1603 1050 4945 1590 1053 4946 1590 1053 4947 1603 1050 4948 1602 0 4949 1590 1053 4950 1602 0 4951 1589 0 4952 1562 1047 4953 1561 1054 4954 1381 1045 4955 1381 1045 4956 1561 1054 4957 1580 1055 4958 1381 1045 4959 1580 1055 4960 1314 0 4961 1314 0 4962 1580 1055 4963 1218 1056 4964 1314 0 4965 1218 1056 4966 1256 0 4967 1256 0 4968 1218 1056 4969 1219 0 4970 1256 0 4971 1219 0 4972 1257 0 4973 1218 1056 4974 1580 1055 4975 1600 1057 4976 1600 1057 4977 1580 1055 4978 1587 1058 4979 1600 1057 4980 1587 1058 4981 1601 0 4982 1601 0 4983 1587 1058 4984 1588 0 4985 1820 23 4986 1833 1059 4987 1821 1060 4988 1821 1060 4989 1833 1059 4990 1841 1061 4991 1821 1060 4992 1841 1061 4993 1834 1062 4994 1834 1062 4995 1841 1061 4996 1848 1063 4997 1834 1062 4998 1848 1063 4999 1849 23 5000 1820 23 5001 1832 23 5002 1833 1059 5003 1841 1061 5004 1860 1064 5005 1848 1063 5006 1848 1063 5007 1860 1064 5008 1871 1065 5009 1871 1065 5010 1860 1064 5011 1859 1066 5012 1871 1065 5013 1859 1066 5014 1969 23 5015 1969 23 5016 1859 1066 5017 2009 23 5018 1969 23 5019 2009 23 5020 2043 23 5021 2043 23 5022 2009 23 5023 2074 23 5024 2043 23 5025 2074 23 5026 2146 1067 5027 2146 1067 5028 2074 23 5029 2191 1068 5030 2146 1067 5031 2191 1068 5032 2165 1069 5033 2165 1069 5034 2191 1068 5035 2182 23 5036 1840 1070 5037 2073 1071 5038 1859 1066 5039 1859 1066 5040 2073 1071 5041 2008 1072 5042 1859 1066 5043 2008 1072 5044 2009 23 5045 2073 1071 5046 1840 1070 5047 1818 1073 5048 1818 1073 5049 1840 1070 5050 1830 1074 5051 1818 1073 5052 1830 1074 5053 1819 23 5054 1819 23 5055 1830 1074 5056 1831 23 5057 1818 1073 5058 2188 1075 5059 2073 1071 5060 2073 1071 5061 2188 1075 5062 2142 23 5063 2142 23 5064 2188 1075 5065 2189 23 5066 2142 23 5067 2189 23 5068 2143 23 5069 2074 23 5070 2145 23 5071 2191 1068 5072 2191 1068 5073 2145 23 5074 2190 23 5075 2190 23 5076 2145 23 5077 2144 23 5078 2043 23 5079 2146 1067 5080 2044 1025 5081 2044 1025 5082 2146 1067 5083 1962 1038 5084 2044 1025 5085 1962 1038 5086 1961 23 5087 1873 23 5088 1874 23 5089 1849 23 5090 1849 23 5091 1874 23 5092 1834 1062 5093 1828 23 5094 1826 1076 5095 1834 1062 5096 1834 1062 5097 1826 1076 5098 1821 1060 5099 1837 0 5100 1824 0 5101 1838 0 5102 1838 0 5103 1824 0 5104 1825 1077 5105 1838 0 5106 1825 1077 5107 1843 1078 5108 1843 1078 5109 1825 1077 5110 1839 1079 5111 1843 1078 5112 1839 1079 5113 1850 0 5114 1850 0 5115 1839 1079 5116 1851 0 5117 1851 0 5118 1839 1079 5119 1876 0 5120 1851 0 5121 1876 0 5122 1875 0 5123 1825 1077 5124 1827 1080 5125 1839 1079 5126 1839 1079 5127 1827 1080 5128 1829 1081 5129 1843 1078 5130 1850 0 5131 1862 0 5132 1862 0 5133 1850 0 5134 1872 0 5135 1862 0 5136 1872 0 5137 1861 1082 5138 1861 1082 5139 1872 0 5140 1970 1083 5141 1861 1082 5142 1970 1083 5143 2011 1084 5144 2011 1084 5145 1970 1083 5146 2045 0 5147 2011 1084 5148 2045 0 5149 2076 0 5150 2076 0 5151 2045 0 5152 2151 1085 5153 2076 0 5154 2151 1085 5155 2195 1086 5156 2195 1086 5157 2151 1085 5158 2166 1087 5159 2195 1086 5160 2166 1087 5161 2183 0 5162 2045 0 5163 2046 1088 5164 2151 1085 5165 2151 1085 5166 2046 1088 5167 1964 1089 5168 1964 1089 5169 2046 1088 5170 1963 0 5171 2076 0 5172 2195 1086 5173 2150 0 5174 2150 0 5175 2195 1086 5176 2194 0 5177 2150 0 5178 2194 0 5179 2149 0 5180 2011 1084 5181 2010 1090 5182 1861 1082 5183 1861 1082 5184 2010 1090 5185 2075 1091 5186 1861 1082 5187 2075 1091 5188 1842 1092 5189 1842 1092 5190 2075 1091 5191 1822 1093 5192 1842 1092 5193 1822 1093 5194 1835 1094 5195 1835 1094 5196 1822 1093 5197 1823 0 5198 1835 1094 5199 1823 0 5200 1836 0 5201 1822 1093 5202 2075 1091 5203 2192 1095 5204 2192 1095 5205 2075 1091 5206 2147 0 5207 2192 1095 5208 2147 0 5209 2193 0 5210 2193 0 5211 2147 0 5212 2148 0 5213 1253 121 5214 1216 121 5215 1258 121 5216 1258 121 5217 1216 121 5218 1220 121 5219 1254 17 5220 1253 17 5221 1259 17 5222 1259 17 5223 1253 17 5224 1258 17 5225 1313 121 5226 1254 121 5227 1315 121 5228 1315 121 5229 1254 121 5230 1259 121 5231 1380 1096 5232 1313 1096 5233 1382 1097 5234 1382 1097 5235 1313 1096 5236 1315 1097 5237 1379 2 5238 1380 2 5239 1381 2 5240 1381 2 5241 1380 2 5242 1382 2 5243 1312 1098 5244 1379 1098 5245 1314 1099 5246 1314 1099 5247 1379 1098 5248 1381 1099 5249 1251 109 5250 1312 109 5251 1256 109 5252 1256 109 5253 1312 109 5254 1314 109 5255 1252 17 5256 1251 17 5257 1257 17 5258 1257 17 5259 1251 17 5260 1256 17 5261 1215 109 5262 1252 109 5263 1219 109 5264 1219 109 5265 1252 109 5266 1257 109 5267 1214 2 5268 1215 2 5269 1218 2 5270 1218 2 5271 1215 2 5272 1219 2 5273 1597 17 5274 1596 17 5275 1601 17 5276 1601 17 5277 1596 17 5278 1600 17 5279 1583 109 5280 1597 109 5281 1588 109 5282 1588 109 5283 1597 109 5284 1601 109 5285 1582 2 5286 1583 2 5287 1587 2 5288 1587 2 5289 1583 2 5290 1588 2 5291 1578 109 5292 1582 109 5293 1580 109 5294 1580 109 5295 1582 109 5296 1587 109 5297 1559 1100 5298 1578 1100 5299 1561 1101 5300 1561 1101 5301 1578 1100 5302 1580 1101 5303 1560 17 5304 1559 17 5305 1562 17 5306 1562 17 5307 1559 17 5308 1561 17 5309 1579 1102 5310 1560 1102 5311 1581 1103 5312 1581 1103 5313 1560 1102 5314 1562 1103 5315 1585 121 5316 1579 121 5317 1590 121 5318 1590 121 5319 1579 121 5320 1581 121 5321 1584 2 5322 1585 2 5323 1589 2 5324 1589 2 5325 1585 2 5326 1590 2 5327 1598 121 5328 1584 121 5329 1602 121 5330 1602 121 5331 1584 121 5332 1589 121 5333 1599 1104 5334 1598 17 5335 1603 1105 5336 1603 1105 5337 1598 17 5338 1602 17 5339 1591 1106 5340 1586 1107 5341 1593 1108 5342 1593 1108 5343 1586 1107 5344 1592 1109 5345 1593 1108 5346 1592 1109 5347 1595 1110 5348 1595 1110 5349 1592 1109 5350 1594 1111 5351 1595 1110 5352 1594 1111 5353 1603 1105 5354 1603 1105 5355 1594 1111 5356 1599 1104 5357 1544 109 5358 1586 1107 5359 1546 109 5360 1546 109 5361 1586 1107 5362 1591 1106 5363 1543 2 5364 1544 2 5365 1545 2 5366 1545 2 5367 1544 2 5368 1546 2 5369 1571 121 5370 1543 121 5371 1573 121 5372 1573 121 5373 1543 121 5374 1545 121 5375 1570 2 5376 1571 2 5377 1572 2 5378 1572 2 5379 1571 2 5380 1573 2 5381 1548 1112 5382 1570 1112 5383 1549 1113 5384 1549 1113 5385 1570 1112 5386 1572 1113 5387 1420 109 5388 1548 109 5389 1421 109 5390 1421 109 5391 1548 109 5392 1549 109 5393 1350 1100 5394 1420 1100 5395 1352 1101 5396 1352 1101 5397 1420 1100 5398 1421 1101 5399 1351 17 5400 1350 17 5401 1353 17 5402 1353 17 5403 1350 17 5404 1352 17 5405 1434 121 5406 1351 121 5407 1436 121 5408 1436 121 5409 1351 121 5410 1353 121 5411 1435 17 5412 1434 17 5413 1437 17 5414 1437 17 5415 1434 17 5416 1436 17 5417 1255 1114 5418 1435 109 5419 1260 1115 5420 1260 1115 5421 1435 109 5422 1437 109 5423 1221 1116 5424 1217 1117 5425 1227 1118 5426 1227 1118 5427 1217 1117 5428 1226 1119 5429 1227 1118 5430 1226 1119 5431 1240 1120 5432 1240 1120 5433 1226 1119 5434 1239 1121 5435 1240 1120 5436 1239 1121 5437 1260 1115 5438 1260 1115 5439 1239 1121 5440 1255 1114 5441 1216 2 5442 1217 1117 5443 1220 2 5444 1220 2 5445 1217 1117 5446 1221 1116 5447 1832 121 5448 1820 121 5449 1837 121 5450 1837 121 5451 1820 121 5452 1824 121 5453 1833 17 5454 1832 17 5455 1838 17 5456 1838 17 5457 1832 17 5458 1837 17 5459 1841 121 5460 1833 121 5461 1843 121 5462 1843 121 5463 1833 121 5464 1838 121 5465 1860 1096 5466 1841 1096 5467 1862 1097 5468 1862 1097 5469 1841 1096 5470 1843 1097 5471 1859 2 5472 1860 2 5473 1861 2 5474 1861 2 5475 1860 2 5476 1862 2 5477 1840 1098 5478 1859 1098 5479 1842 1099 5480 1842 1099 5481 1859 1098 5482 1861 1099 5483 1830 109 5484 1840 109 5485 1835 109 5486 1835 109 5487 1840 109 5488 1842 109 5489 1831 17 5490 1830 17 5491 1836 17 5492 1836 17 5493 1830 17 5494 1835 17 5495 1819 109 5496 1831 109 5497 1823 109 5498 1823 109 5499 1831 109 5500 1836 109 5501 1818 2 5502 1819 2 5503 1822 2 5504 1822 2 5505 1819 2 5506 1823 2 5507 2189 17 5508 2188 17 5509 2193 17 5510 2193 17 5511 2188 17 5512 2192 17 5513 2143 109 5514 2189 109 5515 2148 109 5516 2148 109 5517 2189 109 5518 2193 109 5519 2142 2 5520 2143 2 5521 2147 2 5522 2147 2 5523 2143 2 5524 2148 2 5525 2073 109 5526 2142 109 5527 2075 109 5528 2075 109 5529 2142 109 5530 2147 109 5531 2008 1100 5532 2073 1100 5533 2010 1101 5534 2010 1101 5535 2073 1100 5536 2075 1101 5537 2009 17 5538 2008 17 5539 2011 17 5540 2011 17 5541 2008 17 5542 2010 17 5543 2074 1102 5544 2009 1102 5545 2076 1103 5546 2076 1103 5547 2009 1102 5548 2011 1103 5549 2145 121 5550 2074 121 5551 2150 121 5552 2150 121 5553 2074 121 5554 2076 121 5555 2144 2 5556 2145 2 5557 2149 2 5558 2149 2 5559 2145 2 5560 2150 2 5561 2190 121 5562 2144 121 5563 2194 121 5564 2194 121 5565 2144 121 5566 2149 121 5567 2191 1122 5568 2190 17 5569 2195 1123 5570 2195 1123 5571 2190 17 5572 2194 17 5573 2151 1124 5574 2146 1125 5575 2166 1126 5576 2166 1126 5577 2146 1125 5578 2165 1127 5579 2166 1126 5580 2165 1127 5581 2183 1128 5582 2183 1128 5583 2165 1127 5584 2182 1129 5585 2183 1128 5586 2182 1129 5587 2195 1123 5588 2195 1123 5589 2182 1129 5590 2191 1122 5591 1962 109 5592 2146 1125 5593 1964 109 5594 1964 109 5595 2146 1125 5596 2151 1124 5597 1961 2 5598 1962 2 5599 1963 2 5600 1963 2 5601 1962 2 5602 1964 2 5603 2044 121 5604 1961 121 5605 2046 121 5606 2046 121 5607 1961 121 5608 1963 121 5609 2043 2 5610 2044 2 5611 2045 2 5612 2045 2 5613 2044 2 5614 2046 2 5615 1969 1098 5616 2043 1098 5617 1970 1099 5618 1970 1099 5619 2043 1098 5620 2045 1099 5621 1871 109 5622 1969 109 5623 1872 109 5624 1872 109 5625 1969 109 5626 1970 109 5627 1848 1130 5628 1871 1130 5629 1850 1131 5630 1850 1131 5631 1871 1130 5632 1872 1131 5633 1849 17 5634 1848 17 5635 1851 17 5636 1851 17 5637 1848 17 5638 1850 17 5639 1873 121 5640 1849 121 5641 1875 121 5642 1875 121 5643 1849 121 5644 1851 121 5645 1874 17 5646 1873 17 5647 1876 17 5648 1876 17 5649 1873 17 5650 1875 17 5651 1834 1132 5652 1874 109 5653 1839 1133 5654 1839 1133 5655 1874 109 5656 1876 109 5657 1825 1134 5658 1821 1135 5659 1827 1136 5660 1827 1136 5661 1821 1135 5662 1826 1137 5663 1827 1136 5664 1826 1137 5665 1829 1138 5666 1829 1138 5667 1826 1137 5668 1828 1139 5669 1829 1138 5670 1828 1139 5671 1839 1133 5672 1839 1133 5673 1828 1139 5674 1834 1132 5675 1820 2 5676 1821 1135 5677 1824 2 5678 1824 2 5679 1821 1135 5680 1825 1134 5681 2999 1140 5682 2981 1141 5683 2585 1142 5684 2585 1142 5685 2981 1141 5686 2775 1143 5687 2585 1142 5688 2775 1143 5689 2659 23 5690 2981 1141 5691 2999 1140 5692 2985 1144 5693 2985 1144 5694 2999 1140 5695 3000 23 5696 2985 1144 5697 3000 23 5698 2986 23 5699 2775 1143 5700 2981 1141 5701 2818 1145 5702 2818 1145 5703 2981 1141 5704 2973 23 5705 2818 1145 5706 2973 23 5707 2974 1146 5708 2982 1147 5709 2977 1148 5710 2974 1146 5711 2974 1146 5712 2977 1148 5713 2971 1149 5714 2974 1146 5715 2971 1149 5716 2818 1145 5717 2818 1145 5718 2971 1149 5719 2858 23 5720 2818 1145 5721 2858 23 5722 2819 1150 5723 2819 1150 5724 2858 23 5725 2801 1151 5726 2819 1150 5727 2801 1151 5728 2776 1152 5729 2776 1152 5730 2801 1151 5731 2663 23 5732 2776 1152 5733 2663 23 5734 2588 23 5735 2588 23 5736 2663 23 5737 2595 23 5738 2595 23 5739 2663 23 5740 2616 23 5741 2988 23 5742 3002 1153 5743 2982 1147 5744 2982 1147 5745 3002 1153 5746 2989 1154 5747 2982 1147 5748 2989 1154 5749 2977 1148 5750 2977 1148 5751 2989 1154 5752 2978 23 5753 2978 23 5754 2989 1154 5755 2968 23 5756 2978 23 5757 2968 23 5758 2967 23 5759 2987 23 5760 3001 23 5761 2988 23 5762 2988 23 5763 3001 23 5764 3002 1153 5765 2997 23 5766 2995 23 5767 3002 1153 5768 3002 1153 5769 2995 23 5770 2989 1154 5771 2801 1151 5772 2802 23 5773 2663 23 5774 2663 23 5775 2802 23 5776 2863 23 5777 2863 23 5778 2802 23 5779 2862 23 5780 2776 1152 5781 2588 23 5782 2662 23 5783 2662 23 5784 2588 23 5785 2587 23 5786 2662 23 5787 2587 23 5788 2661 23 5789 2660 23 5790 2586 23 5791 2659 23 5792 2659 23 5793 2586 23 5794 2585 1142 5795 3004 109 5796 2991 109 5797 3000 109 5798 3000 109 5799 2991 109 5800 2986 109 5801 2991 2 5802 2990 2 5803 2986 2 5804 2986 2 5805 2990 2 5806 2985 2 5807 2990 109 5808 2983 109 5809 2985 109 5810 2985 109 5811 2983 109 5812 2981 109 5813 2983 1155 5814 2975 1156 5815 2981 1157 5816 2981 1157 5817 2975 1156 5818 2973 1158 5819 2975 17 5820 2976 17 5821 2973 17 5822 2973 17 5823 2976 17 5824 2974 17 5825 2976 1159 5826 2984 1160 5827 2974 1161 5828 2974 1161 5829 2984 1160 5830 2982 1162 5831 2984 121 5832 2993 121 5833 2982 121 5834 2982 121 5835 2993 121 5836 2988 121 5837 2993 2 5838 2992 2 5839 2988 2 5840 2988 2 5841 2992 2 5842 2987 2 5843 2992 121 5844 3005 121 5845 2987 121 5846 2987 121 5847 3005 121 5848 3001 121 5849 3005 17 5850 3006 1163 5851 3001 17 5852 3001 17 5853 3006 1163 5854 3002 1164 5855 3002 1164 5856 3006 1163 5857 2997 1165 5858 2997 1165 5859 3006 1163 5860 2998 1166 5861 2997 1165 5862 2998 1166 5863 2995 1167 5864 2995 1167 5865 2998 1166 5866 2996 1168 5867 2995 1167 5868 2996 1168 5869 2989 1169 5870 2989 1169 5871 2996 1168 5872 2994 1170 5873 2994 1170 5874 2970 109 5875 2989 1169 5876 2989 1169 5877 2970 109 5878 2968 109 5879 2970 2 5880 2969 2 5881 2968 2 5882 2968 2 5883 2969 2 5884 2967 2 5885 2969 121 5886 2980 121 5887 2967 121 5888 2967 121 5889 2980 121 5890 2978 121 5891 2980 2 5892 2979 2 5893 2978 2 5894 2978 2 5895 2979 2 5896 2977 2 5897 2979 1171 5898 2972 1172 5899 2977 1173 5900 2977 1173 5901 2972 1172 5902 2971 1174 5903 2972 109 5904 2859 109 5905 2971 109 5906 2971 109 5907 2859 109 5908 2858 109 5909 2859 1155 5910 2803 1156 5911 2858 1157 5912 2858 1157 5913 2803 1156 5914 2801 1158 5915 2803 17 5916 2804 17 5917 2801 17 5918 2801 17 5919 2804 17 5920 2802 17 5921 2804 121 5922 2864 121 5923 2802 121 5924 2802 121 5925 2864 121 5926 2862 121 5927 2864 17 5928 2865 17 5929 2862 17 5930 2862 17 5931 2865 17 5932 2863 17 5933 2865 109 5934 2695 1175 5935 2863 109 5936 2863 109 5937 2695 1175 5938 2663 1176 5939 2663 1176 5940 2695 1175 5941 2616 1177 5942 2616 1177 5943 2695 1175 5944 2617 1178 5945 2616 1177 5946 2617 1178 5947 2595 1179 5948 2595 1179 5949 2617 1178 5950 2596 1180 5951 2595 1179 5952 2596 1180 5953 2588 1181 5954 2588 1181 5955 2596 1180 5956 2592 1182 5957 2592 1182 5958 2591 2 5959 2588 1181 5960 2588 1181 5961 2591 2 5962 2587 2 5963 2591 121 5964 2693 121 5965 2587 121 5966 2587 121 5967 2693 121 5968 2661 121 5969 2693 17 5970 2694 17 5971 2661 17 5972 2661 17 5973 2694 17 5974 2662 17 5975 2694 121 5976 2778 121 5977 2662 121 5978 2662 121 5979 2778 121 5980 2776 121 5981 2778 1183 5982 2821 1184 5983 2776 1185 5984 2776 1185 5985 2821 1184 5986 2819 1186 5987 2821 2 5988 2820 2 5989 2819 2 5990 2819 2 5991 2820 2 5992 2818 2 5993 2820 1187 5994 2777 1188 5995 2818 1189 5996 2818 1189 5997 2777 1188 5998 2775 1190 5999 2777 109 6000 2691 109 6001 2775 109 6002 2775 109 6003 2691 109 6004 2659 109 6005 2691 17 6006 2692 17 6007 2659 17 6008 2659 17 6009 2692 17 6010 2660 17 6011 2692 109 6012 2590 109 6013 2660 109 6014 2660 109 6015 2590 109 6016 2586 109 6017 2590 2 6018 2589 2 6019 2586 2 6020 2586 2 6021 2589 2 6022 2585 2 6023 3003 17 6024 3004 17 6025 2999 17 6026 2999 17 6027 3004 17 6028 3000 17 6029 2991 0 6030 3004 0 6031 2990 0 6032 2990 0 6033 3004 0 6034 3003 0 6035 2990 0 6036 3003 0 6037 2983 1191 6038 2983 1191 6039 3003 0 6040 2589 1192 6041 2983 1191 6042 2589 1192 6043 2777 1193 6044 2777 1193 6045 2589 1192 6046 2691 0 6047 2691 0 6048 2589 1192 6049 2590 0 6050 2691 0 6051 2590 0 6052 2692 0 6053 2777 1193 6054 2820 1194 6055 2983 1191 6056 2983 1191 6057 2820 1194 6058 2975 0 6059 2975 0 6060 2820 1194 6061 2976 1195 6062 2976 1195 6063 2820 1194 6064 2972 1196 6065 2976 1195 6066 2972 1196 6067 2979 0 6068 2972 1196 6069 2820 1194 6070 2859 1197 6071 2859 1197 6072 2820 1194 6073 2821 1198 6074 2859 1197 6075 2821 1198 6076 2803 1199 6077 2803 1199 6078 2821 1198 6079 2778 1200 6080 2803 1199 6081 2778 1200 6082 2695 1201 6083 2695 1201 6084 2778 1200 6085 2592 0 6086 2695 1201 6087 2592 0 6088 2596 0 6089 2778 1200 6090 2694 0 6091 2592 0 6092 2592 0 6093 2694 0 6094 2591 0 6095 2591 0 6096 2694 0 6097 2693 0 6098 2596 0 6099 2617 0 6100 2695 1201 6101 2803 1199 6102 2695 1201 6103 2804 0 6104 2804 0 6105 2695 1201 6106 2865 0 6107 2804 0 6108 2865 0 6109 2864 0 6110 2980 0 6111 2994 1202 6112 2979 0 6113 2979 0 6114 2994 1202 6115 2984 1203 6116 2979 0 6117 2984 1203 6118 2976 1195 6119 2969 0 6120 2970 0 6121 2980 0 6122 2980 0 6123 2970 0 6124 2994 1202 6125 2984 1203 6126 2994 1202 6127 3006 1204 6128 3006 1204 6129 2994 1202 6130 2996 0 6131 3006 1204 6132 2996 0 6133 2998 0 6134 2984 1203 6135 3006 1204 6136 2993 1205 6137 2993 1205 6138 3006 1204 6139 3005 0 6140 2993 1205 6141 3005 0 6142 2992 0 6143 291 23 6144 289 23 6145 297 1206 6146 297 1206 6147 289 23 6148 284 1207 6149 297 1206 6150 284 1207 6151 304 1208 6152 304 1208 6153 284 1207 6154 296 1209 6155 296 1209 6156 284 1207 6157 283 23 6158 296 1209 6159 283 23 6160 295 23 6161 297 1206 6162 304 1208 6163 307 1210 6164 307 1210 6165 304 1208 6166 312 1211 6167 307 1210 6168 312 1211 6169 315 1212 6170 315 1212 6171 312 1211 6172 311 23 6173 315 1212 6174 311 23 6175 428 1213 6176 428 1213 6177 311 23 6178 467 1214 6179 428 1213 6180 467 1214 6181 483 1215 6182 483 1215 6183 467 1214 6184 510 1216 6185 483 1215 6186 510 1216 6187 618 1217 6188 618 1217 6189 510 1216 6190 698 23 6191 618 1217 6192 698 23 6193 670 23 6194 670 23 6195 698 23 6196 691 23 6197 303 1218 6198 509 1219 6199 311 23 6200 311 23 6201 509 1219 6202 466 23 6203 311 23 6204 466 23 6205 467 1214 6206 509 1219 6207 303 1218 6208 281 1220 6209 281 1220 6210 303 1218 6211 293 23 6212 281 1220 6213 293 23 6214 282 23 6215 282 23 6216 293 23 6217 294 23 6218 281 1220 6219 695 1221 6220 509 1219 6221 509 1219 6222 695 1221 6223 614 23 6224 614 23 6225 695 1221 6226 696 23 6227 614 23 6228 696 23 6229 615 23 6230 510 1216 6231 617 23 6232 698 23 6233 698 23 6234 617 23 6235 697 23 6236 697 23 6237 617 23 6238 616 23 6239 483 1215 6240 618 1217 6241 484 23 6242 484 23 6243 618 1217 6244 423 23 6245 484 23 6246 423 23 6247 422 23 6248 307 1210 6249 308 23 6250 297 1206 6251 297 1206 6252 308 23 6253 318 23 6254 318 23 6255 308 23 6256 317 23 6257 287 121 6258 300 121 6259 283 121 6260 283 121 6261 300 121 6262 295 121 6263 300 17 6264 301 17 6265 295 17 6266 295 17 6267 301 17 6268 296 17 6269 301 121 6270 306 121 6271 296 121 6272 296 121 6273 306 121 6274 304 121 6275 306 1183 6276 314 1184 6277 304 1185 6278 304 1185 6279 314 1184 6280 312 1186 6281 314 2 6282 313 2 6283 312 2 6284 312 2 6285 313 2 6286 311 2 6287 313 1187 6288 305 1188 6289 311 1189 6290 311 1189 6291 305 1188 6292 303 1190 6293 305 109 6294 298 109 6295 303 109 6296 303 109 6297 298 109 6298 293 109 6299 298 17 6300 299 17 6301 293 17 6302 293 17 6303 299 17 6304 294 17 6305 299 109 6306 286 109 6307 294 109 6308 294 109 6309 286 109 6310 282 109 6311 286 2 6312 285 2 6313 282 2 6314 282 2 6315 285 2 6316 281 2 6317 699 17 6318 700 17 6319 695 17 6320 695 17 6321 700 17 6322 696 17 6323 700 109 6324 647 109 6325 696 109 6326 696 109 6327 647 109 6328 615 109 6329 647 2 6330 646 2 6331 615 2 6332 615 2 6333 646 2 6334 614 2 6335 646 109 6336 511 109 6337 614 109 6338 614 109 6339 511 109 6340 509 109 6341 511 1155 6342 468 1156 6343 509 1157 6344 509 1157 6345 468 1156 6346 466 1158 6347 468 17 6348 469 17 6349 466 17 6350 466 17 6351 469 17 6352 467 17 6353 469 1159 6354 512 1160 6355 467 1161 6356 467 1161 6357 512 1160 6358 510 1162 6359 512 121 6360 649 121 6361 510 121 6362 510 121 6363 649 121 6364 617 121 6365 649 2 6366 648 2 6367 617 2 6368 617 2 6369 648 2 6370 616 2 6371 648 121 6372 701 121 6373 616 121 6374 616 121 6375 701 121 6376 697 121 6377 701 17 6378 702 1163 6379 697 17 6380 697 17 6381 702 1163 6382 698 1164 6383 698 1164 6384 702 1163 6385 691 1222 6386 691 1222 6387 702 1163 6388 692 1223 6389 691 1222 6390 692 1223 6391 670 1224 6392 670 1224 6393 692 1223 6394 671 1225 6395 670 1224 6396 671 1225 6397 618 1226 6398 618 1226 6399 671 1225 6400 650 1227 6401 650 1227 6402 425 109 6403 618 1226 6404 618 1226 6405 425 109 6406 423 109 6407 425 2 6408 424 2 6409 423 2 6410 423 2 6411 424 2 6412 422 2 6413 424 121 6414 486 121 6415 422 121 6416 422 121 6417 486 121 6418 484 121 6419 486 2 6420 485 2 6421 484 2 6422 484 2 6423 485 2 6424 483 2 6425 485 1187 6426 429 1188 6427 483 1189 6428 483 1189 6429 429 1188 6430 428 1190 6431 429 109 6432 316 109 6433 428 109 6434 428 109 6435 316 109 6436 315 109 6437 316 1228 6438 309 1229 6439 315 1230 6440 315 1230 6441 309 1229 6442 307 1231 6443 309 17 6444 310 17 6445 307 17 6446 307 17 6447 310 17 6448 308 17 6449 310 121 6450 319 121 6451 308 121 6452 308 121 6453 319 121 6454 317 121 6455 319 17 6456 320 17 6457 317 17 6458 317 17 6459 320 17 6460 318 17 6461 320 109 6462 302 1232 6463 318 109 6464 318 109 6465 302 1232 6466 297 1233 6467 297 1233 6468 302 1232 6469 291 1234 6470 291 1234 6471 302 1232 6472 292 1235 6473 291 1234 6474 292 1235 6475 289 1236 6476 289 1236 6477 292 1235 6478 290 1237 6479 289 1236 6480 290 1237 6481 284 1181 6482 284 1181 6483 290 1237 6484 288 1182 6485 288 1182 6486 287 2 6487 284 1181 6488 284 1181 6489 287 2 6490 283 2 6491 300 0 6492 287 0 6493 301 0 6494 301 0 6495 287 0 6496 288 1238 6497 301 0 6498 288 1238 6499 306 1239 6500 306 1239 6501 288 1238 6502 302 1240 6503 306 1239 6504 302 1240 6505 309 1241 6506 309 1241 6507 302 1240 6508 310 0 6509 310 0 6510 302 1240 6511 320 0 6512 310 0 6513 320 0 6514 319 0 6515 288 1238 6516 290 0 6517 302 1240 6518 302 1240 6519 290 0 6520 292 0 6521 306 1239 6522 309 1241 6523 314 1242 6524 314 1242 6525 309 1241 6526 316 0 6527 314 1242 6528 316 0 6529 313 1243 6530 313 1243 6531 316 0 6532 429 1244 6533 313 1243 6534 429 1244 6535 469 1245 6536 469 1245 6537 429 1244 6538 485 1246 6539 469 1245 6540 485 1246 6541 512 1247 6542 512 1247 6543 485 1246 6544 650 0 6545 512 1247 6546 650 0 6547 702 0 6548 702 0 6549 650 0 6550 671 0 6551 702 0 6552 671 0 6553 692 0 6554 485 1246 6555 486 0 6556 650 0 6557 650 0 6558 486 0 6559 425 0 6560 425 0 6561 486 0 6562 424 0 6563 512 1247 6564 702 0 6565 649 0 6566 649 0 6567 702 0 6568 701 0 6569 649 0 6570 701 0 6571 648 0 6572 469 1245 6573 468 0 6574 313 1243 6575 313 1243 6576 468 0 6577 511 1248 6578 313 1243 6579 511 1248 6580 305 1249 6581 305 1249 6582 511 1248 6583 285 1250 6584 305 1249 6585 285 1250 6586 298 1251 6587 298 1251 6588 285 1250 6589 286 0 6590 298 1251 6591 286 0 6592 299 0 6593 285 1250 6594 511 1248 6595 699 1252 6596 699 1252 6597 511 1248 6598 646 0 6599 699 1252 6600 646 0 6601 700 0 6602 700 0 6603 646 0 6604 647 0 6605 207 1253 6606 208 1254 6607 205 1255 6608 205 1255 6609 208 1254 6610 206 1256 6611 276 1257 6612 275 1258 6613 220 1259 6614 220 1259 6615 275 1258 6616 219 1260 6617 220 1259 6618 219 1260 6619 213 1261 6620 205 1255 6621 206 1256 6622 213 1261 6623 213 1261 6624 206 1256 6625 214 1262 6626 213 1261 6627 214 1262 6628 220 1259 6629 275 1258 6630 276 1257 6631 751 1263 6632 751 1263 6633 276 1257 6634 752 1264 6635 827 1265 6636 826 1266 6637 810 1267 6638 810 1267 6639 826 1266 6640 809 1268 6641 810 1267 6642 809 1268 6643 790 1269 6644 751 1263 6645 752 1264 6646 790 1269 6647 790 1269 6648 752 1264 6649 791 1270 6650 790 1269 6651 791 1270 6652 810 1267 6653 826 1266 6654 827 1265 6655 2456 1271 6656 2456 1271 6657 827 1265 6658 2457 1272 6659 2534 1273 6660 2533 1274 6661 2495 1275 6662 2495 1275 6663 2533 1274 6664 2494 1276 6665 2495 1275 6666 2494 1276 6667 2475 1277 6668 2456 1271 6669 2457 1272 6670 2475 1277 6671 2475 1277 6672 2457 1272 6673 2476 1278 6674 2475 1277 6675 2476 1278 6676 2495 1275 6677 2533 1274 6678 2534 1273 6679 3009 1279 6680 3009 1279 6681 2534 1273 6682 3010 1280 6683 3080 1281 6684 3079 1282 6685 3072 1283 6686 3072 1283 6687 3079 1282 6688 3071 1284 6689 3072 1283 6690 3071 1284 6691 3065 1285 6692 3009 1279 6693 3010 1280 6694 3065 1285 6695 3065 1285 6696 3010 1280 6697 3066 1286 6698 3065 1285 6699 3066 1286 6700 3072 1283 6701 3079 1282 6702 3080 1281 6703 3081 1287 6704 3081 1287 6705 3080 1281 6706 3082 1288 6707 3012 1289 6708 3011 1290 6709 3068 1291 6710 3068 1291 6711 3011 1290 6712 3067 1292 6713 3068 1291 6714 3067 1292 6715 3073 1293 6716 3081 1287 6717 3082 1288 6718 3073 1293 6719 3073 1293 6720 3082 1288 6721 3074 1294 6722 3073 1293 6723 3074 1294 6724 3068 1291 6725 3011 1290 6726 3012 1289 6727 2535 1295 6728 2535 1295 6729 3012 1289 6730 2536 1296 6731 2461 1297 6732 2460 1298 6733 2478 1299 6734 2478 1299 6735 2460 1298 6736 2477 1300 6737 2478 1299 6738 2477 1300 6739 2496 1301 6740 2535 1295 6741 2536 1296 6742 2496 1301 6743 2496 1301 6744 2536 1296 6745 2497 1302 6746 2496 1301 6747 2497 1302 6748 2478 1299 6749 2460 1298 6750 2461 1297 6751 830 1303 6752 830 1303 6753 2461 1297 6754 831 1304 6755 754 1305 6756 753 1306 6757 793 1307 6758 793 1307 6759 753 1306 6760 792 1308 6761 793 1307 6762 792 1308 6763 811 1309 6764 830 1303 6765 831 1304 6766 811 1309 6767 811 1309 6768 831 1304 6769 812 1310 6770 811 1309 6771 812 1310 6772 793 1307 6773 753 1306 6774 754 1305 6775 277 1311 6776 277 1311 6777 754 1305 6778 278 1312 6779 208 1254 6780 207 1253 6781 216 1313 6782 216 1313 6783 207 1253 6784 215 1314 6785 216 1313 6786 215 1314 6787 221 1315 6788 277 1311 6789 278 1312 6790 221 1315 6791 221 1315 6792 278 1312 6793 222 1316 6794 221 1315 6795 222 1316 6796 216 1313 6797 2922 109 6798 3003 1317 6799 2924 109 6800 2924 109 6801 3003 1317 6802 3081 109 6803 2924 1318 6804 3081 1319 6805 2920 1320 6806 2920 1320 6807 3081 1319 6808 2918 1321 6809 2918 1321 6810 3081 1319 6811 2873 1322 6812 2873 1322 6813 3081 1319 6814 3011 1323 6815 2873 1322 6816 3011 1323 6817 2871 109 6818 2871 109 6819 3011 1323 6820 2861 109 6821 2861 109 6822 3011 1323 6823 2823 1324 6824 2823 1324 6825 3011 1323 6826 2535 1325 6827 2823 1324 6828 2535 1325 6829 2815 109 6830 2815 109 6831 2535 1325 6832 2806 109 6833 2806 109 6834 2535 1325 6835 2786 109 6836 2786 109 6837 2535 1325 6838 2771 1326 6839 2771 1326 6840 2535 1325 6841 2460 1327 6842 2771 1326 6843 2460 1327 6844 2768 109 6845 2768 109 6846 2460 1327 6847 2764 1328 6848 2764 1328 6849 2460 1327 6850 2192 1329 6851 2764 1328 6852 2192 1329 6853 2589 109 6854 2589 109 6855 2192 1329 6856 2188 1330 6857 2589 109 6858 2188 1330 6859 2585 1331 6860 2585 1331 6861 2188 1330 6862 2456 1332 6863 2585 1331 6864 2456 1332 6865 2533 1333 6866 2533 1333 6867 2456 1332 6868 2475 109 6869 2533 1333 6870 2475 109 6871 2494 109 6872 2922 109 6873 2919 1334 6874 3003 1317 6875 3003 1317 6876 2919 1334 6877 2917 1335 6878 3003 1317 6879 2917 1335 6880 2872 1336 6881 2872 1336 6882 2870 1337 6883 3003 1317 6884 3003 1317 6885 2870 1337 6886 2860 1338 6887 3003 1317 6888 2860 1338 6889 2589 1339 6890 2589 1339 6891 2860 1338 6892 2822 1340 6893 2589 1339 6894 2822 1340 6895 2814 1341 6896 2814 1341 6897 2805 1342 6898 2589 1339 6899 2589 1339 6900 2805 1342 6901 2785 1343 6902 2589 1339 6903 2785 1343 6904 2770 1344 6905 2770 1344 6906 2767 1345 6907 2589 1339 6908 2589 1339 6909 2767 1345 6910 2762 1346 6911 2589 109 6912 2762 109 6913 2764 1328 6914 517 109 6915 826 1347 6916 522 1348 6917 522 1348 6918 826 1347 6919 1214 1349 6920 522 1348 6921 1214 1349 6922 695 109 6923 695 109 6924 1214 1349 6925 699 1350 6926 699 1350 6927 1214 1349 6928 1218 1351 6929 699 1350 6930 1218 1351 6931 830 1352 6932 830 1352 6933 1218 1351 6934 1600 109 6935 830 1352 6936 1600 109 6937 1822 109 6938 1822 109 6939 1600 109 6940 1818 109 6941 1818 109 6942 1600 109 6943 1596 109 6944 1818 109 6945 1596 109 6946 2456 1332 6947 2456 1332 6948 1596 109 6949 826 1347 6950 826 1347 6951 1596 109 6952 1214 1349 6953 517 109 6954 515 109 6955 826 1347 6956 826 1347 6957 515 109 6958 751 1353 6959 826 1347 6960 751 1353 6961 809 109 6962 809 109 6963 751 1353 6964 790 109 6965 515 109 6966 500 1354 6967 751 1353 6968 751 1353 6969 500 1354 6970 481 1355 6971 751 1353 6972 481 1355 6973 472 1356 6974 472 1356 6975 464 1357 6976 751 1353 6977 751 1353 6978 464 1357 6979 275 1358 6980 275 1358 6981 464 1357 6982 426 1359 6983 275 1358 6984 426 1359 6985 416 1360 6986 416 1360 6987 414 1361 6988 275 1358 6989 275 1358 6990 414 1361 6991 205 1362 6992 275 1358 6993 205 1362 6994 219 1363 6995 219 1363 6996 205 1362 6997 213 109 6998 414 1361 6999 369 1364 7000 205 1362 7001 205 1362 7002 369 1364 7003 367 1365 7004 205 1362 7005 367 1365 7006 364 1366 7007 205 1367 7008 364 109 7009 281 1368 7010 281 1368 7011 364 109 7012 366 1369 7013 281 1368 7014 366 1369 7015 368 1370 7016 368 1370 7017 370 1371 7018 281 1368 7019 281 1368 7020 370 1371 7021 415 1372 7022 281 1368 7023 415 1372 7024 417 1373 7025 417 1373 7026 427 1374 7027 281 1368 7028 281 1368 7029 427 1374 7030 695 1375 7031 695 1375 7032 427 1374 7033 465 1376 7034 695 1375 7035 465 1376 7036 473 1377 7037 473 1377 7038 482 1378 7039 695 1375 7040 695 1375 7041 482 1378 7042 501 1379 7043 695 1375 7044 501 1379 7045 516 1380 7046 516 1380 7047 518 1381 7048 695 1375 7049 695 1375 7050 518 1381 7051 524 1382 7052 695 109 7053 524 109 7054 522 1348 7055 2188 1330 7056 1818 109 7057 2456 1332 7058 830 1352 7059 1822 109 7060 2460 1327 7061 2460 1327 7062 1822 109 7063 2192 1329 7064 3003 1317 7065 2999 1383 7066 3079 1384 7067 3079 1384 7068 2999 1383 7069 2585 1331 7070 3079 1384 7071 2585 1331 7072 3009 1385 7073 3009 1385 7074 2585 1331 7075 2533 1333 7076 3081 109 7077 3003 1317 7078 3079 1384 7079 281 1368 7080 285 1386 7081 205 1367 7082 205 1367 7083 285 1386 7084 207 1387 7085 207 1387 7086 285 1386 7087 699 1350 7088 207 1387 7089 699 1350 7090 277 1388 7091 277 1388 7092 699 1350 7093 753 109 7094 753 109 7095 699 1350 7096 830 1352 7097 753 109 7098 830 1352 7099 811 109 7100 3009 1385 7101 3065 1389 7102 3079 1384 7103 3079 1384 7104 3065 1389 7105 3071 109 7106 3073 109 7107 3067 1390 7108 3081 1319 7109 3081 1319 7110 3067 1390 7111 3011 1323 7112 2496 109 7113 2477 109 7114 2535 1325 7115 2535 1325 7116 2477 109 7117 2460 1327 7118 811 109 7119 792 109 7120 753 109 7121 277 1388 7122 221 1363 7123 207 1387 7124 207 1387 7125 221 1363 7126 215 109 7127 2933 1542 7704 2644 1543 7705 2935 1544 7706 2935 1544 7707 2644 1543 7708 2646 1545 7709 2935 1544 7710 2646 1545 7711 2937 1546 7712 2937 1546 7713 2646 1545 7714 2649 1547 7715 2937 1546 7716 2649 1547 7717 2939 1548 7718 2939 1548 7719 2649 1547 7720 2652 1549 7721 2939 1548 7722 2652 1549 7723 2941 1550 7724 2941 1550 7725 2652 1549 7726 2654 1551 7727 2941 1550 7728 2654 1551 7729 2943 1552 7730 2943 1552 7731 2654 1551 7732 2656 1553 7733 2943 1552 7734 2656 1553 7735 2945 1554 7736 2945 1554 7737 2656 1553 7738 2657 1555 7739 2945 1554 7740 2657 1555 7741 2944 1556 7742 2944 1556 7743 2657 1555 7744 2655 1557 7745 2944 1556 7746 2655 1557 7747 2942 1558 7748 2942 1558 7749 2655 1557 7750 2653 1559 7751 2942 1558 7752 2653 1559 7753 2940 1560 7754 2940 1560 7755 2653 1559 7756 2650 1561 7757 2940 1560 7758 2650 1561 7759 2938 1562 7760 2938 1562 7761 2650 1561 7762 2648 1563 7763 2938 1562 7764 2648 1563 7765 2936 1564 7766 2936 1564 7767 2648 1563 7768 2645 1565 7769 2936 1564 7770 2645 1565 7771 2934 1566 7772 2934 1566 7773 2645 1565 7774 2642 1567 7775 2934 1566 7776 2642 1567 7777 2932 1568 7778 2932 1568 7779 2642 1567 7780 2640 1569 7781 2932 1568 7782 2640 1569 7783 2930 1570 7784 2930 1570 7785 2640 1569 7786 2637 1571 7787 2930 1570 7788 2637 1571 7789 2928 1572 7790 2928 1572 7791 2637 1571 7792 2635 1573 7793 2928 1572 7794 2635 1573 7795 2926 1574 7796 2926 1574 7797 2635 1573 7798 2633 1575 7799 2926 1574 7800 2633 1575 7801 2925 1576 7802 2925 1576 7803 2633 1575 7804 2634 1577 7805 2925 1576 7806 2634 1577 7807 2927 1578 7808 2927 1578 7809 2634 1577 7810 2636 1579 7811 2927 1578 7812 2636 1579 7813 2929 1580 7814 2929 1580 7815 2636 1579 7816 2638 1581 7817 2929 1580 7818 2638 1581 7819 2931 1582 7820 2931 1582 7821 2638 1581 7822 2641 1583 7823 2931 1582 7824 2641 1583 7825 2933 1542 7826 2933 1542 7827 2641 1583 7828 2644 1543 7829 333 1584 7830 601 1585 7831 331 1586 7832 331 1586 7833 601 1585 7834 599 1587 7835 331 1586 7836 599 1587 7837 329 1588 7838 329 1588 7839 599 1587 7840 596 1589 7841 329 1588 7842 596 1589 7843 327 1590 7844 327 1590 7845 596 1589 7846 593 1591 7847 327 1590 7848 593 1591 7849 325 1592 7850 325 1592 7851 593 1591 7852 591 1593 7853 325 1592 7854 591 1593 7855 323 1594 7856 323 1594 7857 591 1593 7858 589 1595 7859 323 1594 7860 589 1595 7861 321 1596 7862 321 1596 7863 589 1595 7864 588 1597 7865 321 1596 7866 588 1597 7867 322 1598 7868 322 1598 7869 588 1597 7870 590 1599 7871 322 1598 7872 590 1599 7873 324 1600 7874 324 1600 7875 590 1599 7876 592 1601 7877 324 1600 7878 592 1601 7879 326 1602 7880 326 1602 7881 592 1601 7882 595 1603 7883 326 1602 7884 595 1603 7885 328 1604 7886 328 1604 7887 595 1603 7888 597 1605 7889 328 1604 7890 597 1605 7891 330 1606 7892 330 1606 7893 597 1605 7894 600 1607 7895 330 1606 7896 600 1607 7897 332 1608 7898 332 1608 7899 600 1607 7900 603 1609 7901 332 1608 7902 603 1609 7903 334 1610 7904 334 1610 7905 603 1609 7906 605 1611 7907 334 1610 7908 605 1611 7909 336 1612 7910 336 1612 7911 605 1611 7912 608 1613 7913 336 1612 7914 608 1613 7915 338 1614 7916 338 1614 7917 608 1613 7918 610 1615 7919 338 1614 7920 610 1615 7921 340 1616 7922 340 1616 7923 610 1615 7924 612 1617 7925 340 1616 7926 612 1617 7927 341 1618 7928 341 1618 7929 612 1617 7930 611 1619 7931 341 1618 7932 611 1619 7933 339 1620 7934 339 1620 7935 611 1619 7936 609 1621 7937 339 1620 7938 609 1621 7939 337 1622 7940 337 1622 7941 609 1621 7942 607 1623 7943 337 1622 7944 607 1623 7945 335 1624 7946 335 1624 7947 607 1623 7948 604 1625 7949 335 1624 7950 604 1625 7951 333 1584 7952 333 1584 7953 604 1625 7954 601 1585 7955 2933 1626 7956 2935 1627 7957 2926 1628 7958 2926 1628 7959 2935 1627 7960 2937 1629 7961 2926 1628 7962 2937 1629 7963 2939 1630 7964 2939 1630 7965 2941 1631 7966 2926 1628 7967 2926 1628 7968 2941 1631 7969 2943 1632 7970 2926 1628 7971 2943 1632 7972 2945 1633 7973 2945 1633 7974 2944 17 7975 2926 1628 7976 2926 1628 7977 2944 17 7978 2928 17 7979 2928 17 7980 2944 17 7981 2942 17 7982 2928 17 7983 2942 17 7984 2930 17 7985 2930 17 7986 2942 17 7987 2940 17 7988 2930 17 7989 2940 17 7990 2932 17 7991 2932 17 7992 2940 17 7993 2938 17 7994 2932 17 7995 2938 17 7996 2934 17 7997 2934 17 7998 2938 17 7999 2936 17 8000 2925 1634 8001 2927 1635 8002 2926 1628 8003 2926 1628 8004 2927 1635 8005 2929 1636 8006 2926 1628 8007 2929 1636 8008 2931 1637 8009 2931 1637 8010 2933 1626 8011 2926 1628 8012 333 1638 8013 331 1639 8014 322 1640 8015 322 1640 8016 331 1639 8017 329 1641 8018 322 1640 8019 329 1641 8020 327 1642 8021 327 1642 8022 325 1643 8023 322 1640 8024 322 1640 8025 325 1643 8026 323 1644 8027 322 1640 8028 323 1644 8029 321 1645 8030 324 2 8031 340 2 8032 322 1640 8033 322 1640 8034 340 2 8035 341 1646 8036 322 1640 8037 341 1646 8038 339 1647 8039 340 2 8040 324 2 8041 338 2 8042 338 2 8043 324 2 8044 326 2 8045 338 2 8046 326 2 8047 336 2 8048 336 2 8049 326 2 8050 328 2 8051 336 2 8052 328 2 8053 334 2 8054 334 2 8055 328 2 8056 330 2 8057 334 2 8058 330 2 8059 332 2 8060 339 1647 8061 337 1648 8062 322 1640 8063 322 1640 8064 337 1648 8065 335 1649 8066 322 1640 8067 335 1649 8068 333 1638 8069 748 1650 8070 706 1651 8071 736 1652 8072 736 1652 8073 706 1651 8074 689 1653 8075 736 1652 8076 689 1653 8077 575 1654 8078 575 1654 8079 519 1655 8080 736 1652 8081 736 1652 8082 519 1655 8083 712 1656 8084 736 1652 8085 712 1656 8086 764 1657 8087 764 1657 8088 712 1656 8089 775 1658 8090 775 1658 8091 748 1650 8092 764 1657 8093 764 1657 8094 748 1650 8095 736 1652 8096 665 1659 8097 629 1660 8098 569 1661 8099 569 1661 8100 629 1660 8101 562 1662 8102 569 1661 8103 562 1662 8104 492 1663 8105 569 1661 8106 492 1663 8107 508 1664 8108 508 1664 8109 492 1663 8110 444 1665 8111 508 1664 8112 444 1665 8113 470 1666 8114 519 1655 8115 575 1654 8116 470 1666 8117 470 1666 8118 575 1654 8119 545 1667 8120 470 1666 8121 545 1667 8122 508 1664 8123 508 1664 8124 545 1667 8125 581 1668 8126 508 1664 8127 581 1668 8128 569 1661 8129 569 1661 8130 581 1668 8131 665 1659 8132 575 1654 8133 689 1653 8134 545 1667 8135 545 1667 8136 689 1653 8137 581 1668 8138 689 1653 8139 706 1651 8140 581 1668 8141 581 1668 8142 706 1651 8143 665 1659 8144 629 1660 8145 628 1669 8146 562 1662 8147 562 1662 8148 628 1669 8149 561 1670 8150 562 1662 8151 561 1670 8152 491 1671 8153 443 1672 8154 444 1665 8155 491 1671 8156 491 1671 8157 444 1665 8158 492 1663 8159 491 1671 8160 492 1663 8161 562 1662 8162 626 1673 8163 625 1674 8164 573 1675 8165 573 1675 8166 625 1674 8167 560 1676 8168 573 1675 8169 560 1676 8170 513 1677 8171 513 1677 8172 560 1676 8173 490 1678 8174 513 1677 8175 490 1678 8176 460 1679 8177 460 1679 8178 490 1678 8179 442 1680 8180 460 1679 8181 461 1681 8182 513 1677 8183 513 1677 8184 461 1681 8185 491 1671 8186 513 1677 8187 491 1671 8188 561 1670 8189 461 1681 8190 443 1672 8191 491 1671 8192 513 1677 8193 561 1670 8194 573 1675 8195 573 1675 8196 561 1670 8197 628 1669 8198 573 1675 8199 628 1669 8200 627 1682 8201 627 1682 8202 626 1673 8203 573 1675 8204 625 1674 8205 624 1683 8206 560 1676 8207 560 1676 8208 624 1683 8209 559 1684 8210 560 1676 8211 559 1684 8212 489 1685 8213 441 1686 8214 442 1680 8215 489 1685 8216 489 1685 8217 442 1680 8218 490 1678 8219 489 1685 8220 490 1678 8221 560 1676 8222 594 1687 8223 558 1688 8224 598 1689 8225 598 1689 8226 558 1688 8227 527 1690 8228 598 1689 8229 527 1690 8230 602 1691 8231 602 1691 8232 527 1690 8233 528 1692 8234 602 1691 8235 528 1692 8236 606 1693 8237 606 1693 8238 528 1692 8239 529 1694 8240 606 1693 8241 529 1694 8242 613 1695 8243 613 1695 8244 529 1694 8245 530 1696 8246 613 1695 8247 530 1696 8248 619 1697 8249 619 1697 8250 530 1696 8251 531 1698 8252 619 1697 8253 531 1698 8254 620 1699 8255 620 1699 8256 531 1698 8257 532 1700 8258 620 1699 8259 532 1700 8260 621 1701 8261 621 1701 8262 532 1700 8263 533 1702 8264 621 1701 8265 533 1702 8266 622 1703 8267 622 1703 8268 533 1702 8269 534 1704 8270 622 1703 8271 534 1704 8272 623 1705 8273 623 1705 8274 534 1704 8275 535 1706 8276 623 1705 8277 535 1706 8278 559 1684 8279 559 1684 8280 535 1706 8281 489 1685 8282 489 1685 8283 535 1706 8284 440 1707 8285 489 1685 8286 440 1707 8287 441 1686 8288 558 1688 8289 488 1708 8290 527 1690 8291 527 1690 8292 488 1708 8293 432 1709 8294 527 1690 8295 432 1709 8296 528 1692 8297 528 1692 8298 432 1709 8299 433 1710 8300 528 1692 8301 433 1710 8302 529 1694 8303 529 1694 8304 433 1710 8305 434 1711 8306 529 1694 8307 434 1711 8308 530 1696 8309 530 1696 8310 434 1711 8311 435 1712 8312 530 1696 8313 435 1712 8314 531 1698 8315 531 1698 8316 435 1712 8317 436 1713 8318 531 1698 8319 436 1713 8320 532 1700 8321 532 1700 8322 436 1713 8323 437 1714 8324 532 1700 8325 437 1714 8326 533 1702 8327 533 1702 8328 437 1714 8329 438 1715 8330 533 1702 8331 438 1715 8332 534 1704 8333 534 1704 8334 438 1715 8335 439 1716 8336 534 1704 8337 439 1716 8338 535 1706 8339 535 1706 8340 439 1716 8341 440 1707 8342 488 1708 8343 431 1717 8344 432 1709 8345 559 1684 8346 624 1683 8347 623 1705 8348 594 1687 8349 586 1718 8350 558 1688 8351 558 1688 8352 586 1718 8353 557 1719 8354 558 1688 8355 557 1719 8356 487 1720 8357 430 1721 8358 431 1717 8359 487 1720 8360 487 1720 8361 431 1717 8362 488 1708 8363 487 1720 8364 488 1708 8365 558 1688 8366 584 1722 8367 583 1723 8368 579 1724 8369 579 1724 8370 583 1723 8371 571 1725 8372 579 1724 8373 571 1725 8374 546 1726 8375 546 1726 8376 571 1725 8377 549 1727 8378 546 1726 8379 549 1727 8380 502 1728 8381 502 1728 8382 478 1729 8383 546 1726 8384 546 1726 8385 478 1729 8386 525 1730 8387 546 1726 8388 525 1730 8389 577 1731 8390 577 1731 8391 525 1730 8392 557 1719 8393 577 1731 8394 557 1719 8395 586 1718 8396 430 1721 8397 487 1720 8398 478 1729 8399 478 1729 8400 487 1720 8401 525 1730 8402 487 1720 8403 557 1719 8404 525 1730 8405 586 1718 8406 584 1722 8407 577 1731 8408 577 1731 8409 584 1722 8410 579 1724 8411 577 1731 8412 579 1724 8413 546 1726 8414 583 1723 8415 667 1732 8416 571 1725 8417 571 1725 8418 667 1732 8419 669 1733 8420 571 1725 8421 669 1733 8422 555 1734 8423 555 1734 8424 669 1733 8425 709 1735 8426 667 1732 8427 709 1735 8428 669 1733 8429 502 1728 8430 549 1727 8431 555 1734 8432 555 1734 8433 549 1727 8434 571 1725 8435 708 1736 8436 709 1735 8437 672 1737 8438 672 1737 8439 709 1735 8440 667 1732 8441 672 1737 8442 667 1732 8443 663 1738 8444 663 1738 8445 667 1732 8446 583 1723 8447 663 1738 8448 583 1723 8449 582 1739 8450 597 2 8451 594 1687 8452 600 1740 8453 600 1740 8454 594 1687 8455 598 1689 8456 600 1740 8457 598 1689 8458 602 1691 8459 597 2 8460 595 1741 8461 594 1687 8462 594 1687 8463 595 1741 8464 586 1718 8465 586 1718 8466 595 1741 8467 582 1739 8468 586 1718 8469 582 1739 8470 584 1722 8471 584 1722 8472 582 1739 8473 583 1723 8474 595 1741 8475 592 2 8476 582 1739 8477 582 1739 8478 592 2 8479 590 1742 8480 582 1739 8481 590 1742 8482 588 1743 8483 582 1739 8484 588 1743 8485 585 1744 8486 585 1744 8487 588 1743 8488 589 1745 8489 585 1744 8490 589 1745 8491 591 1746 8492 591 1746 8493 593 1747 8494 585 1744 8495 585 1744 8496 593 1747 8497 587 1748 8498 587 1748 8499 593 1747 8500 596 1749 8501 587 1748 8502 596 1749 8503 599 1750 8504 599 1750 8505 601 1751 8506 587 1748 8507 587 1748 8508 601 1751 8509 629 1660 8510 629 1660 8511 601 1751 8512 604 1752 8513 629 1660 8514 604 1752 8515 628 1669 8516 628 1669 8517 604 1752 8518 627 1682 8519 627 1682 8520 604 1752 8521 607 2 8522 627 1682 8523 607 2 8524 626 1673 8525 626 1673 8526 607 2 8527 625 1674 8528 625 1674 8529 607 2 8530 609 1753 8531 625 1674 8532 609 1753 8533 611 1754 8534 625 1674 8535 611 1754 8536 624 1683 8537 624 1683 8538 611 1754 8539 612 2 8540 624 1683 8541 612 2 8542 623 1705 8543 623 1705 8544 612 2 8545 610 1755 8546 623 1705 8547 610 1755 8548 622 1703 8549 622 1703 8550 610 1755 8551 608 1756 8552 622 1703 8553 608 1756 8554 621 1701 8555 621 1701 8556 608 1756 8557 605 1757 8558 621 1701 8559 605 1757 8560 620 1699 8561 620 1699 8562 605 1757 8563 619 1697 8564 619 1697 8565 605 1757 8566 603 1758 8567 619 1697 8568 603 1758 8569 613 1695 8570 613 1695 8571 603 1758 8572 606 1693 8573 606 1693 8574 603 1758 8575 600 1740 8576 606 1693 8577 600 1740 8578 602 1691 8579 629 1660 8580 665 1659 8581 587 1748 8582 587 1748 8583 665 1659 8584 677 1759 8585 677 1759 8586 665 1659 8587 706 1651 8588 677 1759 8589 706 1651 8590 725 1760 8591 725 1760 8592 706 1651 8593 748 1650 8594 725 1760 8595 748 1650 8596 774 1761 8597 774 1761 8598 748 1650 8599 775 1658 8600 713 1762 8601 520 1763 8602 743 1764 8603 743 1764 8604 520 1763 8605 576 1765 8606 743 1764 8607 576 1765 8608 690 1766 8609 690 1766 8610 707 1767 8611 743 1764 8612 743 1764 8613 707 1767 8614 749 1768 8615 743 1764 8616 749 1768 8617 765 1769 8618 765 1769 8619 749 1768 8620 776 1770 8621 776 1770 8622 713 1762 8623 765 1769 8624 765 1769 8625 713 1762 8626 743 1764 8627 471 1771 8628 445 1772 8629 480 1773 8630 480 1773 8631 445 1772 8632 493 1774 8633 480 1773 8634 493 1774 8635 548 1775 8636 548 1775 8637 493 1774 8638 563 1776 8639 548 1775 8640 563 1776 8641 630 1777 8642 630 1777 8643 666 1778 8644 548 1775 8645 548 1775 8646 666 1778 8647 570 1779 8648 548 1775 8649 570 1779 8650 499 1780 8651 499 1780 8652 570 1779 8653 576 1765 8654 499 1780 8655 576 1765 8656 520 1763 8657 707 1767 8658 690 1766 8659 666 1778 8660 666 1778 8661 690 1766 8662 570 1779 8663 690 1766 8664 576 1765 8665 570 1779 8666 520 1763 8667 471 1771 8668 499 1780 8669 499 1780 8670 471 1771 8671 480 1773 8672 499 1780 8673 480 1773 8674 548 1775 8675 445 1772 8676 446 1781 8677 493 1774 8678 493 1774 8679 446 1781 8680 494 1782 8681 493 1774 8682 494 1782 8683 564 1783 8684 631 1784 8685 630 1777 8686 564 1783 8687 564 1783 8688 630 1777 8689 563 1776 8690 564 1783 8691 563 1776 8692 493 1774 8693 447 1785 8694 495 1786 8695 463 1787 8696 463 1787 8697 495 1786 8698 514 1788 8699 463 1787 8700 514 1788 8701 462 1789 8702 462 1789 8703 514 1788 8704 494 1782 8705 462 1789 8706 494 1782 8707 446 1781 8708 495 1786 8709 565 1790 8710 514 1788 8711 514 1788 8712 565 1790 8713 574 1791 8714 514 1788 8715 574 1791 8716 564 1783 8717 564 1783 8718 574 1791 8719 632 1792 8720 564 1783 8721 632 1792 8722 631 1784 8723 565 1790 8724 634 1793 8725 574 1791 8726 574 1791 8727 634 1793 8728 633 1794 8729 574 1791 8730 633 1794 8731 632 1792 8732 564 1783 8733 494 1782 8734 514 1788 8735 447 1785 8736 448 1795 8737 495 1786 8738 495 1786 8739 448 1795 8740 496 1796 8741 495 1786 8742 496 1796 8743 566 1797 8744 635 1798 8745 634 1793 8746 566 1797 8747 566 1797 8748 634 1793 8749 565 1790 8750 566 1797 8751 565 1790 8752 495 1786 8753 458 1799 8754 497 1800 8755 457 1801 8756 457 1801 8757 497 1800 8758 544 1802 8759 457 1801 8760 544 1802 8761 456 1803 8762 456 1803 8763 544 1802 8764 543 1804 8765 456 1803 8766 543 1804 8767 455 1805 8768 455 1805 8769 543 1804 8770 542 1806 8771 455 1805 8772 542 1806 8773 454 1807 8774 454 1807 8775 542 1806 8776 541 1808 8777 454 1807 8778 541 1808 8779 453 1809 8780 453 1809 8781 541 1808 8782 540 1810 8783 453 1809 8784 540 1810 8785 452 1811 8786 452 1811 8787 540 1810 8788 539 1812 8789 452 1811 8790 539 1812 8791 451 1813 8792 451 1813 8793 539 1812 8794 538 1814 8795 451 1813 8796 538 1814 8797 450 1815 8798 450 1815 8799 538 1814 8800 537 1816 8801 450 1815 8802 537 1816 8803 449 1817 8804 449 1817 8805 537 1816 8806 536 1818 8807 449 1817 8808 536 1818 8809 496 1796 8810 496 1796 8811 536 1818 8812 566 1797 8813 566 1797 8814 536 1818 8815 636 1819 8816 566 1797 8817 636 1819 8818 635 1798 8819 497 1800 8820 567 1820 8821 544 1802 8822 544 1802 8823 567 1820 8824 656 1821 8825 544 1802 8826 656 1821 8827 543 1804 8828 543 1804 8829 656 1821 8830 655 1822 8831 543 1804 8832 655 1822 8833 542 1806 8834 542 1806 8835 655 1822 8836 653 1823 8837 542 1806 8838 653 1823 8839 541 1808 8840 541 1808 8841 653 1823 8842 651 1824 8843 541 1808 8844 651 1824 8845 540 1810 8846 540 1810 8847 651 1824 8848 643 1825 8849 540 1810 8850 643 1825 8851 539 1812 8852 539 1812 8853 643 1825 8854 640 1826 8855 539 1812 8856 640 1826 8857 538 1814 8858 538 1814 8859 640 1826 8860 638 1827 8861 538 1814 8862 638 1827 8863 537 1816 8864 537 1816 8865 638 1827 8866 637 1828 8867 537 1816 8868 637 1828 8869 536 1818 8870 536 1818 8871 637 1828 8872 636 1819 8873 567 1820 8874 657 1829 8875 656 1821 8876 496 1796 8877 448 1795 8878 449 1817 8879 458 1799 8880 459 1830 8881 497 1800 8882 497 1800 8883 459 1830 8884 498 1831 8885 497 1800 8886 498 1831 8887 568 1832 8888 658 1833 8889 657 1829 8890 568 1832 8891 568 1832 8892 657 1829 8893 567 1820 8894 568 1832 8895 567 1820 8896 497 1800 8897 479 1834 8898 503 1835 8899 547 1836 8900 547 1836 8901 503 1835 8902 550 1837 8903 547 1836 8904 550 1837 8905 572 1838 8906 547 1836 8907 572 1838 8908 580 1839 8909 580 1839 8910 572 1838 8911 661 1840 8912 580 1839 8913 661 1840 8914 659 1841 8915 580 1839 8916 659 1841 8917 578 1842 8918 578 1842 8919 659 1841 8920 658 1833 8921 578 1842 8922 658 1833 8923 568 1832 8924 578 1842 8925 568 1832 8926 526 1843 8927 526 1843 8928 568 1832 8929 498 1831 8930 526 1843 8931 498 1831 8932 479 1834 8933 479 1834 8934 498 1831 8935 459 1830 8936 526 1843 8937 479 1834 8938 547 1836 8939 526 1843 8940 547 1836 8941 580 1839 8942 578 1842 8943 526 1843 8944 580 1839 8945 661 1840 8946 572 1838 8947 668 1844 8948 668 1844 8949 572 1838 8950 550 1837 8951 668 1844 8952 550 1837 8953 662 1845 8954 662 1845 8955 550 1837 8956 503 1835 8957 662 1845 8958 503 1835 8959 556 1846 8960 662 1845 8961 556 1846 8962 705 1847 8963 705 1847 8964 556 1846 8965 711 1848 8966 711 1848 8967 668 1844 8968 705 1847 8969 705 1847 8970 668 1844 8971 662 1845 8972 711 1848 8973 556 1846 8974 227 1849 8975 227 1849 8976 556 1846 8977 224 1850 8978 224 1850 8979 556 1846 8980 503 1835 8981 224 1850 8982 503 1835 8983 268 1851 8984 268 1851 8985 503 1835 8986 479 1834 8987 268 1851 8988 479 1834 8989 280 1852 8990 280 1852 8991 479 1834 8992 459 1830 8993 459 1830 8994 458 1799 8995 280 1852 8996 280 1852 8997 458 1799 8998 261 1853 8999 280 1852 9000 261 1853 9001 262 1854 9002 266 1855 9003 274 1856 9004 262 1854 9005 262 1854 9006 274 1856 9007 280 1852 9008 261 1853 9009 458 1799 9010 260 1857 9011 260 1857 9012 458 1799 9013 457 1801 9014 260 1857 9015 457 1801 9016 259 1858 9017 259 1858 9018 457 1801 9019 456 1803 9020 259 1858 9021 456 1803 9022 258 1859 9023 258 1859 9024 456 1803 9025 455 1805 9026 258 1859 9027 455 1805 9028 257 1860 9029 257 1860 9030 455 1805 9031 454 1807 9032 257 1860 9033 454 1807 9034 256 1861 9035 256 1861 9036 454 1807 9037 453 1809 9038 256 1861 9039 453 1809 9040 255 1862 9041 255 1862 9042 453 1809 9043 452 1811 9044 255 1862 9045 452 1811 9046 254 1863 9047 254 1863 9048 452 1811 9049 451 1813 9050 254 1863 9051 451 1813 9052 253 1864 9053 253 1864 9054 451 1813 9055 450 1815 9056 253 1864 9057 450 1815 9058 252 1865 9059 252 1865 9060 450 1815 9061 449 1817 9062 252 1865 9063 449 1817 9064 251 1866 9065 251 1866 9066 449 1817 9067 448 1795 9068 447 1785 9069 250 1867 9070 448 1795 9071 448 1795 9072 250 1867 9073 251 1866 9074 250 1867 9075 447 1785 9076 232 1868 9077 232 1868 9078 447 1785 9079 463 1787 9080 232 1868 9081 463 1787 9082 462 1789 9083 232 1868 9084 462 1789 9085 231 1869 9086 231 1869 9087 462 1789 9088 446 1781 9089 231 1869 9090 446 1781 9091 249 1870 9092 446 1781 9093 445 1772 9094 249 1870 9095 249 1870 9096 445 1772 9097 471 1771 9098 249 1870 9099 471 1771 9100 248 1871 9101 248 1871 9102 471 1771 9103 520 1763 9104 248 1871 9105 520 1763 9106 264 1872 9107 264 1872 9108 520 1763 9109 713 1762 9110 264 1872 9111 713 1762 9112 270 1873 9113 270 1873 9114 713 1762 9115 776 1770 9116 270 1873 9117 776 1770 9118 272 1874 9119 672 1737 9120 673 1875 9121 708 1736 9122 708 1736 9123 673 1875 9124 721 1876 9125 708 1736 9126 721 1876 9127 720 1877 9128 720 1877 9129 721 1876 9130 756 1878 9131 756 1878 9132 721 1876 9133 766 1879 9134 672 1737 9135 663 1738 9136 673 1875 9137 673 1875 9138 663 1738 9139 582 1739 9140 582 1739 9141 585 1744 9142 673 1875 9143 673 1875 9144 585 1744 9145 674 1880 9146 673 1875 9147 674 1880 9148 721 1876 9149 721 1876 9150 674 1880 9151 722 1881 9152 721 1876 9153 722 1881 9154 766 1879 9155 766 1879 9156 722 1881 9157 767 1882 9158 714 1883 9159 747 1884 9160 757 1885 9161 757 1885 9162 747 1884 9163 794 1886 9164 757 1885 9165 794 1886 9166 795 1887 9167 795 1887 9168 794 1886 9169 804 1888 9170 795 1887 9171 804 1888 9172 813 1889 9173 813 1889 9174 804 1888 9175 815 1890 9176 813 1889 9177 815 1890 9178 817 1891 9179 817 1891 9180 815 1890 9181 823 1892 9182 817 1891 9183 823 1892 9184 821 1893 9185 747 1884 9186 760 1894 9187 794 1886 9188 794 1886 9189 760 1894 9190 801 1895 9191 794 1886 9192 801 1895 9193 808 1896 9194 760 1894 9195 788 1897 9196 801 1895 9197 794 1886 9198 808 1896 9199 804 1888 9200 804 1888 9201 808 1896 9202 816 1898 9203 804 1888 9204 816 1898 9205 815 1890 9206 815 1890 9207 816 1898 9208 818 1899 9209 815 1890 9210 818 1899 9211 823 1892 9212 823 1892 9213 818 1899 9214 824 1900 9215 824 1900 9216 818 1899 9217 825 1901 9218 714 1883 9219 708 1736 9220 747 1884 9221 747 1884 9222 708 1736 9223 720 1877 9224 747 1884 9225 720 1877 9226 756 1878 9227 766 1879 9228 788 1897 9229 756 1878 9230 756 1878 9231 788 1897 9232 760 1894 9233 756 1878 9234 760 1894 9235 747 1884 9236 555 1734 9237 223 1902 9238 502 1728 9239 502 1728 9240 223 1902 9241 267 1903 9242 502 1728 9243 267 1903 9244 478 1729 9245 478 1729 9246 267 1903 9247 279 1904 9248 478 1729 9249 279 1904 9250 430 1721 9251 709 1735 9252 225 1905 9253 555 1734 9254 555 1734 9255 225 1905 9256 223 1902 9257 100 1906 9258 147 1907 9259 143 1908 9260 143 1908 9261 147 1907 9262 166 1909 9263 143 1908 9264 166 1909 9265 189 1910 9266 189 1910 9267 166 1909 9268 223 1902 9269 189 1910 9270 223 1902 9271 225 1905 9272 166 1909 9273 147 1907 9274 209 1911 9275 209 1911 9276 147 1907 9277 193 1912 9278 209 1911 9279 193 1912 9280 265 1913 9281 265 1913 9282 193 1912 9283 233 1914 9284 265 1913 9285 273 1915 9286 209 1911 9287 209 1911 9288 273 1915 9289 267 1903 9290 209 1911 9291 267 1903 9292 223 1902 9293 273 1915 9294 279 1904 9295 267 1903 9296 223 1902 9297 166 1909 9298 209 1911 9299 100 1906 9300 102 1916 9301 147 1907 9302 147 1907 9303 102 1916 9304 148 1917 9305 147 1907 9306 148 1917 9307 194 1918 9308 234 1919 9309 233 1914 9310 194 1918 9311 194 1918 9312 233 1914 9313 193 1912 9314 194 1918 9315 193 1912 9316 147 1907 9317 113 1920 9318 149 1921 9319 112 1922 9320 112 1922 9321 149 1921 9322 176 1923 9323 112 1922 9324 176 1923 9325 111 1924 9326 111 1924 9327 176 1923 9328 175 1925 9329 111 1924 9330 175 1925 9331 110 1926 9332 110 1926 9333 175 1925 9334 174 1927 9335 110 1926 9336 174 1927 9337 109 1928 9338 109 1928 9339 174 1927 9340 173 1929 9341 109 1928 9342 173 1929 9343 108 1930 9344 108 1930 9345 173 1929 9346 172 1931 9347 108 1930 9348 172 1931 9349 107 1932 9350 107 1932 9351 172 1931 9352 171 1933 9353 107 1932 9354 171 1933 9355 106 1934 9356 106 1934 9357 171 1933 9358 170 1935 9359 106 1934 9360 170 1935 9361 105 1936 9362 105 1936 9363 170 1935 9364 169 1937 9365 105 1936 9366 169 1937 9367 104 1938 9368 104 1938 9369 169 1937 9370 168 1939 9371 104 1938 9372 168 1939 9373 103 1940 9374 103 1940 9375 168 1939 9376 167 1941 9377 103 1940 9378 167 1941 9379 148 1917 9380 148 1917 9381 167 1941 9382 194 1918 9383 194 1918 9384 167 1941 9385 235 1942 9386 194 1918 9387 235 1942 9388 234 1919 9389 149 1921 9390 195 1943 9391 176 1923 9392 176 1923 9393 195 1943 9394 243 1944 9395 176 1923 9396 243 1944 9397 175 1925 9398 175 1925 9399 243 1944 9400 242 1945 9401 175 1925 9402 242 1945 9403 174 1927 9404 174 1927 9405 242 1945 9406 241 1946 9407 174 1927 9408 241 1946 9409 173 1929 9410 173 1929 9411 241 1946 9412 240 1947 9413 173 1929 9414 240 1947 9415 172 1931 9416 172 1931 9417 240 1947 9418 239 1948 9419 172 1931 9420 239 1948 9421 171 1933 9422 171 1933 9423 239 1948 9424 238 1949 9425 171 1933 9426 238 1949 9427 170 1935 9428 170 1935 9429 238 1949 9430 237 1950 9431 170 1935 9432 237 1950 9433 169 1937 9434 169 1937 9435 237 1950 9436 236 1951 9437 169 1937 9438 236 1951 9439 168 1939 9440 168 1939 9441 236 1951 9442 235 1942 9443 168 1939 9444 235 1942 9445 167 1941 9446 195 1943 9447 244 1952 9448 243 1944 9449 148 1917 9450 102 1916 9451 103 1940 9452 113 1920 9453 114 1953 9454 149 1921 9455 149 1921 9456 114 1953 9457 150 1954 9458 149 1921 9459 150 1954 9460 196 1955 9461 245 1956 9462 244 1952 9463 196 1955 9464 196 1955 9465 244 1952 9466 195 1943 9467 196 1955 9468 195 1943 9469 149 1921 9470 114 1953 9471 115 1957 9472 151 1958 9473 151 1958 9474 115 1957 9475 152 1959 9476 151 1958 9477 152 1959 9478 198 1960 9479 247 1961 9480 246 1962 9481 198 1960 9482 198 1960 9483 246 1962 9484 197 1963 9485 198 1960 9486 197 1963 9487 151 1958 9488 114 1953 9489 151 1958 9490 150 1954 9491 150 1954 9492 151 1958 9493 187 1964 9494 150 1954 9495 187 1964 9496 196 1955 9497 196 1955 9498 187 1964 9499 229 1965 9500 196 1955 9501 229 1965 9502 245 1956 9503 151 1958 9504 197 1963 9505 187 1964 9506 187 1964 9507 197 1963 9508 230 1966 9509 187 1964 9510 230 1966 9511 229 1965 9512 197 1963 9513 246 1962 9514 230 1966 9515 272 1874 9516 271 1967 9517 212 1968 9518 212 1968 9519 271 1967 9520 211 1969 9521 212 1968 9522 211 1969 9523 160 1970 9524 160 1970 9525 211 1969 9526 159 1971 9527 160 1970 9528 159 1971 9529 127 1972 9530 127 1972 9531 159 1971 9532 115 1957 9533 115 1957 9534 159 1971 9535 152 1959 9536 152 1959 9537 159 1971 9538 198 1960 9539 198 1960 9540 159 1971 9541 211 1969 9542 198 1960 9543 211 1969 9544 217 1973 9545 217 1973 9546 211 1969 9547 271 1967 9548 271 1967 9549 269 1974 9550 217 1973 9551 217 1973 9552 269 1974 9553 263 1975 9554 217 1973 9555 263 1975 9556 247 1961 9557 247 1961 9558 198 1960 9559 217 1973 9560 127 1972 9561 128 1976 9562 153 1977 9563 153 1977 9564 128 1976 9565 154 1978 9566 153 1977 9567 154 1978 9568 200 1979 9569 249 1870 9570 248 1871 9571 200 1979 9572 200 1979 9573 248 1871 9574 199 1980 9575 200 1979 9576 199 1980 9577 153 1977 9578 127 1972 9579 153 1977 9580 160 1970 9581 160 1970 9582 153 1977 9583 199 1980 9584 160 1970 9585 199 1980 9586 218 1981 9587 218 1981 9588 199 1980 9589 248 1871 9590 218 1981 9591 248 1871 9592 264 1872 9593 264 1872 9594 270 1873 9595 218 1981 9596 218 1981 9597 270 1873 9598 272 1874 9599 272 1874 9600 212 1968 9601 218 1981 9602 218 1981 9603 212 1968 9604 160 1970 9605 128 1976 9606 129 1982 9607 155 1983 9608 155 1983 9609 129 1982 9610 156 1984 9611 155 1983 9612 156 1984 9613 202 1985 9614 251 1866 9615 250 1867 9616 202 1985 9617 202 1985 9618 250 1867 9619 201 1986 9620 202 1985 9621 201 1986 9622 155 1983 9623 140 1987 9624 157 1988 9625 139 1989 9626 139 1989 9627 157 1988 9628 186 1990 9629 139 1989 9630 186 1990 9631 138 1991 9632 138 1991 9633 186 1990 9634 185 1992 9635 138 1991 9636 185 1992 9637 137 1993 9638 137 1993 9639 185 1992 9640 184 1994 9641 137 1993 9642 184 1994 9643 136 1995 9644 136 1995 9645 184 1994 9646 183 1996 9647 136 1995 9648 183 1996 9649 135 1997 9650 135 1997 9651 183 1996 9652 182 1998 9653 135 1997 9654 182 1998 9655 134 1999 9656 134 1999 9657 182 1998 9658 181 2000 9659 134 1999 9660 181 2000 9661 133 2001 9662 133 2001 9663 181 2000 9664 180 2002 9665 133 2001 9666 180 2002 9667 132 2003 9668 132 2003 9669 180 2002 9670 179 2004 9671 132 2003 9672 179 2004 9673 131 2005 9674 131 2005 9675 179 2004 9676 178 2006 9677 131 2005 9678 178 2006 9679 130 2007 9680 130 2007 9681 178 2006 9682 177 2008 9683 130 2007 9684 177 2008 9685 156 1984 9686 156 1984 9687 177 2008 9688 202 1985 9689 202 1985 9690 177 2008 9691 252 1865 9692 202 1985 9693 252 1865 9694 251 1866 9695 157 1988 9696 203 2009 9697 186 1990 9698 186 1990 9699 203 2009 9700 260 1857 9701 186 1990 9702 260 1857 9703 185 1992 9704 185 1992 9705 260 1857 9706 259 1858 9707 185 1992 9708 259 1858 9709 184 1994 9710 184 1994 9711 259 1858 9712 258 1859 9713 184 1994 9714 258 1859 9715 183 1996 9716 183 1996 9717 258 1859 9718 257 1860 9719 183 1996 9720 257 1860 9721 182 1998 9722 182 1998 9723 257 1860 9724 256 1861 9725 182 1998 9726 256 1861 9727 181 2000 9728 181 2000 9729 256 1861 9730 255 1862 9731 181 2000 9732 255 1862 9733 180 2002 9734 180 2002 9735 255 1862 9736 254 1863 9737 180 2002 9738 254 1863 9739 179 2004 9740 179 2004 9741 254 1863 9742 253 1864 9743 179 2004 9744 253 1864 9745 178 2006 9746 178 2006 9747 253 1864 9748 252 1865 9749 178 2006 9750 252 1865 9751 177 2008 9752 203 2009 9753 261 1853 9754 260 1857 9755 156 1984 9756 129 1982 9757 130 2007 9758 140 1987 9759 141 2010 9760 157 1988 9761 157 1988 9762 141 2010 9763 158 2011 9764 157 1988 9765 158 2011 9766 204 2012 9767 262 1854 9768 261 1853 9769 204 2012 9770 204 2012 9771 261 1853 9772 203 2009 9773 204 2012 9774 203 2009 9775 157 1988 9776 227 1849 9777 224 1850 9778 191 2013 9779 191 2013 9780 224 1850 9781 161 2014 9782 191 2013 9783 161 2014 9784 145 2015 9785 145 2015 9786 161 2014 9787 141 2010 9788 141 2010 9789 161 2014 9790 158 2011 9791 158 2011 9792 161 2014 9793 210 2016 9794 158 2011 9795 210 2016 9796 204 2012 9797 204 2012 9798 210 2016 9799 266 1855 9800 204 2012 9801 266 1855 9802 262 1854 9803 161 2014 9804 224 1850 9805 210 2016 9806 210 2016 9807 224 1850 9808 268 1851 9809 210 2016 9810 268 1851 9811 274 1856 9812 274 1856 9813 268 1851 9814 280 1852 9815 274 1856 9816 266 1855 9817 210 2016 9818 128 1976 9819 155 1983 9820 154 1978 9821 154 1978 9822 155 1983 9823 188 2017 9824 154 1978 9825 188 2017 9826 200 1979 9827 200 1979 9828 188 2017 9829 231 1869 9830 200 1979 9831 231 1869 9832 249 1870 9833 155 1983 9834 201 1986 9835 188 2017 9836 188 2017 9837 201 1986 9838 231 1869 9839 201 1986 9840 250 1867 9841 231 1869 9842 231 1869 9843 250 1867 9844 232 1868 9845 771 2018 9846 770 2019 9847 724 2020 9848 724 2020 9849 770 2019 9850 723 2021 9851 724 2020 9852 723 2021 9853 676 2022 9854 676 2022 9855 723 2021 9856 675 2023 9857 676 2022 9858 675 2023 9859 587 1748 9860 587 1748 9861 675 2023 9862 585 1744 9863 585 1744 9864 675 2023 9865 674 1880 9866 674 1880 9867 675 2023 9868 693 2024 9869 674 1880 9870 693 2024 9871 722 1881 9872 722 1881 9873 693 2024 9874 741 2025 9875 722 1881 9876 741 2025 9877 768 2026 9878 768 2026 9879 741 2025 9880 769 2027 9881 769 2027 9882 741 2025 9883 723 2021 9884 769 2027 9885 723 2021 9886 770 2019 9887 675 2023 9888 723 2021 9889 693 2024 9890 693 2024 9891 723 2021 9892 741 2025 9893 768 2026 9894 767 1882 9895 722 1881 9896 587 1748 9897 677 1759 9898 676 2022 9899 676 2022 9900 677 1759 9901 704 2028 9902 676 2022 9903 704 2028 9904 724 2020 9905 724 2020 9906 704 2028 9907 746 2029 9908 724 2020 9909 746 2029 9910 759 2030 9911 759 2030 9912 746 2029 9913 774 1761 9914 677 1759 9915 725 1760 9916 704 2028 9917 704 2028 9918 725 1760 9919 746 2029 9920 725 1760 9921 774 1761 9922 746 2029 9923 774 1761 9924 773 2031 9925 759 2030 9926 759 2030 9927 773 2031 9928 772 2032 9929 759 2030 9930 772 2032 9931 771 2018 9932 771 2018 9933 724 2020 9934 759 2030 9935 710 2033 9936 711 1848 9937 716 2034 9938 716 2034 9939 711 1848 9940 717 2035 9941 717 2035 9942 711 1848 9943 227 1849 9944 717 2035 9945 227 1849 9946 228 2036 9947 227 1849 9948 191 2013 9949 228 2036 9950 228 2036 9951 191 2013 9952 192 2037 9953 192 2037 9954 191 2013 9955 145 2015 9956 192 2037 9957 145 2015 9958 146 2038 9959 146 2038 9960 145 2015 9961 141 2010 9962 146 2038 9963 141 2010 9964 142 2039 9965 123 2040 9966 132 2003 9967 121 2041 9968 121 2041 9969 132 2003 9970 131 2005 9971 121 2041 9972 131 2005 9973 110 1926 9974 110 1926 9975 131 2005 9976 111 1924 9977 111 1924 9978 131 2005 9979 130 2007 9980 111 1924 9981 130 2007 9982 112 1922 9983 112 1922 9984 130 2007 9985 129 1982 9986 112 1922 9987 129 1982 9988 113 1920 9989 113 1920 9990 129 1982 9991 128 1976 9992 113 1920 9993 128 1976 9994 114 1953 9995 114 1953 9996 128 1976 9997 127 1972 9998 114 1953 9999 127 1972 10000 115 1957 10001 125 2042 10002 134 1999 10003 123 2040 10004 123 2040 10005 134 1999 10006 133 2001 10007 123 2040 10008 133 2001 10009 132 2003 10010 134 1999 10011 125 2042 10012 135 1997 10013 135 1997 10014 125 2042 10015 126 2043 10016 135 1997 10017 126 2043 10018 124 2044 10019 135 1997 10020 124 2044 10021 136 1995 10022 136 1995 10023 124 2044 10024 122 2045 10025 136 1995 10026 122 2045 10027 137 1993 10028 137 1993 10029 122 2045 10030 142 2039 10031 137 1993 10032 142 2039 10033 138 1991 10034 138 1991 10035 142 2039 10036 139 1989 10037 139 1989 10038 142 2039 10039 140 1987 10040 140 1987 10041 142 2039 10042 141 2010 10043 142 2039 10044 122 2045 10045 101 2046 10046 101 2046 10047 122 2045 10048 120 2047 10049 101 2046 10050 120 2047 10051 118 2048 10052 116 2049 10053 106 1934 10054 118 2048 10055 118 2048 10056 106 1934 10057 105 1936 10058 118 2048 10059 105 1936 10060 101 2046 10061 101 2046 10062 105 1936 10063 104 1938 10064 101 2046 10065 104 1938 10066 103 1940 10067 106 1934 10068 116 2049 10069 107 1932 10070 107 1932 10071 116 2049 10072 117 2050 10073 107 1932 10074 117 2050 10075 108 1930 10076 108 1930 10077 117 2050 10078 119 2051 10079 108 1930 10080 119 2051 10081 109 1928 10082 109 1928 10083 119 2051 10084 121 2041 10085 109 1928 10086 121 2041 10087 110 1926 10088 103 1940 10089 102 1916 10090 101 2046 10091 101 2046 10092 102 1916 10093 100 1906 10094 101 2046 10095 100 1906 10096 144 2052 10097 144 2052 10098 100 1906 10099 143 1908 10100 144 2052 10101 143 1908 10102 190 2053 10103 190 2053 10104 143 1908 10105 189 1910 10106 190 2053 10107 189 1910 10108 226 2054 10109 226 2054 10110 189 1910 10111 225 1905 10112 226 2054 10113 225 1905 10114 715 2055 10115 715 2055 10116 225 1905 10117 709 1735 10118 715 2055 10119 709 1735 10120 714 1883 10121 714 1883 10122 709 1735 10123 708 1736 10124 714 1883 10125 757 1885 10126 715 2055 10127 715 2055 10128 757 1885 10129 761 2056 10130 761 2056 10131 757 1885 10132 795 1887 10133 761 2056 10134 795 1887 10135 805 2057 10136 805 2057 10137 795 1887 10138 813 1889 10139 805 2057 10140 813 1889 10141 817 1891 10142 821 1893 10143 822 2058 10144 817 1891 10145 817 1891 10146 822 2058 10147 805 2057 10148 2451 2059 10149 821 1893 10150 2453 2060 10151 2453 2060 10152 821 1893 10153 823 1892 10154 2453 2060 10155 823 1892 10156 2454 2061 10157 2454 2061 10158 823 1892 10159 824 1900 10160 2454 2061 10161 824 1900 10162 2455 2062 10163 2455 2062 10164 824 1900 10165 825 1901 10166 818 1899 10167 816 1898 10168 825 1901 10169 825 1901 10170 816 1898 10171 808 1896 10172 825 1901 10173 808 1896 10174 2486 2063 10175 2486 2063 10176 808 1896 10177 801 1895 10178 2486 2063 10179 801 1895 10180 2498 2064 10181 2498 2064 10182 801 1895 10183 788 1897 10184 2498 2064 10185 788 1897 10186 2500 2065 10187 2500 2065 10188 788 1897 10189 766 1879 10190 2500 2065 10191 766 1879 10192 767 1882 10193 767 1882 10194 2501 2066 10195 2500 2065 10196 2486 2063 10197 2479 2067 10198 825 1901 10199 825 1901 10200 2479 2067 10201 2455 2062 10202 2455 2062 10203 2479 2067 10204 2470 2068 10205 2455 2062 10206 2470 2068 10207 2467 2069 10208 2501 2066 10209 767 1882 10210 2502 2070 10211 2502 2070 10212 767 1882 10213 768 2026 10214 2502 2070 10215 768 2026 10216 2503 2071 10217 2503 2071 10218 768 2026 10219 769 2027 10220 2503 2071 10221 769 2027 10222 2504 2072 10223 2504 2072 10224 769 2027 10225 770 2019 10226 771 2018 10227 2505 2073 10228 770 2019 10229 770 2019 10230 2505 2073 10231 2504 2072 10232 2505 2073 10233 771 2018 10234 2506 2074 10235 2506 2074 10236 771 2018 10237 772 2032 10238 2506 2074 10239 772 2032 10240 773 2031 10241 774 1761 10242 2508 2075 10243 773 2031 10244 773 2031 10245 2508 2075 10246 2507 2076 10247 773 2031 10248 2507 2076 10249 2506 2074 10250 2732 2077 10251 2784 2078 10252 2625 2079 10253 2625 2079 10254 2784 2078 10255 2738 2080 10256 2625 2079 10257 2738 2080 10258 2714 2081 10259 2714 2081 10260 2706 2082 10261 2625 2079 10262 2625 2079 10263 2706 2082 10264 2619 2083 10265 2625 2079 10266 2619 2083 10267 2579 2084 10268 2579 2084 10269 2732 2077 10270 2625 2079 10271 2809 2085 10272 2857 2086 10273 2800 2087 10274 2800 2087 10275 2857 2086 10276 2799 2088 10277 2800 2087 10278 2799 2088 10279 2730 2089 10280 2730 2089 10281 2799 2088 10282 2729 2090 10283 2730 2089 10284 2729 2090 10285 2704 2091 10286 2704 2091 10287 2729 2090 10288 2703 2092 10289 2706 2082 10290 2714 2081 10291 2704 2091 10292 2704 2091 10293 2714 2081 10294 2715 2093 10295 2704 2091 10296 2715 2093 10297 2730 2089 10298 2730 2089 10299 2715 2093 10300 2769 2094 10301 2730 2089 10302 2769 2094 10303 2800 2087 10304 2800 2087 10305 2769 2094 10306 2809 2085 10307 2714 2081 10308 2738 2080 10309 2715 2093 10310 2715 2093 10311 2738 2080 10312 2769 2094 10313 2738 2080 10314 2784 2078 10315 2769 2094 10316 2769 2094 10317 2784 2078 10318 2809 2085 10319 2857 2086 10320 2856 2095 10321 2799 2088 10322 2799 2088 10323 2856 2095 10324 2798 2096 10325 2799 2088 10326 2798 2096 10327 2728 2097 10328 2702 2098 10329 2703 2092 10330 2728 2097 10331 2728 2097 10332 2703 2092 10333 2729 2090 10334 2728 2097 10335 2729 2090 10336 2799 2088 10337 2846 2099 10338 2797 2100 10339 2847 2101 10340 2847 2101 10341 2797 2100 10342 2751 2102 10343 2847 2101 10344 2751 2102 10345 2848 2103 10346 2848 2103 10347 2751 2102 10348 2752 2104 10349 2848 2103 10350 2752 2104 10351 2849 2105 10352 2849 2105 10353 2752 2104 10354 2753 2106 10355 2849 2105 10356 2753 2106 10357 2850 2107 10358 2850 2107 10359 2753 2106 10360 2754 2108 10361 2850 2107 10362 2754 2108 10363 2851 2109 10364 2851 2109 10365 2754 2108 10366 2755 2110 10367 2851 2109 10368 2755 2110 10369 2852 2111 10370 2852 2111 10371 2755 2110 10372 2756 2112 10373 2852 2111 10374 2756 2112 10375 2853 2113 10376 2853 2113 10377 2756 2112 10378 2757 2114 10379 2853 2113 10380 2757 2114 10381 2854 2115 10382 2854 2115 10383 2757 2114 10384 2758 2116 10385 2854 2115 10386 2758 2116 10387 2855 2117 10388 2855 2117 10389 2758 2116 10390 2759 2118 10391 2855 2117 10392 2759 2118 10393 2798 2096 10394 2798 2096 10395 2759 2118 10396 2728 2097 10397 2728 2097 10398 2759 2118 10399 2701 2119 10400 2728 2097 10401 2701 2119 10402 2702 2098 10403 2797 2100 10404 2727 2120 10405 2751 2102 10406 2751 2102 10407 2727 2120 10408 2681 2121 10409 2751 2102 10410 2681 2121 10411 2752 2104 10412 2752 2104 10413 2681 2121 10414 2682 2122 10415 2752 2104 10416 2682 2122 10417 2753 2106 10418 2753 2106 10419 2682 2122 10420 2683 2123 10421 2753 2106 10422 2683 2123 10423 2754 2108 10424 2754 2108 10425 2683 2123 10426 2685 2124 10427 2754 2108 10428 2685 2124 10429 2755 2110 10430 2755 2110 10431 2685 2124 10432 2688 2125 10433 2755 2110 10434 2688 2125 10435 2756 2112 10436 2756 2112 10437 2688 2125 10438 2696 2126 10439 2756 2112 10440 2696 2126 10441 2757 2114 10442 2757 2114 10443 2696 2126 10444 2698 2127 10445 2757 2114 10446 2698 2127 10447 2758 2116 10448 2758 2116 10449 2698 2127 10450 2700 2128 10451 2758 2116 10452 2700 2128 10453 2759 2118 10454 2759 2118 10455 2700 2128 10456 2701 2119 10457 2727 2120 10458 2680 2129 10459 2681 2121 10460 2798 2096 10461 2856 2095 10462 2855 2117 10463 2846 2099 10464 2845 2130 10465 2797 2100 10466 2797 2100 10467 2845 2130 10468 2796 2131 10469 2797 2100 10470 2796 2131 10471 2726 2132 10472 2679 2133 10473 2680 2129 10474 2726 2132 10475 2726 2132 10476 2680 2129 10477 2727 2120 10478 2726 2132 10479 2727 2120 10480 2797 2100 10481 2844 2134 10482 2795 2135 10483 2826 2136 10484 2826 2136 10485 2795 2135 10486 2774 2137 10487 2826 2136 10488 2774 2137 10489 2827 2138 10490 2827 2138 10491 2774 2137 10492 2796 2131 10493 2827 2138 10494 2796 2131 10495 2845 2130 10496 2795 2135 10497 2725 2139 10498 2774 2137 10499 2774 2137 10500 2725 2139 10501 2712 2140 10502 2774 2137 10503 2712 2140 10504 2726 2132 10505 2726 2132 10506 2712 2140 10507 2678 2141 10508 2726 2132 10509 2678 2141 10510 2679 2133 10511 2725 2139 10512 2676 2142 10513 2712 2140 10514 2712 2140 10515 2676 2142 10516 2677 2143 10517 2712 2140 10518 2677 2143 10519 2678 2141 10520 2726 2132 10521 2796 2131 10522 2774 2137 10523 2844 2134 10524 2843 2144 10525 2795 2135 10526 2795 2135 10527 2843 2144 10528 2794 2145 10529 2795 2135 10530 2794 2145 10531 2724 2146 10532 2675 2147 10533 2676 2142 10534 2724 2146 10535 2724 2146 10536 2676 2142 10537 2725 2139 10538 2724 2146 10539 2725 2139 10540 2795 2135 10541 2766 2148 10542 2710 2149 10543 2817 2150 10544 2817 2150 10545 2710 2149 10546 2739 2151 10547 2817 2150 10548 2739 2151 10549 2772 2152 10550 2772 2152 10551 2739 2151 10552 2624 2153 10553 2772 2152 10554 2624 2153 10555 2717 2154 10556 2717 2154 10557 2624 2153 10558 2621 2155 10559 2717 2154 10560 2621 2155 10561 2675 2147 10562 2710 2149 10563 2598 2156 10564 2739 2151 10565 2739 2151 10566 2598 2156 10567 2624 2153 10568 2598 2156 10569 2581 2157 10570 2624 2153 10571 2624 2153 10572 2581 2157 10573 2621 2155 10574 2675 2147 10575 2724 2146 10576 2717 2154 10577 2717 2154 10578 2724 2146 10579 2794 2145 10580 2717 2154 10581 2794 2145 10582 2772 2152 10583 2772 2152 10584 2794 2145 10585 2817 2150 10586 2794 2145 10587 2843 2144 10588 2817 2150 10589 2581 2157 10590 2598 2156 10591 2539 2158 10592 2539 2158 10593 2598 2156 10594 2710 2149 10595 2539 2158 10596 2710 2149 10597 2567 2159 10598 2567 2159 10599 2710 2149 10600 2766 2148 10601 2567 2159 10602 2766 2148 10603 2575 2160 10604 2567 2159 10605 2575 2160 10606 2523 2161 10607 2523 2161 10608 2575 2160 10609 2510 2162 10610 2510 2162 10611 2539 2158 10612 2523 2161 10613 2523 2161 10614 2539 2158 10615 2567 2159 10616 3016 2163 10617 2510 2162 10618 3018 2164 10619 3018 2164 10620 2510 2162 10621 2575 2160 10622 3018 2164 10623 2575 2160 10624 3024 2165 10625 3024 2165 10626 2575 2160 10627 2766 2148 10628 3024 2165 10629 2766 2148 10630 3040 2166 10631 2766 2148 10632 2817 2150 10633 3040 2166 10634 3040 2166 10635 2817 2150 10636 3041 2167 10637 3041 2167 10638 2817 2150 10639 2843 2144 10640 3041 2167 10641 2843 2144 10642 2844 2134 10643 3041 2167 10644 2844 2134 10645 3057 2168 10646 3057 2168 10647 2844 2134 10648 2826 2136 10649 3057 2168 10650 2826 2136 10651 2827 2138 10652 3057 2168 10653 2827 2138 10654 3058 2169 10655 3058 2169 10656 2827 2138 10657 2845 2130 10658 3058 2169 10659 2845 2130 10660 3042 2170 10661 2845 2130 10662 2846 2099 10663 3042 2170 10664 3042 2170 10665 2846 2099 10666 3043 2171 10667 3043 2171 10668 2846 2099 10669 3044 2172 10670 3044 2172 10671 2846 2099 10672 2847 2101 10673 3044 2172 10674 2847 2101 10675 3045 2173 10676 3045 2173 10677 2847 2101 10678 2848 2103 10679 3045 2173 10680 2848 2103 10681 3046 2174 10682 3046 2174 10683 2848 2103 10684 2849 2105 10685 3046 2174 10686 2849 2105 10687 3047 2175 10688 3047 2175 10689 2849 2105 10690 2850 2107 10691 3047 2175 10692 2850 2107 10693 3048 2176 10694 3048 2176 10695 2850 2107 10696 2851 2109 10697 3048 2176 10698 2851 2109 10699 3049 2177 10700 3049 2177 10701 2851 2109 10702 2852 2111 10703 3049 2177 10704 2852 2111 10705 3050 2178 10706 3050 2178 10707 2852 2111 10708 2853 2113 10709 3050 2178 10710 2853 2113 10711 3051 2179 10712 3051 2179 10713 2853 2113 10714 2854 2115 10715 3051 2179 10716 2854 2115 10717 3052 2180 10718 3052 2180 10719 2854 2115 10720 2855 2117 10721 3052 2180 10722 2855 2117 10723 3053 2181 10724 3053 2181 10725 2855 2117 10726 2856 2095 10727 2857 2086 10728 3008 2182 10729 2856 2095 10730 2856 2095 10731 3008 2182 10732 3053 2181 10733 3053 2181 10734 3008 2182 10735 3054 2183 10736 3054 2183 10737 3008 2182 10738 3014 2184 10739 3054 2183 10740 3014 2184 10741 3022 2185 10742 2857 2086 10743 2809 2085 10744 3008 2182 10745 3008 2182 10746 2809 2085 10747 3020 2186 10748 3020 2186 10749 2809 2085 10750 2784 2078 10751 3020 2186 10752 2784 2078 10753 3064 2187 10754 3064 2187 10755 2784 2078 10756 2732 2077 10757 3064 2187 10758 2732 2077 10759 3061 2188 10760 3061 2188 10761 2732 2077 10762 2579 2084 10763 2520 2189 10764 2521 2190 10765 2564 2191 10766 2564 2191 10767 2521 2190 10768 2565 2192 10769 2564 2191 10770 2565 2192 10771 2613 2193 10772 2613 2193 10773 2565 2192 10774 2614 2194 10775 2613 2193 10776 2614 2194 10777 2699 2195 10778 2699 2195 10779 2614 2194 10780 2705 2196 10781 2687 2197 10782 2686 2198 10783 2608 2199 10784 2608 2199 10785 2686 2198 10786 2607 2200 10787 2608 2199 10788 2607 2200 10789 2558 2201 10790 2608 2199 10791 2558 2201 10792 2559 2202 10793 2559 2202 10794 2558 2201 10795 2515 2203 10796 2559 2202 10797 2515 2203 10798 2516 2204 10799 2559 2202 10800 2516 2204 10801 2560 2205 10802 2560 2205 10803 2516 2204 10804 2517 2206 10805 2560 2205 10806 2517 2206 10807 2561 2207 10808 2561 2207 10809 2517 2206 10810 2518 2208 10811 2561 2207 10812 2518 2208 10813 2562 2209 10814 2562 2209 10815 2518 2208 10816 2519 2210 10817 2562 2209 10818 2519 2210 10819 2563 2211 10820 2563 2211 10821 2519 2210 10822 2520 2189 10823 2563 2211 10824 2520 2189 10825 2564 2191 10826 2564 2191 10827 2613 2193 10828 2563 2211 10829 2563 2211 10830 2613 2193 10831 2612 2212 10832 2563 2211 10833 2612 2212 10834 2562 2209 10835 2562 2209 10836 2612 2212 10837 2611 2213 10838 2562 2209 10839 2611 2213 10840 2561 2207 10841 2561 2207 10842 2611 2213 10843 2610 2214 10844 2561 2207 10845 2610 2214 10846 2560 2205 10847 2560 2205 10848 2610 2214 10849 2609 2215 10850 2560 2205 10851 2609 2215 10852 2559 2202 10853 2559 2202 10854 2609 2215 10855 2608 2199 10856 2613 2193 10857 2699 2195 10858 2612 2212 10859 2612 2212 10860 2699 2195 10861 2697 2216 10862 2612 2212 10863 2697 2216 10864 2611 2213 10865 2611 2213 10866 2697 2216 10867 2690 2217 10868 2611 2213 10869 2690 2217 10870 2610 2214 10871 2610 2214 10872 2690 2217 10873 2689 2218 10874 2610 2214 10875 2689 2218 10876 2609 2215 10877 2609 2215 10878 2689 2218 10879 2687 2197 10880 2609 2215 10881 2687 2197 10882 2608 2199 10883 2686 2198 10884 2684 2219 10885 2607 2200 10886 2607 2200 10887 2684 2219 10888 2606 2220 10889 2607 2200 10890 2606 2220 10891 2558 2201 10892 2558 2201 10893 2606 2220 10894 2557 2221 10895 2558 2201 10896 2557 2221 10897 2515 2203 10898 2515 2203 10899 2557 2221 10900 2514 2222 10901 789 2223 10902 787 2224 10903 755 2225 10904 755 2225 10905 787 2224 10906 750 2226 10907 755 2225 10908 750 2226 10909 719 2227 10910 719 2227 10911 750 2226 10912 718 2228 10913 719 2227 10914 718 2228 10915 716 2034 10916 716 2034 10917 718 2228 10918 710 2033 10919 833 2229 10920 832 2230 10921 806 2231 10922 806 2231 10923 832 2230 10924 796 2232 10925 806 2231 10926 796 2232 10927 762 2233 10928 762 2233 10929 796 2232 10930 719 2227 10931 762 2233 10932 719 2227 10933 716 2034 10934 832 2230 10935 829 2234 10936 796 2232 10937 796 2232 10938 829 2234 10939 802 2235 10940 796 2232 10941 802 2235 10942 719 2227 10943 719 2227 10944 802 2235 10945 755 2225 10946 755 2225 10947 802 2235 10948 803 2236 10949 755 2225 10950 803 2236 10951 789 2223 10952 828 2237 10953 814 2238 10954 829 2234 10955 829 2234 10956 814 2238 10957 802 2235 10958 814 2238 10959 803 2236 10960 802 2235 10961 833 2229 10962 2463 2239 10963 832 2230 10964 832 2230 10965 2463 2239 10966 2462 2240 10967 832 2230 10968 2462 2240 10969 829 2234 10970 829 2234 10971 2462 2240 10972 2459 2241 10973 829 2234 10974 2459 2241 10975 828 2237 10976 828 2237 10977 2459 2241 10978 2458 2242 10979 2572 2243 10980 2568 2244 10981 2525 2245 10982 2525 2245 10983 2568 2244 10984 2491 2246 10985 2525 2245 10986 2491 2246 10987 2481 2247 10988 2481 2247 10989 2491 2246 10990 2462 2240 10991 2481 2247 10992 2462 2240 10993 2463 2239 10994 2568 2244 10995 2532 2248 10996 2491 2246 10997 2491 2246 10998 2532 2248 10999 2485 2249 11000 2491 2246 11001 2485 2249 11002 2462 2240 11003 2462 2240 11004 2485 2249 11005 2459 2241 11006 2459 2241 11007 2485 2249 11008 2472 2250 11009 2459 2241 11010 2472 2250 11011 2458 2242 11012 2499 2251 11013 2484 2252 11014 2532 2248 11015 2532 2248 11016 2484 2252 11017 2485 2249 11018 2484 2252 11019 2472 2250 11020 2485 2249 11021 2572 2243 11022 2578 2253 11023 2568 2244 11024 2568 2244 11025 2578 2253 11026 2569 2254 11027 2568 2244 11028 2569 2254 11029 2532 2248 11030 2532 2248 11031 2569 2254 11032 2537 2255 11033 2532 2248 11034 2537 2255 11035 2499 2251 11036 2499 2251 11037 2537 2255 11038 2521 2190 11039 666 1778 11040 678 2256 11041 707 1767 11042 707 1767 11043 678 2256 11044 726 2257 11045 707 1767 11046 726 2257 11047 749 1768 11048 749 1768 11049 726 2257 11050 777 2258 11051 749 1768 11052 777 2258 11053 776 1770 11054 630 1777 11055 639 2259 11056 666 1778 11057 666 1778 11058 639 2259 11059 678 2256 11060 781 2260 11061 780 2261 11062 728 2262 11063 728 2262 11064 780 2261 11065 727 2263 11066 728 2262 11067 727 2263 11068 680 2264 11069 680 2264 11070 727 2263 11071 679 2265 11072 680 2264 11073 679 2265 11074 641 2266 11075 641 2266 11076 679 2265 11077 639 2259 11078 652 2267 11079 654 2268 11080 685 2269 11081 685 2269 11082 654 2268 11083 686 2270 11084 685 2269 11085 686 2270 11086 734 2271 11087 685 2269 11088 734 2271 11089 733 2272 11090 733 2272 11091 734 2271 11092 786 2273 11093 733 2272 11094 786 2273 11095 785 2274 11096 733 2272 11097 785 2274 11098 732 2275 11099 732 2275 11100 785 2274 11101 784 2276 11102 732 2275 11103 784 2276 11104 731 2277 11105 731 2277 11106 784 2276 11107 783 2278 11108 731 2277 11109 783 2278 11110 730 2279 11111 730 2279 11112 783 2278 11113 782 2280 11114 730 2279 11115 782 2280 11116 729 2281 11117 729 2281 11118 782 2280 11119 781 2260 11120 729 2281 11121 781 2260 11122 728 2262 11123 728 2262 11124 680 2264 11125 729 2281 11126 729 2281 11127 680 2264 11128 681 2282 11129 729 2281 11130 681 2282 11131 730 2279 11132 730 2279 11133 681 2282 11134 682 2283 11135 730 2279 11136 682 2283 11137 731 2277 11138 731 2277 11139 682 2283 11140 683 2284 11141 731 2277 11142 683 2284 11143 732 2275 11144 732 2275 11145 683 2284 11146 684 2285 11147 732 2275 11148 684 2285 11149 733 2272 11150 733 2272 11151 684 2285 11152 685 2269 11153 680 2264 11154 641 2266 11155 681 2282 11156 681 2282 11157 641 2266 11158 642 2286 11159 681 2282 11160 642 2286 11161 682 2283 11162 682 2283 11163 642 2286 11164 644 2287 11165 682 2283 11166 644 2287 11167 683 2284 11168 683 2284 11169 644 2287 11170 645 2288 11171 683 2284 11172 645 2288 11173 684 2285 11174 684 2285 11175 645 2288 11176 652 2267 11177 684 2285 11178 652 2267 11179 685 2269 11180 654 2268 11181 660 2289 11182 686 2270 11183 686 2270 11184 660 2289 11185 687 2290 11186 686 2270 11187 687 2290 11188 734 2271 11189 734 2271 11190 687 2290 11191 735 2291 11192 734 2271 11193 735 2291 11194 786 2273 11195 786 2273 11196 735 2291 11197 787 2224 11198 639 2259 11199 679 2265 11200 678 2256 11201 678 2256 11202 679 2265 11203 703 2292 11204 678 2256 11205 703 2292 11206 726 2257 11207 726 2257 11208 703 2292 11209 745 2293 11210 726 2257 11211 745 2293 11212 777 2258 11213 777 2258 11214 745 2293 11215 758 2294 11216 679 2265 11217 727 2263 11218 703 2292 11219 703 2292 11220 727 2263 11221 744 2295 11222 703 2292 11223 744 2295 11224 745 2293 11225 745 2293 11226 744 2295 11227 758 2294 11228 727 2263 11229 780 2261 11230 744 2295 11231 744 2295 11232 780 2261 11233 779 2296 11234 744 2295 11235 779 2296 11236 758 2294 11237 758 2294 11238 779 2296 11239 778 2297 11240 758 2294 11241 778 2297 11242 777 2258 11243 787 2224 11244 735 2291 11245 742 2298 11246 742 2298 11247 735 2291 11248 687 2290 11249 742 2298 11250 687 2290 11251 694 2299 11252 694 2299 11253 687 2290 11254 664 2300 11255 694 2299 11256 664 2300 11257 688 2301 11258 687 2290 11259 660 2289 11260 664 2300 11261 710 2033 11262 718 2228 11263 688 2301 11264 688 2301 11265 718 2228 11266 694 2299 11267 718 2228 11268 750 2226 11269 694 2299 11270 694 2299 11271 750 2226 11272 742 2298 11273 750 2226 11274 787 2224 11275 742 2298 11276 2521 2190 11277 2537 2255 11278 2545 2302 11279 2545 2302 11280 2537 2255 11281 2569 2254 11282 2545 2302 11283 2569 2254 11284 2593 2303 11285 2593 2303 11286 2569 2254 11287 2615 2304 11288 2593 2303 11289 2615 2304 11290 2623 2305 11291 2569 2254 11292 2578 2253 11293 2615 2304 11294 2705 2196 11295 2614 2194 11296 2623 2305 11297 2623 2305 11298 2614 2194 11299 2593 2303 11300 2614 2194 11301 2565 2192 11302 2593 2303 11303 2593 2303 11304 2565 2192 11305 2545 2302 11306 2565 2192 11307 2521 2190 11308 2545 2302 11309 2539 2158 11310 2556 2306 11311 2581 2157 11312 2581 2157 11313 2556 2306 11314 2605 2307 11315 2581 2157 11316 2605 2307 11317 2621 2155 11318 2621 2155 11319 2605 2307 11320 2684 2219 11321 2621 2155 11322 2684 2219 11323 2675 2147 11324 2510 2162 11325 2511 2308 11326 2539 2158 11327 2539 2158 11328 2511 2308 11329 2556 2306 11330 2684 2219 11331 2605 2307 11332 2606 2220 11333 2606 2220 11334 2605 2307 11335 2584 2309 11336 2606 2220 11337 2584 2309 11338 2557 2221 11339 2557 2221 11340 2584 2309 11341 2543 2310 11342 2557 2221 11343 2543 2310 11344 2514 2222 11345 2514 2222 11346 2543 2310 11347 2513 2311 11348 2513 2311 11349 2543 2310 11350 2529 2312 11351 2513 2311 11352 2529 2312 11353 2512 2313 11354 2512 2313 11355 2529 2312 11356 2511 2308 11357 2605 2307 11358 2556 2306 11359 2584 2309 11360 2584 2309 11361 2556 2306 11362 2542 2314 11363 2584 2309 11364 2542 2314 11365 2543 2310 11366 2543 2310 11367 2542 2314 11368 2529 2312 11369 2556 2306 11370 2511 2308 11371 2542 2314 11372 2542 2314 11373 2511 2308 11374 2529 2312 11375 1099 2315 11376 777 2258 11377 1100 2316 11378 1100 2316 11379 777 2258 11380 778 2297 11381 1100 2316 11382 778 2297 11383 1101 2317 11384 1101 2317 11385 778 2297 11386 779 2296 11387 1101 2317 11388 779 2296 11389 1102 2318 11390 1102 2318 11391 779 2296 11392 780 2261 11393 781 2260 11394 1160 2319 11395 780 2261 11396 780 2261 11397 1160 2319 11398 1155 2320 11399 780 2261 11400 1155 2320 11401 1144 2321 11402 781 2260 11403 1194 2322 11404 1160 2319 11405 780 2261 11406 1144 2321 11407 1102 2318 11408 1102 2318 11409 1144 2321 11410 1137 2323 11411 1102 2318 11412 1137 2323 11413 1131 2324 11414 1131 2324 11415 1121 2325 11416 1102 2318 11417 1102 2318 11418 1121 2325 11419 1112 2326 11420 1102 2318 11421 1112 2326 11422 1107 2327 11423 1107 2327 11424 1105 2328 11425 1102 2318 11426 1194 2322 11427 781 2260 11428 1195 2329 11429 1195 2329 11430 781 2260 11431 782 2280 11432 1195 2329 11433 782 2280 11434 1196 2330 11435 1196 2330 11436 782 2280 11437 783 2278 11438 1196 2330 11439 783 2278 11440 1197 2331 11441 1197 2331 11442 783 2278 11443 784 2276 11444 1197 2331 11445 784 2276 11446 1198 2332 11447 1198 2332 11448 784 2276 11449 785 2274 11450 1198 2332 11451 785 2274 11452 1199 2333 11453 1199 2333 11454 785 2274 11455 786 2273 11456 786 2273 11457 787 2224 11458 1199 2333 11459 1199 2333 11460 787 2224 11461 828 2237 11462 1199 2333 11463 828 2237 11464 2458 2242 11465 787 2224 11466 789 2223 11467 828 2237 11468 828 2237 11469 789 2223 11470 803 2236 11471 828 2237 11472 803 2236 11473 814 2238 11474 2472 2250 11475 2484 2252 11476 2458 2242 11477 2458 2242 11478 2484 2252 11479 2499 2251 11480 2458 2242 11481 2499 2251 11482 2521 2190 11483 2520 2189 11484 2216 2334 11485 2521 2190 11486 2521 2190 11487 2216 2334 11488 2458 2242 11489 2068 2335 11490 1320 2336 11491 2216 2334 11492 2216 2334 11493 1320 2336 11494 1199 2333 11495 2216 2334 11496 1199 2333 11497 2458 2242 11498 1320 2336 11499 2068 2335 11500 1395 2337 11501 1395 2337 11502 2068 2335 11503 1993 2338 11504 1395 2337 11505 1993 2338 11506 1493 2339 11507 1493 2339 11508 1993 2338 11509 1918 2340 11510 1493 2339 11511 1918 2340 11512 1541 2341 11513 1541 2341 11514 1918 2340 11515 1878 2342 11516 1541 2341 11517 1878 2342 11518 1555 2343 11519 1555 2343 11520 1878 2342 11521 1869 2344 11522 1555 2343 11523 1869 2344 11524 1554 2345 11525 1554 2345 11526 1869 2344 11527 1868 2346 11528 2216 2334 11529 2520 2189 11530 2215 2347 11531 2215 2347 11532 2520 2189 11533 2519 2210 11534 2215 2347 11535 2519 2210 11536 2214 2348 11537 2214 2348 11538 2519 2210 11539 2518 2208 11540 2214 2348 11541 2518 2208 11542 2213 2349 11543 2213 2349 11544 2518 2208 11545 2517 2206 11546 2213 2349 11547 2517 2206 11548 2212 2350 11549 2212 2350 11550 2517 2206 11551 2516 2204 11552 2212 2350 11553 2516 2204 11554 2211 2351 11555 2211 2351 11556 2516 2204 11557 2515 2203 11558 2211 2351 11559 2515 2203 11560 2255 2352 11561 2255 2352 11562 2515 2203 11563 2514 2222 11564 2255 2352 11565 2514 2222 11566 2260 2353 11567 2260 2353 11568 2514 2222 11569 2267 2354 11570 2267 2354 11571 2514 2222 11572 2317 2355 11573 2267 2354 11574 2317 2355 11575 2274 2356 11576 2274 2356 11577 2317 2355 11578 2279 2357 11579 2279 2357 11580 2317 2355 11581 2293 2358 11582 2293 2358 11583 2317 2355 11584 2304 2359 11585 2304 2359 11586 2317 2355 11587 2309 2360 11588 2309 2360 11589 2317 2355 11590 2311 2361 11591 2317 2355 11592 2514 2222 11593 2316 2362 11594 2316 2362 11595 2514 2222 11596 2513 2311 11597 2316 2362 11598 2513 2311 11599 2315 2363 11600 2315 2363 11601 2513 2311 11602 2512 2313 11603 2315 2363 11604 2512 2313 11605 2314 2364 11606 2314 2364 11607 2512 2313 11608 2511 2308 11609 272 1874 11610 776 1770 11611 271 1967 11612 271 1967 11613 776 1770 11614 775 1658 11615 775 1658 11616 776 1770 11617 1574 2365 11618 775 1658 11619 1574 2365 11620 1844 2366 11621 777 2258 11622 1099 2315 11623 776 1770 11624 776 1770 11625 1099 2315 11626 1279 2367 11627 776 1770 11628 1279 2367 11629 1475 2368 11630 1099 2315 11631 1146 2369 11632 1279 2367 11633 1475 2368 11634 1574 2365 11635 776 1770 11636 1935 2370 11637 2510 2162 11638 1844 2366 11639 1844 2366 11640 2510 2162 11641 2509 2371 11642 1844 2366 11643 2509 2371 11644 775 1658 11645 775 1658 11646 2509 2371 11647 774 1761 11648 774 1761 11649 2509 2371 11650 2508 2075 11651 1935 2370 11652 2109 2372 11653 2510 2162 11654 2510 2162 11655 2109 2372 11656 2314 2364 11657 2510 2162 11658 2314 2364 11659 2511 2308 11660 2109 2372 11661 2265 2373 11662 2314 2364 11663 3016 2163 11664 3015 2374 11665 2510 2162 11666 2510 2162 11667 3015 2374 11668 2509 2371 11669 2574 2375 11670 2765 2376 11671 2544 2377 11672 2544 2377 11673 2765 2376 11674 2709 2378 11675 2544 2377 11676 2709 2378 11677 2597 2379 11678 2597 2379 11679 2580 2380 11680 2544 2377 11681 2544 2377 11682 2580 2380 11683 2538 2381 11684 2544 2377 11685 2538 2381 11686 2522 2382 11687 2522 2382 11688 2538 2381 11689 2509 2371 11690 2509 2371 11691 2574 2375 11692 2522 2382 11693 2522 2382 11694 2574 2375 11695 2544 2377 11696 2816 2383 11697 2842 2384 11698 2807 2385 11699 2807 2385 11700 2842 2384 11701 2793 2386 11702 2807 2385 11703 2793 2386 11704 2740 2387 11705 2740 2387 11706 2793 2386 11707 2723 2388 11708 2740 2387 11709 2723 2388 11710 2674 2389 11711 2674 2389 11712 2620 2390 11713 2740 2387 11714 2740 2387 11715 2620 2390 11716 2716 2391 11717 2740 2387 11718 2716 2391 11719 2787 2392 11720 2787 2392 11721 2716 2391 11722 2709 2378 11723 2787 2392 11724 2709 2378 11725 2765 2376 11726 2580 2380 11727 2597 2379 11728 2620 2390 11729 2620 2390 11730 2597 2379 11731 2716 2391 11732 2597 2379 11733 2709 2378 11734 2716 2391 11735 2765 2376 11736 2816 2383 11737 2787 2392 11738 2787 2392 11739 2816 2383 11740 2807 2385 11741 2787 2392 11742 2807 2385 11743 2740 2387 11744 2842 2384 11745 2841 2393 11746 2793 2386 11747 2793 2386 11748 2841 2393 11749 2792 2394 11750 2793 2386 11751 2792 2394 11752 2722 2395 11753 2673 2396 11754 2674 2389 11755 2722 2395 11756 2722 2395 11757 2674 2389 11758 2723 2388 11759 2722 2395 11760 2723 2388 11761 2793 2386 11762 2840 2397 11763 2791 2398 11764 2824 2399 11765 2824 2399 11766 2791 2398 11767 2773 2400 11768 2824 2399 11769 2773 2400 11770 2825 2401 11771 2825 2401 11772 2773 2400 11773 2792 2394 11774 2825 2401 11775 2792 2394 11776 2841 2393 11777 2791 2398 11778 2721 2402 11779 2773 2400 11780 2773 2400 11781 2721 2402 11782 2711 2403 11783 2773 2400 11784 2711 2403 11785 2722 2395 11786 2722 2395 11787 2711 2403 11788 2672 2404 11789 2722 2395 11790 2672 2404 11791 2673 2396 11792 2721 2402 11793 2670 2405 11794 2711 2403 11795 2711 2403 11796 2670 2405 11797 2671 2406 11798 2711 2403 11799 2671 2406 11800 2672 2404 11801 2722 2395 11802 2792 2394 11803 2773 2400 11804 2840 2397 11805 2839 2407 11806 2791 2398 11807 2791 2398 11808 2839 2407 11809 2790 2408 11810 2791 2398 11811 2790 2408 11812 2720 2409 11813 2669 2410 11814 2670 2405 11815 2720 2409 11816 2720 2409 11817 2670 2405 11818 2721 2402 11819 2720 2409 11820 2721 2402 11821 2791 2398 11822 2829 2411 11823 2789 2412 11824 2830 2413 11825 2830 2413 11826 2789 2412 11827 2742 2414 11828 2830 2413 11829 2742 2414 11830 2831 2415 11831 2831 2415 11832 2742 2414 11833 2743 2416 11834 2831 2415 11835 2743 2416 11836 2832 2417 11837 2832 2417 11838 2743 2416 11839 2744 2418 11840 2832 2417 11841 2744 2418 11842 2833 2419 11843 2833 2419 11844 2744 2418 11845 2745 2420 11846 2833 2419 11847 2745 2420 11848 2834 2421 11849 2834 2421 11850 2745 2420 11851 2746 2422 11852 2834 2421 11853 2746 2422 11854 2835 2423 11855 2835 2423 11856 2746 2422 11857 2747 2424 11858 2835 2423 11859 2747 2424 11860 2836 2425 11861 2836 2425 11862 2747 2424 11863 2748 2426 11864 2836 2425 11865 2748 2426 11866 2837 2427 11867 2837 2427 11868 2748 2426 11869 2749 2428 11870 2837 2427 11871 2749 2428 11872 2838 2429 11873 2838 2429 11874 2749 2428 11875 2750 2430 11876 2838 2429 11877 2750 2430 11878 2790 2408 11879 2790 2408 11880 2750 2430 11881 2720 2409 11882 2720 2409 11883 2750 2430 11884 2668 2431 11885 2720 2409 11886 2668 2431 11887 2669 2410 11888 2789 2412 11889 2719 2432 11890 2742 2414 11891 2742 2414 11892 2719 2432 11893 2643 2433 11894 2742 2414 11895 2643 2433 11896 2743 2416 11897 2743 2416 11898 2643 2433 11899 2647 2434 11900 2743 2416 11901 2647 2434 11902 2744 2418 11903 2744 2418 11904 2647 2434 11905 2651 2435 11906 2744 2418 11907 2651 2435 11908 2745 2420 11909 2745 2420 11910 2651 2435 11911 2658 2436 11912 2745 2420 11913 2658 2436 11914 2746 2422 11915 2746 2422 11916 2658 2436 11917 2664 2437 11918 2746 2422 11919 2664 2437 11920 2747 2424 11921 2747 2424 11922 2664 2437 11923 2665 2438 11924 2747 2424 11925 2665 2438 11926 2748 2426 11927 2748 2426 11928 2665 2438 11929 2666 2439 11930 2748 2426 11931 2666 2439 11932 2749 2428 11933 2749 2428 11934 2666 2439 11935 2667 2440 11936 2749 2428 11937 2667 2440 11938 2750 2430 11939 2750 2430 11940 2667 2440 11941 2668 2431 11942 2719 2432 11943 2639 2441 11944 2643 2433 11945 2790 2408 11946 2839 2407 11947 2838 2429 11948 2829 2411 11949 2828 2442 11950 2789 2412 11951 2789 2412 11952 2828 2442 11953 2788 2443 11954 2789 2412 11955 2788 2443 11956 2718 2444 11957 2631 2445 11958 2639 2441 11959 2718 2444 11960 2718 2444 11961 2639 2441 11962 2719 2432 11963 2718 2444 11964 2719 2432 11965 2789 2412 11966 2808 2446 11967 2783 2447 11968 2741 2448 11969 2741 2448 11970 2783 2447 11971 2737 2449 11972 2741 2448 11973 2737 2449 11974 2713 2450 11975 2741 2448 11976 2713 2450 11977 2707 2451 11978 2707 2451 11979 2713 2450 11980 2628 2452 11981 2707 2451 11982 2628 2452 11983 2629 2453 11984 2707 2451 11985 2629 2453 11986 2708 2454 11987 2708 2454 11988 2629 2453 11989 2631 2445 11990 2708 2454 11991 2631 2445 11992 2718 2444 11993 2708 2454 11994 2718 2444 11995 2760 2455 11996 2760 2455 11997 2718 2444 11998 2788 2443 11999 2760 2455 12000 2788 2443 12001 2808 2446 12002 2808 2446 12003 2788 2443 12004 2828 2442 12005 2760 2455 12006 2808 2446 12007 2741 2448 12008 2760 2455 12009 2741 2448 12010 2707 2451 12011 2708 2454 12012 2760 2455 12013 2707 2451 12014 2628 2452 12015 2713 2450 12016 2618 2456 12017 2618 2456 12018 2713 2450 12019 2737 2449 12020 2618 2456 12021 2737 2449 12022 2626 2457 12023 2626 2457 12024 2737 2449 12025 2783 2447 12026 2626 2457 12027 2783 2447 12028 2731 2458 12029 2626 2457 12030 2731 2458 12031 2582 2459 12032 2582 2459 12033 2731 2458 12034 2577 2460 12035 2577 2460 12036 2618 2456 12037 2582 2459 12038 2582 2459 12039 2618 2456 12040 2626 2457 12041 2577 2460 12042 2731 2458 12043 3059 2461 12044 3059 2461 12045 2731 2458 12046 3063 2462 12047 3063 2462 12048 2731 2458 12049 2783 2447 12050 3063 2462 12051 2783 2447 12052 3019 2463 12053 3019 2463 12054 2783 2447 12055 2808 2446 12056 3019 2463 12057 2808 2446 12058 3007 2464 12059 3007 2464 12060 2808 2446 12061 2828 2442 12062 2828 2442 12063 2829 2411 12064 3007 2464 12065 3007 2464 12066 2829 2411 12067 3026 2465 12068 3007 2464 12069 3026 2465 12070 3025 2466 12071 3021 2467 12072 3013 2468 12073 3025 2466 12074 3025 2466 12075 3013 2468 12076 3007 2464 12077 3026 2465 12078 2829 2411 12079 3027 2469 12080 3027 2469 12081 2829 2411 12082 2830 2413 12083 3027 2469 12084 2830 2413 12085 3028 2470 12086 3028 2470 12087 2830 2413 12088 2831 2415 12089 3028 2470 12090 2831 2415 12091 3029 2471 12092 3029 2471 12093 2831 2415 12094 2832 2417 12095 3029 2471 12096 2832 2417 12097 3030 2472 12098 3030 2472 12099 2832 2417 12100 2833 2419 12101 3030 2472 12102 2833 2419 12103 3031 2473 12104 3031 2473 12105 2833 2419 12106 2834 2421 12107 3031 2473 12108 2834 2421 12109 3032 2474 12110 3032 2474 12111 2834 2421 12112 2835 2423 12113 3032 2474 12114 2835 2423 12115 3033 2475 12116 3033 2475 12117 2835 2423 12118 2836 2425 12119 3033 2475 12120 2836 2425 12121 3034 2476 12122 3034 2476 12123 2836 2425 12124 2837 2427 12125 3034 2476 12126 2837 2427 12127 3035 2477 12128 3035 2477 12129 2837 2427 12130 2838 2429 12131 3035 2477 12132 2838 2429 12133 3036 2478 12134 3036 2478 12135 2838 2429 12136 2839 2407 12137 2840 2397 12138 3037 2479 12139 2839 2407 12140 2839 2407 12141 3037 2479 12142 3036 2478 12143 3037 2479 12144 2840 2397 12145 3055 2480 12146 3055 2480 12147 2840 2397 12148 2824 2399 12149 3055 2480 12150 2824 2399 12151 2825 2401 12152 3055 2480 12153 2825 2401 12154 3056 2481 12155 3056 2481 12156 2825 2401 12157 2841 2393 12158 3056 2481 12159 2841 2393 12160 3038 2482 12161 2841 2393 12162 2842 2384 12163 3038 2482 12164 3038 2482 12165 2842 2384 12166 2816 2383 12167 3038 2482 12168 2816 2383 12169 3039 2483 12170 3039 2483 12171 2816 2383 12172 2765 2376 12173 3039 2483 12174 2765 2376 12175 3023 2484 12176 3023 2484 12177 2765 2376 12178 2574 2375 12179 3023 2484 12180 2574 2375 12181 3017 2485 12182 3017 2485 12183 2574 2375 12184 2509 2371 12185 3017 2485 12186 2509 2371 12187 3015 2374 12188 3186 2486 12189 3140 2487 12190 3143 2488 12191 3143 2488 12192 3140 2487 12193 3121 2489 12194 3143 2488 12195 3121 2489 12196 3097 2490 12197 3097 2490 12198 3121 2489 12199 3064 2187 12200 3097 2490 12201 3064 2187 12202 3061 2188 12203 3121 2489 12204 3140 2487 12205 3078 2491 12206 3078 2491 12207 3140 2487 12208 3094 2492 12209 3078 2491 12210 3094 2492 12211 3022 2185 12212 3022 2185 12213 3094 2492 12214 3054 2183 12215 3022 2185 12216 3014 2184 12217 3078 2491 12218 3078 2491 12219 3014 2184 12220 3020 2186 12221 3078 2491 12222 3020 2186 12223 3064 2187 12224 3014 2184 12225 3008 2182 12226 3020 2186 12227 3064 2187 12228 3121 2489 12229 3078 2491 12230 3186 2486 12231 3185 2493 12232 3140 2487 12233 3140 2487 12234 3185 2493 12235 3139 2494 12236 3140 2487 12237 3139 2494 12238 3093 2495 12239 3053 2181 12240 3054 2183 12241 3093 2495 12242 3093 2495 12243 3054 2183 12244 3094 2492 12245 3093 2495 12246 3094 2492 12247 3140 2487 12248 3174 2496 12249 3138 2497 12250 3175 2498 12251 3175 2498 12252 3138 2497 12253 3111 2499 12254 3175 2498 12255 3111 2499 12256 3176 2500 12257 3176 2500 12258 3111 2499 12259 3112 2501 12260 3176 2500 12261 3112 2501 12262 3177 2502 12263 3177 2502 12264 3112 2501 12265 3113 2503 12266 3177 2502 12267 3113 2503 12268 3178 2504 12269 3178 2504 12270 3113 2503 12271 3114 2505 12272 3178 2504 12273 3114 2505 12274 3179 2506 12275 3179 2506 12276 3114 2505 12277 3115 2507 12278 3179 2506 12279 3115 2507 12280 3180 2508 12281 3180 2508 12282 3115 2507 12283 3116 2509 12284 3180 2508 12285 3116 2509 12286 3181 2510 12287 3181 2510 12288 3116 2509 12289 3117 2511 12290 3181 2510 12291 3117 2511 12292 3182 2512 12293 3182 2512 12294 3117 2511 12295 3118 2513 12296 3182 2512 12297 3118 2513 12298 3183 2514 12299 3183 2514 12300 3118 2513 12301 3119 2515 12302 3183 2514 12303 3119 2515 12304 3184 2516 12305 3184 2516 12306 3119 2515 12307 3120 2517 12308 3184 2516 12309 3120 2517 12310 3139 2494 12311 3139 2494 12312 3120 2517 12313 3093 2495 12314 3093 2495 12315 3120 2517 12316 3052 2180 12317 3093 2495 12318 3052 2180 12319 3053 2181 12320 3138 2497 12321 3092 2518 12322 3111 2499 12323 3111 2499 12324 3092 2518 12325 3044 2172 12326 3111 2499 12327 3044 2172 12328 3112 2501 12329 3112 2501 12330 3044 2172 12331 3045 2173 12332 3112 2501 12333 3045 2173 12334 3113 2503 12335 3113 2503 12336 3045 2173 12337 3046 2174 12338 3113 2503 12339 3046 2174 12340 3114 2505 12341 3114 2505 12342 3046 2174 12343 3047 2175 12344 3114 2505 12345 3047 2175 12346 3115 2507 12347 3115 2507 12348 3047 2175 12349 3048 2176 12350 3115 2507 12351 3048 2176 12352 3116 2509 12353 3116 2509 12354 3048 2176 12355 3049 2177 12356 3116 2509 12357 3049 2177 12358 3117 2511 12359 3117 2511 12360 3049 2177 12361 3050 2178 12362 3117 2511 12363 3050 2178 12364 3118 2513 12365 3118 2513 12366 3050 2178 12367 3051 2179 12368 3118 2513 12369 3051 2179 12370 3119 2515 12371 3119 2515 12372 3051 2179 12373 3052 2180 12374 3119 2515 12375 3052 2180 12376 3120 2517 12377 3092 2518 12378 3043 2171 12379 3044 2172 12380 3139 2494 12381 3185 2493 12382 3184 2516 12383 3174 2496 12384 3173 2519 12385 3138 2497 12386 3138 2497 12387 3173 2519 12388 3137 2520 12389 3138 2497 12390 3137 2520 12391 3091 2521 12392 3042 2170 12393 3043 2171 12394 3091 2521 12395 3091 2521 12396 3043 2171 12397 3092 2518 12398 3091 2521 12399 3092 2518 12400 3138 2497 12401 3173 2519 12402 3172 2522 12403 3136 2523 12404 3136 2523 12405 3172 2522 12406 3135 2524 12407 3136 2523 12408 3135 2524 12409 3089 2525 12410 3040 2166 12411 3041 2167 12412 3089 2525 12413 3089 2525 12414 3041 2167 12415 3090 2526 12416 3089 2525 12417 3090 2526 12418 3136 2523 12419 3173 2519 12420 3136 2523 12421 3137 2520 12422 3137 2520 12423 3136 2523 12424 3100 2527 12425 3137 2520 12426 3100 2527 12427 3091 2521 12428 3091 2521 12429 3100 2527 12430 3058 2169 12431 3091 2521 12432 3058 2169 12433 3042 2170 12434 3136 2523 12435 3090 2526 12436 3100 2527 12437 3100 2527 12438 3090 2526 12439 3057 2168 12440 3100 2527 12441 3057 2168 12442 3058 2169 12443 3090 2526 12444 3041 2167 12445 3057 2168 12446 3015 2374 12447 3016 2163 12448 3075 2528 12449 3075 2528 12450 3016 2163 12451 3076 2529 12452 3075 2528 12453 3076 2529 12454 3127 2530 12455 3127 2530 12456 3076 2529 12457 3128 2531 12458 3127 2530 12459 3128 2531 12460 3160 2532 12461 3160 2532 12462 3128 2531 12463 3172 2522 12464 3172 2522 12465 3128 2531 12466 3135 2524 12467 3135 2524 12468 3128 2531 12469 3089 2525 12470 3089 2525 12471 3128 2531 12472 3076 2529 12473 3089 2525 12474 3076 2529 12475 3070 2533 12476 3070 2533 12477 3076 2529 12478 3016 2163 12479 3016 2163 12480 3018 2164 12481 3070 2533 12482 3070 2533 12483 3018 2164 12484 3024 2165 12485 3070 2533 12486 3024 2165 12487 3040 2166 12488 3040 2166 12489 3089 2525 12490 3070 2533 12491 3160 2532 12492 3159 2534 12493 3134 2535 12494 3134 2535 12495 3159 2534 12496 3133 2536 12497 3134 2535 12498 3133 2536 12499 3087 2537 12500 3038 2482 12501 3039 2483 12502 3087 2537 12503 3087 2537 12504 3039 2483 12505 3088 2538 12506 3087 2537 12507 3088 2538 12508 3134 2535 12509 3160 2532 12510 3134 2535 12511 3127 2530 12512 3127 2530 12513 3134 2535 12514 3088 2538 12515 3127 2530 12516 3088 2538 12517 3069 2539 12518 3069 2539 12519 3088 2538 12520 3039 2483 12521 3069 2539 12522 3039 2483 12523 3023 2484 12524 3023 2484 12525 3017 2485 12526 3069 2539 12527 3069 2539 12528 3017 2485 12529 3015 2374 12530 3015 2374 12531 3075 2528 12532 3069 2539 12533 3069 2539 12534 3075 2528 12535 3127 2530 12536 2620 2390 12537 2604 2540 12538 2580 2380 12539 2580 2380 12540 2604 2540 12541 2555 2541 12542 2580 2380 12543 2555 2541 12544 2538 2381 12545 2538 2381 12546 2555 2541 12547 2508 2075 12548 2538 2381 12549 2508 2075 12550 2509 2371 12551 2674 2389 12552 2632 2542 12553 2620 2390 12554 2620 2390 12555 2632 2542 12556 2604 2540 12557 2504 2072 12558 2505 2073 12559 2553 2543 12560 2553 2543 12561 2505 2073 12562 2554 2544 12563 2553 2543 12564 2554 2544 12565 2602 2545 12566 2602 2545 12567 2554 2544 12568 2603 2546 12569 2602 2545 12570 2603 2546 12571 2630 2547 12572 2630 2547 12573 2603 2546 12574 2632 2542 12575 3159 2534 12576 3158 2548 12577 3132 2549 12578 3132 2549 12579 3158 2548 12580 3131 2550 12581 3132 2549 12582 3131 2550 12583 3085 2551 12584 3036 2478 12585 3037 2479 12586 3085 2551 12587 3085 2551 12588 3037 2479 12589 3086 2552 12590 3085 2551 12591 3086 2552 12592 3132 2549 12593 3147 2553 12594 3130 2554 12595 3148 2555 12596 3148 2555 12597 3130 2554 12598 3101 2556 12599 3148 2555 12600 3101 2556 12601 3149 2557 12602 3149 2557 12603 3101 2556 12604 3102 2558 12605 3149 2557 12606 3102 2558 12607 3150 2559 12608 3150 2559 12609 3102 2558 12610 3103 2560 12611 3150 2559 12612 3103 2560 12613 3151 2561 12614 3151 2561 12615 3103 2560 12616 3104 2562 12617 3151 2561 12618 3104 2562 12619 3152 2563 12620 3152 2563 12621 3104 2562 12622 3105 2564 12623 3152 2563 12624 3105 2564 12625 3153 2565 12626 3153 2565 12627 3105 2564 12628 3106 2566 12629 3153 2565 12630 3106 2566 12631 3154 2567 12632 3154 2567 12633 3106 2566 12634 3107 2568 12635 3154 2567 12636 3107 2568 12637 3155 2569 12638 3155 2569 12639 3107 2568 12640 3108 2570 12641 3155 2569 12642 3108 2570 12643 3156 2571 12644 3156 2571 12645 3108 2570 12646 3109 2572 12647 3156 2571 12648 3109 2572 12649 3157 2573 12650 3157 2573 12651 3109 2572 12652 3110 2574 12653 3157 2573 12654 3110 2574 12655 3131 2550 12656 3131 2550 12657 3110 2574 12658 3085 2551 12659 3085 2551 12660 3110 2574 12661 3035 2477 12662 3085 2551 12663 3035 2477 12664 3036 2478 12665 3130 2554 12666 3084 2575 12667 3101 2556 12668 3101 2556 12669 3084 2575 12670 3027 2469 12671 3101 2556 12672 3027 2469 12673 3102 2558 12674 3102 2558 12675 3027 2469 12676 3028 2470 12677 3102 2558 12678 3028 2470 12679 3103 2560 12680 3103 2560 12681 3028 2470 12682 3029 2471 12683 3103 2560 12684 3029 2471 12685 3104 2562 12686 3104 2562 12687 3029 2471 12688 3030 2472 12689 3104 2562 12690 3030 2472 12691 3105 2564 12692 3105 2564 12693 3030 2472 12694 3031 2473 12695 3105 2564 12696 3031 2473 12697 3106 2566 12698 3106 2566 12699 3031 2473 12700 3032 2474 12701 3106 2566 12702 3032 2474 12703 3107 2568 12704 3107 2568 12705 3032 2474 12706 3033 2475 12707 3107 2568 12708 3033 2475 12709 3108 2570 12710 3108 2570 12711 3033 2475 12712 3034 2476 12713 3108 2570 12714 3034 2476 12715 3109 2572 12716 3109 2572 12717 3034 2476 12718 3035 2477 12719 3109 2572 12720 3035 2477 12721 3110 2574 12722 3084 2575 12723 3026 2465 12724 3027 2469 12725 3131 2550 12726 3158 2548 12727 3157 2573 12728 3147 2553 12729 3145 2576 12730 3130 2554 12731 3130 2554 12732 3145 2576 12733 3129 2577 12734 3130 2554 12735 3129 2577 12736 3083 2578 12737 3025 2466 12738 3026 2465 12739 3083 2578 12740 3083 2578 12741 3026 2465 12742 3084 2575 12743 3083 2578 12744 3084 2575 12745 3130 2554 12746 3059 2461 12747 3063 2462 12748 3095 2579 12749 3095 2579 12750 3063 2462 12751 3126 2580 12752 3095 2579 12753 3126 2580 12754 3141 2581 12755 3141 2581 12756 3126 2580 12757 3145 2576 12758 3145 2576 12759 3126 2580 12760 3129 2577 12761 3129 2577 12762 3126 2580 12763 3077 2582 12764 3129 2577 12765 3077 2582 12766 3083 2578 12767 3083 2578 12768 3077 2582 12769 3021 2467 12770 3083 2578 12771 3021 2467 12772 3025 2466 12773 3126 2580 12774 3063 2462 12775 3077 2582 12776 3077 2582 12777 3063 2462 12778 3019 2463 12779 3077 2582 12780 3019 2463 12781 3013 2468 12782 3013 2468 12783 3019 2463 12784 3007 2464 12785 3013 2468 12786 3021 2467 12787 3077 2582 12788 2627 2583 12789 2622 2584 12790 2600 2585 12791 2600 2585 12792 2622 2584 12793 2599 2586 12794 2600 2585 12795 2599 2586 12796 2576 2587 12797 2600 2585 12798 2576 2587 12799 2551 2588 12800 2551 2588 12801 2576 2587 12802 2566 2589 12803 2551 2588 12804 2566 2589 12805 2531 2590 12806 2531 2590 12807 2500 2065 12808 2551 2588 12809 2451 2059 12810 2453 2060 12811 2469 2591 12812 2469 2591 12813 2453 2060 12814 2468 2592 12815 2469 2591 12816 2468 2592 12817 2474 2593 12818 2474 2593 12819 2468 2592 12820 2471 2594 12821 2474 2593 12822 2471 2594 12823 2473 2595 12824 2473 2595 12825 2471 2594 12826 2470 2068 12827 2473 2595 12828 2470 2068 12829 2479 2067 12830 2453 2060 12831 2454 2061 12832 2468 2592 12833 2468 2592 12834 2454 2061 12835 2467 2069 12836 2468 2592 12837 2467 2069 12838 2470 2068 12839 2454 2061 12840 2455 2062 12841 2467 2069 12842 2486 2063 12843 2493 2596 12844 2479 2067 12845 2479 2067 12846 2493 2596 12847 2483 2597 12848 2479 2067 12849 2483 2597 12850 2473 2595 12851 2473 2595 12852 2483 2597 12853 2474 2593 12854 2486 2063 12855 2498 2064 12856 2493 2596 12857 2493 2596 12858 2498 2064 12859 2527 2598 12860 2493 2596 12861 2527 2598 12862 2540 2599 12863 2570 2600 12864 2530 2601 12865 2540 2599 12866 2540 2599 12867 2530 2601 12868 2493 2596 12869 2530 2601 12870 2492 2602 12871 2493 2596 12872 2493 2596 12873 2492 2602 12874 2483 2597 12875 2492 2602 12876 2474 2593 12877 2483 2597 12878 2471 2594 12879 2468 2592 12880 2470 2068 12881 2576 2587 12882 2570 2600 12883 2566 2589 12884 2566 2589 12885 2570 2600 12886 2540 2599 12887 2566 2589 12888 2540 2599 12889 2527 2598 12890 2498 2064 12891 2500 2065 12892 2527 2598 12893 2527 2598 12894 2500 2065 12895 2531 2590 12896 2527 2598 12897 2531 2590 12898 2566 2589 12899 2500 2065 12900 2501 2066 12901 2551 2588 12902 2551 2588 12903 2501 2066 12904 2552 2603 12905 2551 2588 12906 2552 2603 12907 2600 2585 12908 2600 2585 12909 2552 2603 12910 2601 2604 12911 2600 2585 12912 2601 2604 12913 2627 2583 12914 2627 2583 12915 2601 2604 12916 2630 2547 12917 2627 2583 12918 2628 2452 12919 2622 2584 12920 2622 2584 12921 2628 2452 12922 2618 2456 12923 2622 2584 12924 2618 2456 12925 2599 2586 12926 2599 2586 12927 2618 2456 12928 2577 2460 12929 2599 2586 12930 2577 2460 12931 2576 2587 12932 2630 2547 12933 2601 2604 12934 2602 2545 12935 2602 2545 12936 2601 2604 12937 2594 2605 12938 2602 2545 12939 2594 2605 12940 2553 2543 12941 2553 2543 12942 2594 2605 12943 2546 2606 12944 2553 2543 12945 2546 2606 12946 2503 2071 12947 2503 2071 12948 2546 2606 12949 2502 2070 12950 2502 2070 12951 2546 2606 12952 2552 2603 12953 2502 2070 12954 2552 2603 12955 2501 2066 12956 2601 2604 12957 2552 2603 12958 2594 2605 12959 2594 2605 12960 2552 2603 12961 2546 2606 12962 2503 2071 12963 2504 2072 12964 2553 2543 12965 2632 2542 12966 2603 2546 12967 2604 2540 12968 2604 2540 12969 2603 2546 12970 2583 2607 12971 2604 2540 12972 2583 2607 12973 2541 2608 12974 2541 2608 12975 2583 2607 12976 2554 2544 12977 2541 2608 12978 2554 2544 12979 2528 2609 12980 2528 2609 12981 2554 2544 12982 2505 2073 12983 2528 2609 12984 2505 2073 12985 2506 2074 12986 2603 2546 12987 2554 2544 12988 2583 2607 12989 2506 2074 12990 2507 2076 12991 2528 2609 12992 2528 2609 12993 2507 2076 12994 2508 2075 12995 2508 2075 12996 2555 2541 12997 2541 2608 12998 2541 2608 12999 2555 2541 13000 2604 2540 13001 2528 2609 13002 2508 2075 13003 2541 2608 13004 3159 2534 13005 3132 2549 13006 3133 2536 13007 3133 2536 13008 3132 2549 13009 3099 2610 13010 3133 2536 13011 3099 2610 13012 3087 2537 13013 3087 2537 13014 3099 2610 13015 3056 2481 13016 3087 2537 13017 3056 2481 13018 3038 2482 13019 3132 2549 13020 3086 2552 13021 3099 2610 13022 3099 2610 13023 3086 2552 13024 3056 2481 13025 3086 2552 13026 3037 2479 13027 3056 2481 13028 3056 2481 13029 3037 2479 13030 3055 2480 13031 2648 2611 13032 2651 2435 13033 2645 2612 13034 2645 2612 13035 2651 2435 13036 2647 2434 13037 2645 2612 13038 2647 2434 13039 2643 2433 13040 2650 2613 13041 2664 2437 13042 2648 2611 13043 2648 2611 13044 2664 2437 13045 2658 2436 13046 2648 2611 13047 2658 2436 13048 2651 2435 13049 2653 2614 13050 2666 2439 13051 2650 2613 13052 2650 2613 13053 2666 2439 13054 2665 2438 13055 2650 2613 13056 2665 2438 13057 2664 2437 13058 2666 2439 13059 2653 2614 13060 2667 2440 13061 2667 2440 13062 2653 2614 13063 2655 2615 13064 2667 2440 13065 2655 2615 13066 2668 2431 13067 2668 2431 13068 2655 2615 13069 2657 2616 13070 2668 2431 13071 2657 2616 13072 2669 2410 13073 2669 2410 13074 2657 2616 13075 2656 2617 13076 2669 2410 13077 2656 2617 13078 2670 2405 13079 2670 2405 13080 2656 2617 13081 2654 2618 13082 2670 2405 13083 2654 2618 13084 2652 2619 13085 2649 17 13086 2672 2404 13087 2652 2619 13088 2652 2619 13089 2672 2404 13090 2671 2406 13091 2652 2619 13092 2671 2406 13093 2670 2405 13094 2646 17 13095 2674 2389 13096 2649 17 13097 2649 17 13098 2674 2389 13099 2673 2396 13100 2649 17 13101 2673 2396 13102 2672 2404 13103 2674 2389 13104 2646 17 13105 2632 2542 13106 2632 2542 13107 2646 17 13108 2644 2620 13109 2632 2542 13110 2644 2620 13111 2641 2621 13112 2641 2621 13113 2638 2622 13114 2632 2542 13115 2632 2542 13116 2638 2622 13117 2630 2547 13118 2630 2547 13119 2638 2622 13120 2636 2623 13121 2630 2547 13122 2636 2623 13123 2634 2624 13124 2634 2624 13125 2633 2625 13126 2630 2547 13127 2630 2547 13128 2633 2625 13129 2627 2583 13130 2627 2583 13131 2633 2625 13132 2635 2626 13133 2627 2583 13134 2635 2626 13135 2637 17 13136 2637 17 13137 2640 2627 13138 2627 2583 13139 2627 2583 13140 2640 2627 13141 2631 2445 13142 2627 2583 13143 2631 2445 13144 2629 2453 13145 2631 2445 13146 2640 2627 13147 2639 2441 13148 2639 2441 13149 2640 2627 13150 2642 2628 13151 2639 2441 13152 2642 2628 13153 2645 2612 13154 2629 2453 13155 2628 2452 13156 2627 2583 13157 2643 2433 13158 2639 2441 13159 2645 2612 13160 2451 2059 13161 2469 2591 13162 2452 2629 13163 2452 2629 13164 2469 2591 13165 2480 2630 13166 2480 2630 13167 2469 2591 13168 2474 2593 13169 2480 2630 13170 2474 2593 13171 2492 2602 13172 2480 2630 13173 2492 2602 13174 2524 2631 13175 2524 2631 13176 2492 2602 13177 2530 2601 13178 2524 2631 13179 2530 2601 13180 2571 2632 13181 2571 2632 13182 2530 2601 13183 2570 2600 13184 2578 2253 13185 2579 2084 13186 2615 2304 13187 2615 2304 13188 2579 2084 13189 2619 2083 13190 2615 2304 13191 2619 2083 13192 2623 2305 13193 2623 2305 13194 2619 2083 13195 2706 2082 13196 2623 2305 13197 2706 2082 13198 2705 2196 13199 2578 2253 13200 2572 2243 13201 2579 2084 13202 2579 2084 13203 2572 2243 13204 2573 2633 13205 2579 2084 13206 2573 2633 13207 3061 2188 13208 3061 2188 13209 2573 2633 13210 3062 2634 13211 660 2289 13212 661 1840 13213 664 2300 13214 664 2300 13215 661 1840 13216 668 1844 13217 664 2300 13218 668 1844 13219 688 2301 13220 688 2301 13221 668 1844 13222 711 1848 13223 688 2301 13224 711 1848 13225 710 2033 13226 659 1841 13227 660 2289 13228 658 1833 13229 658 1833 13230 660 2289 13231 654 2268 13232 658 1833 13233 654 2268 13234 657 1829 13235 657 1829 13236 654 2268 13237 656 1821 13238 656 1821 13239 654 2268 13240 655 1822 13241 655 1822 13242 654 2268 13243 653 1823 13244 653 1823 13245 654 2268 13246 651 1824 13247 651 1824 13248 654 2268 13249 652 2267 13250 651 1824 13251 652 2267 13252 645 2288 13253 659 1841 13254 661 1840 13255 660 2289 13256 651 1824 13257 645 2288 13258 643 1825 13259 643 1825 13260 645 2288 13261 644 2287 13262 643 1825 13263 644 2287 13264 640 1826 13265 640 1826 13266 644 2287 13267 642 2286 13268 640 1826 13269 642 2286 13270 638 1827 13271 638 1827 13272 642 2286 13273 641 2266 13274 638 1827 13275 641 2266 13276 637 1828 13277 637 1828 13278 641 2266 13279 636 1819 13280 636 1819 13281 641 2266 13282 635 1798 13283 635 1798 13284 641 2266 13285 639 2259 13286 635 1798 13287 639 2259 13288 634 1793 13289 634 1793 13290 639 2259 13291 633 1794 13292 633 1794 13293 639 2259 13294 632 1792 13295 632 1792 13296 639 2259 13297 631 1784 13298 631 1784 13299 639 2259 13300 630 1777 13301 271 1967 13302 775 1658 13303 269 1974 13304 269 1974 13305 775 1658 13306 712 1656 13307 269 1974 13308 712 1656 13309 263 1975 13310 263 1975 13311 712 1656 13312 519 1655 13313 263 1975 13314 519 1655 13315 247 1961 13316 443 1672 13317 246 1962 13318 444 1665 13319 444 1665 13320 246 1962 13321 470 1666 13322 470 1666 13323 246 1962 13324 247 1961 13325 470 1666 13326 247 1961 13327 519 1655 13328 246 1962 13329 443 1672 13330 230 1966 13331 230 1966 13332 443 1672 13333 461 1681 13334 230 1966 13335 461 1681 13336 460 1679 13337 230 1966 13338 460 1679 13339 229 1965 13340 229 1965 13341 460 1679 13342 442 1680 13343 229 1965 13344 442 1680 13345 245 1956 13346 3164 17 13347 3154 2567 13348 3166 2635 13349 3166 2635 13350 3154 2567 13351 3155 2569 13352 3166 2635 13353 3155 2569 13354 3176 2500 13355 3176 2500 13356 3155 2569 13357 3156 2571 13358 3176 2500 13359 3156 2571 13360 3175 2498 13361 3175 2498 13362 3156 2571 13363 3157 2573 13364 3175 2498 13365 3157 2573 13366 3174 2496 13367 3174 2496 13368 3157 2573 13369 3158 2548 13370 3174 2496 13371 3158 2548 13372 3173 2519 13373 3173 2519 13374 3158 2548 13375 3159 2534 13376 3173 2519 13377 3159 2534 13378 3172 2522 13379 3172 2522 13380 3159 2534 13381 3160 2532 13382 3154 2567 13383 3164 17 13384 3153 2565 13385 3153 2565 13386 3164 17 13387 3162 2636 13388 3153 2565 13389 3162 2636 13390 3152 2563 13391 3152 2563 13392 3162 2636 13393 3161 2637 13394 3152 2563 13395 3161 2637 13396 3151 2561 13397 3151 2561 13398 3161 2637 13399 3163 2638 13400 3151 2561 13401 3163 2638 13402 3150 2559 13403 3150 2559 13404 3163 2638 13405 3146 2639 13406 3150 2559 13407 3146 2639 13408 3149 2557 13409 3149 2557 13410 3146 2639 13411 3148 2555 13412 3148 2555 13413 3146 2639 13414 3147 2553 13415 3147 2553 13416 3146 2639 13417 3145 2576 13418 3163 2638 13419 3165 17 13420 3146 2639 13421 3146 2639 13422 3165 17 13423 3167 2640 13424 3146 2639 13425 3167 2640 13426 3187 2641 13427 3187 2641 13428 3167 2640 13429 3182 2512 13430 3187 2641 13431 3182 2512 13432 3183 2514 13433 3182 2512 13434 3167 2640 13435 3181 2510 13436 3181 2510 13437 3167 2640 13438 3169 2642 13439 3181 2510 13440 3169 2642 13441 3180 2508 13442 3180 2508 13443 3169 2642 13444 3171 2643 13445 3180 2508 13446 3171 2643 13447 3170 2644 13448 3180 2508 13449 3170 2644 13450 3179 2506 13451 3179 2506 13452 3170 2644 13453 3168 2645 13454 3179 2506 13455 3168 2645 13456 3178 2504 13457 3178 2504 13458 3168 2645 13459 3177 2502 13460 3177 2502 13461 3168 2645 13462 3166 2635 13463 3177 2502 13464 3166 2635 13465 3176 2500 13466 3186 2486 13467 3187 2641 13468 3185 2493 13469 3185 2493 13470 3187 2641 13471 3184 2516 13472 3184 2516 13473 3187 2641 13474 3183 2514 13475 2260 2353 13476 2236 2646 13477 2255 2352 13478 2255 2352 13479 2236 2646 13480 2218 2647 13481 2255 2352 13482 2218 2647 13483 2179 2648 13484 2179 2648 13485 2218 2647 13486 2175 2649 13487 2179 2648 13488 2175 2649 13489 2171 2650 13490 2171 2650 13491 2175 2649 13492 2155 2651 13493 2171 2650 13494 2155 2651 13495 2094 2652 13496 2094 2652 13497 2155 2651 13498 2133 2653 13499 2094 2652 13500 2133 2653 13501 2093 2654 13502 2093 2654 13503 2133 2653 13504 2101 2655 13505 2093 2654 13506 2101 2655 13507 2082 2656 13508 2082 2656 13509 2101 2655 13510 2087 2657 13511 2082 2656 13512 2087 2657 13513 2077 2658 13514 2077 2658 13515 2087 2657 13516 2079 2659 13517 2077 2658 13518 2079 2659 13519 2059 2660 13520 2059 2660 13521 2079 2659 13522 2057 2661 13523 2059 2660 13524 2057 2661 13525 2047 2662 13526 2047 2662 13527 2057 2661 13528 2035 2663 13529 2047 2662 13530 2035 2663 13531 2013 2664 13532 2013 2664 13533 2035 2663 13534 2034 2665 13535 2013 2664 13536 2034 2665 13537 2015 2666 13538 2015 2666 13539 2034 2665 13540 2033 2667 13541 2015 2666 13542 2033 2667 13543 2017 2668 13544 2017 2668 13545 2033 2667 13546 2031 2669 13547 2017 2668 13548 2031 2669 13549 2020 2670 13550 2020 2670 13551 2031 2669 13552 2029 2671 13553 2020 2670 13554 2029 2671 13555 2018 2672 13556 2018 2672 13557 2029 2671 13558 2030 2673 13559 2018 2672 13560 2030 2673 13561 2019 2674 13562 2019 2674 13563 2030 2673 13564 2032 2675 13565 2019 2674 13566 2032 2675 13567 2016 2676 13568 2016 2676 13569 2032 2675 13570 2028 2677 13571 2016 2676 13572 2028 2677 13573 2014 2678 13574 2014 2678 13575 2028 2677 13576 2027 2679 13577 2014 2678 13578 2027 2679 13579 2012 2680 13580 2012 2680 13581 2027 2679 13582 2025 2681 13583 2012 2680 13584 2025 2681 13585 2005 2682 13586 2005 2682 13587 2025 2681 13588 2021 2683 13589 2005 2682 13590 2021 2683 13591 2001 2684 13592 2001 2684 13593 2021 2683 13594 2007 2685 13595 2001 2684 13596 2007 2685 13597 1981 2686 13598 1981 2686 13599 2007 2685 13600 1966 2687 13601 1981 2686 13602 1966 2687 13603 1940 2688 13604 1940 2688 13605 1966 2687 13606 1943 2689 13607 1940 2688 13608 1943 2689 13609 1923 2690 13610 1923 2690 13611 1943 2689 13612 1921 2691 13613 1923 2690 13614 1921 2691 13615 1891 2692 13616 1891 2692 13617 1921 2691 13618 1882 2693 13619 1891 2692 13620 1882 2693 13621 1864 2694 13622 1864 2694 13623 1882 2693 13624 1844 2366 13625 1864 2694 13626 1844 2366 13627 1856 2695 13628 1856 2695 13629 1844 2366 13630 1845 2696 13631 1856 2695 13632 1845 2696 13633 1879 2697 13634 1879 2697 13635 1845 2696 13636 1857 2698 13637 1879 2697 13638 1857 2698 13639 1870 2699 13640 1870 2699 13641 1857 2698 13642 1846 2700 13643 1870 2699 13644 1846 2700 13645 1887 2701 13646 1887 2701 13647 1846 2700 13648 1858 2702 13649 1887 2701 13650 1858 2702 13651 1889 2703 13652 1889 2703 13653 1858 2702 13654 1847 2704 13655 1889 2703 13656 1847 2704 13657 1863 2705 13658 2267 2354 13659 2242 2706 13660 2260 2353 13661 2260 2353 13662 2242 2706 13663 2239 2707 13664 2260 2353 13665 2239 2707 13666 2236 2646 13667 2236 2646 13668 2239 2707 13669 2222 2708 13670 2236 2646 13671 2222 2708 13672 2218 2647 13673 2218 2647 13674 2222 2708 13675 2175 2649 13676 2242 2706 13677 2267 2354 13678 2252 2709 13679 2252 2709 13680 2267 2354 13681 2274 2356 13682 2252 2709 13683 2274 2356 13684 2256 2710 13685 2256 2710 13686 2274 2356 13687 2279 2357 13688 2256 2710 13689 2279 2357 13690 2262 2711 13691 2262 2711 13692 2279 2357 13693 2293 2358 13694 2262 2711 13695 2293 2358 13696 2269 2712 13697 2269 2712 13698 2293 2358 13699 2297 2713 13700 2269 2712 13701 2297 2713 13702 2276 2714 13703 2276 2714 13704 2297 2713 13705 2305 2715 13706 2276 2714 13707 2305 2715 13708 2281 2716 13709 2281 2716 13710 2305 2715 13711 2308 2717 13712 2281 2716 13713 2308 2717 13714 2295 2718 13715 2295 2718 13716 2308 2717 13717 2310 2719 13718 2295 2718 13719 2310 2719 13720 2273 2720 13721 2273 2720 13722 2310 2719 13723 2296 2721 13724 2273 2720 13725 2296 2721 13726 2251 2722 13727 2251 2722 13728 2296 2721 13729 2272 2723 13730 2251 2722 13731 2272 2723 13732 2235 2724 13733 2235 2724 13734 2272 2723 13735 2259 2725 13736 2235 2724 13737 2259 2725 13738 2227 2726 13739 2227 2726 13740 2259 2725 13741 2238 2727 13742 2227 2726 13743 2238 2727 13744 2187 2728 13745 2187 2728 13746 2238 2727 13747 2217 2729 13748 2187 2728 13749 2217 2729 13750 2152 2730 13751 2152 2730 13752 2217 2729 13753 2163 2731 13754 2152 2730 13755 2163 2731 13756 2110 2732 13757 2110 2732 13758 2163 2731 13759 2111 2733 13760 2110 2732 13761 2111 2733 13762 2040 2734 13763 2040 2734 13764 2111 2733 13765 2026 2735 13766 2040 2734 13767 2026 2735 13768 2007 2685 13769 2007 2685 13770 2026 2735 13771 1966 2687 13772 2293 2358 13773 2304 2359 13774 2297 2713 13775 2297 2713 13776 2304 2359 13777 2309 2360 13778 2297 2713 13779 2309 2360 13780 2305 2715 13781 2305 2715 13782 2309 2360 13783 2311 2361 13784 2305 2715 13785 2311 2361 13786 2308 2717 13787 2308 2717 13788 2311 2361 13789 2317 2355 13790 2308 2717 13791 2317 2355 13792 2316 2362 13793 2315 2363 13794 2306 2736 13795 2316 2362 13796 2316 2362 13797 2306 2736 13798 2310 2719 13799 2316 2362 13800 2310 2719 13801 2308 2717 13802 2314 2364 13803 2313 2737 13804 2315 2363 13805 2315 2363 13806 2313 2737 13807 2299 2738 13808 2315 2363 13809 2299 2738 13810 2312 2739 13811 2312 2739 13812 2299 2738 13813 2280 2740 13814 2312 2739 13815 2280 2740 13816 2306 2736 13817 2306 2736 13818 2280 2740 13819 2272 2723 13820 2306 2736 13821 2272 2723 13822 2296 2721 13823 2265 2373 13824 2294 2741 13825 2314 2364 13826 2314 2364 13827 2294 2741 13828 2307 2742 13829 2314 2364 13830 2307 2742 13831 2313 2737 13832 2313 2737 13833 2307 2742 13834 2282 2743 13835 2313 2737 13836 2282 2743 13837 2299 2738 13838 2299 2738 13839 2282 2743 13840 2271 2744 13841 2299 2738 13842 2271 2744 13843 2280 2740 13844 2280 2740 13845 2271 2744 13846 2259 2725 13847 2280 2740 13848 2259 2725 13849 2272 2723 13850 2109 2372 13851 2206 2745 13852 2265 2373 13853 2265 2373 13854 2206 2745 13855 2261 2746 13856 2265 2373 13857 2261 2746 13858 2294 2741 13859 2294 2741 13860 2261 2746 13861 2233 2747 13862 2294 2741 13863 2233 2747 13864 2270 2748 13865 2270 2748 13866 2233 2747 13867 2223 2749 13868 2270 2748 13869 2223 2749 13870 2257 2750 13871 2257 2750 13872 2223 2749 13873 2217 2729 13874 2257 2750 13875 2217 2729 13876 2238 2727 13877 2206 2745 13878 2109 2372 13879 2107 2751 13880 2107 2751 13881 2109 2372 13882 1935 2370 13883 2107 2751 13884 1935 2370 13885 1938 2752 13886 1938 2752 13887 1935 2370 13888 1882 2693 13889 1938 2752 13890 1882 2693 13891 1921 2691 13892 1935 2370 13893 1844 2366 13894 1882 2693 13895 1845 2696 13896 1846 2700 13897 1857 2698 13898 1846 2700 13899 1847 2704 13900 1858 2702 13901 1863 2705 13902 1877 2753 13903 1889 2703 13904 1889 2703 13905 1877 2753 13906 1898 2754 13907 1889 2703 13908 1898 2754 13909 1920 2755 13910 1920 2755 13911 1898 2754 13912 1936 2756 13913 1920 2755 13914 1936 2756 13915 1959 2757 13916 1959 2757 13917 1936 2756 13918 1967 2758 13919 1959 2757 13920 1967 2758 13921 1981 2686 13922 1981 2686 13923 1967 2758 13924 2001 2684 13925 1877 2753 13926 1888 2759 13927 1898 2754 13928 1898 2754 13929 1888 2759 13930 1916 2760 13931 1898 2754 13932 1916 2760 13933 1936 2756 13934 1936 2756 13935 1916 2760 13936 1941 2761 13937 1936 2756 13938 1941 2761 13939 1967 2758 13940 1967 2758 13941 1941 2761 13942 1982 2762 13943 1967 2758 13944 1982 2762 13945 2001 2684 13946 2001 2684 13947 1982 2762 13948 2005 2682 13949 1888 2759 13950 1892 2763 13951 1916 2760 13952 1916 2760 13953 1892 2763 13954 1926 2764 13955 1916 2760 13956 1926 2764 13957 1941 2761 13958 1941 2761 13959 1926 2764 13960 1948 2765 13961 1941 2761 13962 1948 2765 13963 1982 2762 13964 1982 2762 13965 1948 2765 13966 1991 2766 13967 1982 2762 13968 1991 2766 13969 2005 2682 13970 2005 2682 13971 1991 2766 13972 2012 2680 13973 1892 2763 13974 1910 2767 13975 1926 2764 13976 1926 2764 13977 1910 2767 13978 1931 2768 13979 1926 2764 13980 1931 2768 13981 1948 2765 13982 1948 2765 13983 1931 2768 13984 1954 2769 13985 1948 2765 13986 1954 2769 13987 1991 2766 13988 1991 2766 13989 1954 2769 13990 1995 2770 13991 1991 2766 13992 1995 2770 13993 2012 2680 13994 2012 2680 13995 1995 2770 13996 2014 2678 13997 1931 2768 13998 1910 2767 13999 1933 2771 14000 1933 2771 14001 1910 2767 14002 1915 2772 14003 1933 2771 14004 1915 2772 14005 1932 2773 14006 1932 2773 14007 1915 2772 14008 1914 2774 14009 1932 2773 14010 1914 2774 14011 1930 2775 14012 1930 2775 14013 1914 2774 14014 1927 2776 14015 1930 2775 14016 1927 2776 14017 1956 2777 14018 1956 2777 14019 1927 2776 14020 1953 2778 14021 1956 2777 14022 1953 2778 14023 1999 2779 14024 1999 2779 14025 1953 2778 14026 1997 2780 14027 1999 2779 14028 1997 2780 14029 2018 2672 14030 2018 2672 14031 1997 2780 14032 2020 2670 14033 1914 2774 14034 1909 2781 14035 1927 2776 14036 1927 2776 14037 1909 2781 14038 1919 2782 14039 1927 2776 14040 1919 2782 14041 1953 2778 14042 1953 2778 14043 1919 2782 14044 1949 2783 14045 1953 2778 14046 1949 2783 14047 1997 2780 14048 1997 2780 14049 1949 2783 14050 1996 2784 14051 1997 2780 14052 1996 2784 14053 2020 2670 14054 2020 2670 14055 1996 2784 14056 2017 2668 14057 1919 2782 14058 1909 2781 14059 1944 2785 14060 1944 2785 14061 1909 2781 14062 1971 2786 14063 1944 2785 14064 1971 2786 14065 1994 2787 14066 1994 2787 14067 1971 2786 14068 1992 2788 14069 1994 2787 14070 1992 2788 14071 2015 2666 14072 2015 2666 14073 1992 2788 14074 2013 2664 14075 1971 2786 14076 2047 2662 14077 1992 2788 14078 1992 2788 14079 2047 2662 14080 2013 2664 14081 2059 2660 14082 2047 2662 14083 2070 2789 14084 2070 2789 14085 2047 2662 14086 2069 2790 14087 2070 2789 14088 2069 2790 14089 2080 2791 14090 2080 2791 14091 2069 2790 14092 2094 2652 14093 2080 2791 14094 2094 2652 14095 2093 2654 14096 2094 2652 14097 2179 2648 14098 2171 2650 14099 2281 2716 14100 2295 2718 14101 2266 2792 14102 2266 2792 14103 2295 2718 14104 2273 2720 14105 2266 2792 14106 2273 2720 14107 2237 2793 14108 2237 2793 14109 2273 2720 14110 2251 2722 14111 2237 2793 14112 2251 2722 14113 2230 2794 14114 2230 2794 14115 2251 2722 14116 2235 2724 14117 2230 2794 14118 2235 2724 14119 2220 2795 14120 2220 2795 14121 2235 2724 14122 2227 2726 14123 2220 2795 14124 2227 2726 14125 2178 2796 14126 2178 2796 14127 2227 2726 14128 2187 2728 14129 2178 2796 14130 2187 2728 14131 2140 2797 14132 2140 2797 14133 2187 2728 14134 2152 2730 14135 2140 2797 14136 2152 2730 14137 2106 2798 14138 2106 2798 14139 2152 2730 14140 2110 2732 14141 2106 2798 14142 2110 2732 14143 2042 2799 14144 2042 2799 14145 2110 2732 14146 2040 2734 14147 2042 2799 14148 2040 2734 14149 2021 2683 14150 2021 2683 14151 2040 2734 14152 2007 2685 14153 2276 2714 14154 2281 2716 14155 2258 2800 14156 2258 2800 14157 2281 2716 14158 2266 2792 14159 2258 2800 14160 2266 2792 14161 2232 2801 14162 2232 2801 14163 2266 2792 14164 2237 2793 14165 2232 2801 14166 2237 2793 14167 2225 2802 14168 2225 2802 14169 2237 2793 14170 2230 2794 14171 2225 2802 14172 2230 2794 14173 2209 2803 14174 2209 2803 14175 2230 2794 14176 2220 2795 14177 2209 2803 14178 2220 2795 14179 2172 2804 14180 2172 2804 14181 2220 2795 14182 2178 2796 14183 2172 2804 14184 2178 2796 14185 2137 2805 14186 2137 2805 14187 2178 2796 14188 2140 2797 14189 2137 2805 14190 2140 2797 14191 2103 2806 14192 2103 2806 14193 2140 2797 14194 2106 2798 14195 2103 2806 14196 2106 2798 14197 2056 2807 14198 2056 2807 14199 2106 2798 14200 2042 2799 14201 2056 2807 14202 2042 2799 14203 2025 2681 14204 2025 2681 14205 2042 2799 14206 2021 2683 14207 2269 2712 14208 2276 2714 14209 2253 2808 14210 2253 2808 14211 2276 2714 14212 2258 2800 14213 2253 2808 14214 2258 2800 14215 2229 2809 14216 2229 2809 14217 2258 2800 14218 2232 2801 14219 2229 2809 14220 2232 2801 14221 2221 2810 14222 2221 2810 14223 2232 2801 14224 2225 2802 14225 2221 2810 14226 2225 2802 14227 2204 2811 14228 2204 2811 14229 2225 2802 14230 2209 2803 14231 2204 2811 14232 2209 2803 14233 2164 2812 14234 2164 2812 14235 2209 2803 14236 2172 2804 14237 2164 2812 14238 2172 2804 14239 2135 2813 14240 2135 2813 14241 2172 2804 14242 2137 2805 14243 2135 2813 14244 2137 2805 14245 2098 2814 14246 2098 2814 14247 2137 2805 14248 2103 2806 14249 2098 2814 14250 2103 2806 14251 2061 2815 14252 2061 2815 14253 2103 2806 14254 2056 2807 14255 2061 2815 14256 2056 2807 14257 2027 2679 14258 2027 2679 14259 2056 2807 14260 2025 2681 14261 2262 2711 14262 2269 2712 14263 2240 2816 14264 2240 2816 14265 2269 2712 14266 2253 2808 14267 2240 2816 14268 2253 2808 14269 2224 2817 14270 2224 2817 14271 2253 2808 14272 2229 2809 14273 2224 2817 14274 2229 2809 14275 2210 2818 14276 2210 2818 14277 2229 2809 14278 2221 2810 14279 2210 2818 14280 2221 2810 14281 2197 2819 14282 2197 2819 14283 2221 2810 14284 2204 2811 14285 2197 2819 14286 2204 2811 14287 2160 2820 14288 2160 2820 14289 2204 2811 14290 2164 2812 14291 2160 2820 14292 2164 2812 14293 2130 2821 14294 2130 2821 14295 2164 2812 14296 2135 2813 14297 2130 2821 14298 2135 2813 14299 2097 2822 14300 2097 2822 14301 2135 2813 14302 2098 2814 14303 2097 2822 14304 2098 2814 14305 2062 2823 14306 2062 2823 14307 2098 2814 14308 2061 2815 14309 2062 2823 14310 2061 2815 14311 2028 2677 14312 2028 2677 14313 2061 2815 14314 2027 2679 14315 2256 2710 14316 2262 2711 14317 2234 2824 14318 2234 2824 14319 2262 2711 14320 2240 2816 14321 2234 2824 14322 2240 2816 14323 2219 2825 14324 2219 2825 14325 2240 2816 14326 2224 2817 14327 2219 2825 14328 2224 2817 14329 2202 2826 14330 2202 2826 14331 2224 2817 14332 2210 2818 14333 2202 2826 14334 2210 2818 14335 2180 2827 14336 2180 2827 14337 2210 2818 14338 2197 2819 14339 2180 2827 14340 2197 2819 14341 2154 2828 14342 2154 2828 14343 2197 2819 14344 2160 2820 14345 2154 2828 14346 2160 2820 14347 2117 2829 14348 2117 2829 14349 2160 2820 14350 2130 2821 14351 2117 2829 14352 2130 2821 14353 2092 2830 14354 2092 2830 14355 2130 2821 14356 2097 2822 14357 2092 2830 14358 2097 2822 14359 2060 2831 14360 2060 2831 14361 2097 2822 14362 2062 2823 14363 2060 2831 14364 2062 2823 14365 2032 2675 14366 2032 2675 14367 2062 2823 14368 2028 2677 14369 2252 2709 14370 2256 2710 14371 2231 2832 14372 2231 2832 14373 2256 2710 14374 2234 2824 14375 2231 2832 14376 2234 2824 14377 2208 2833 14378 2208 2833 14379 2234 2824 14380 2219 2825 14381 2208 2833 14382 2219 2825 14383 2196 2834 14384 2196 2834 14385 2219 2825 14386 2202 2826 14387 2196 2834 14388 2202 2826 14389 2173 2835 14390 2173 2835 14391 2202 2826 14392 2180 2827 14393 2173 2835 14394 2180 2827 14395 2141 2836 14396 2141 2836 14397 2180 2827 14398 2154 2828 14399 2141 2836 14400 2154 2828 14401 2115 2837 14402 2115 2837 14403 2154 2828 14404 2117 2829 14405 2115 2837 14406 2117 2829 14407 2090 2838 14408 2090 2838 14409 2117 2829 14410 2092 2830 14411 2090 2838 14412 2092 2830 14413 2058 2839 14414 2058 2839 14415 2092 2830 14416 2060 2831 14417 2058 2839 14418 2060 2831 14419 2030 2673 14420 2030 2673 14421 2060 2831 14422 2032 2675 14423 2242 2706 14424 2252 2709 14425 2228 2840 14426 2228 2840 14427 2252 2709 14428 2231 2832 14429 2228 2840 14430 2231 2832 14431 2205 2841 14432 2205 2841 14433 2231 2832 14434 2208 2833 14435 2205 2841 14436 2208 2833 14437 2185 2842 14438 2185 2842 14439 2208 2833 14440 2196 2834 14441 2185 2842 14442 2196 2834 14443 2168 2843 14444 2168 2843 14445 2196 2834 14446 2173 2835 14447 2168 2843 14448 2173 2835 14449 2136 2844 14450 2136 2844 14451 2173 2835 14452 2141 2836 14453 2136 2844 14454 2141 2836 14455 2113 2845 14456 2113 2845 14457 2141 2836 14458 2115 2837 14459 2113 2845 14460 2115 2837 14461 2088 2846 14462 2088 2846 14463 2115 2837 14464 2090 2838 14465 2088 2846 14466 2090 2838 14467 2055 2847 14468 2055 2847 14469 2090 2838 14470 2058 2839 14471 2055 2847 14472 2058 2839 14473 2029 2671 14474 2029 2671 14475 2058 2839 14476 2030 2673 14477 2239 2707 14478 2242 2706 14479 2226 2848 14480 2226 2848 14481 2242 2706 14482 2228 2840 14483 2226 2848 14484 2228 2840 14485 2198 2849 14486 2198 2849 14487 2228 2840 14488 2205 2841 14489 2198 2849 14490 2205 2841 14491 2174 2850 14492 2174 2850 14493 2205 2841 14494 2185 2842 14495 2174 2850 14496 2185 2842 14497 2161 2851 14498 2161 2851 14499 2185 2842 14500 2168 2843 14501 2161 2851 14502 2168 2843 14503 2131 2852 14504 2131 2852 14505 2168 2843 14506 2136 2844 14507 2131 2852 14508 2136 2844 14509 2102 2853 14510 2102 2853 14511 2136 2844 14512 2113 2845 14513 2102 2853 14514 2113 2845 14515 2086 2854 14516 2086 2854 14517 2113 2845 14518 2088 2846 14519 2086 2854 14520 2088 2846 14521 2052 2855 14522 2052 2855 14523 2088 2846 14524 2055 2847 14525 2052 2855 14526 2055 2847 14527 2031 2669 14528 2031 2669 14529 2055 2847 14530 2029 2671 14531 2312 2739 14532 2306 2736 14533 2315 2363 14534 2306 2736 14535 2296 2721 14536 2310 2719 14537 2239 2707 14538 2226 2848 14539 2222 2708 14540 2222 2708 14541 2226 2848 14542 2186 2856 14543 2222 2708 14544 2186 2856 14545 2175 2649 14546 2175 2649 14547 2186 2856 14548 2159 2857 14549 2175 2649 14550 2159 2857 14551 2155 2651 14552 2155 2651 14553 2159 2857 14554 2133 2653 14555 2186 2856 14556 2226 2848 14557 2198 2849 14558 2294 2741 14559 2270 2748 14560 2307 2742 14561 2307 2742 14562 2270 2748 14563 2282 2743 14564 2238 2727 14565 2259 2725 14566 2271 2744 14567 2270 2748 14568 2257 2750 14569 2282 2743 14570 2282 2743 14571 2257 2750 14572 2271 2744 14573 2257 2750 14574 2238 2727 14575 2271 2744 14576 2186 2856 14577 2198 2849 14578 2167 2858 14579 2167 2858 14580 2198 2849 14581 2174 2850 14582 2167 2858 14583 2174 2850 14584 2156 2859 14585 2156 2859 14586 2174 2850 14587 2161 2851 14588 2156 2859 14589 2161 2851 14590 2128 2860 14591 2128 2860 14592 2161 2851 14593 2131 2852 14594 2128 2860 14595 2131 2852 14596 2096 2861 14597 2096 2861 14598 2131 2852 14599 2102 2853 14600 2096 2861 14601 2102 2853 14602 2083 2862 14603 2083 2862 14604 2102 2853 14605 2086 2854 14606 2083 2862 14607 2086 2854 14608 2051 2863 14609 2051 2863 14610 2086 2854 14611 2052 2855 14612 2051 2863 14613 2052 2855 14614 2033 2667 14615 2033 2667 14616 2052 2855 14617 2031 2669 14618 2186 2856 14619 2167 2858 14620 2159 2857 14621 2159 2857 14622 2167 2858 14623 2139 2864 14624 2159 2857 14625 2139 2864 14626 2133 2653 14627 2133 2653 14628 2139 2864 14629 2101 2655 14630 2139 2864 14631 2167 2858 14632 2156 2859 14633 2233 2747 14634 2261 2746 14635 2177 2865 14636 2177 2865 14637 2261 2746 14638 2206 2745 14639 2177 2865 14640 2206 2745 14641 2105 2866 14642 2105 2866 14643 2206 2745 14644 2107 2751 14645 2105 2866 14646 2107 2751 14647 1980 2867 14648 1980 2867 14649 2107 2751 14650 1938 2752 14651 1980 2867 14652 1938 2752 14653 1921 2691 14654 2223 2749 14655 2233 2747 14656 2170 2868 14657 2170 2868 14658 2233 2747 14659 2177 2865 14660 2170 2868 14661 2177 2865 14662 2108 2869 14663 2108 2869 14664 2177 2865 14665 2105 2866 14666 2108 2869 14667 2105 2866 14668 2006 2870 14669 2006 2870 14670 2105 2866 14671 1980 2867 14672 2006 2870 14673 1980 2867 14674 1943 2689 14675 1943 2689 14676 1980 2867 14677 1921 2691 14678 2217 2729 14679 2223 2749 14680 2163 2731 14681 2163 2731 14682 2223 2749 14683 2170 2868 14684 2163 2731 14685 2170 2868 14686 2111 2733 14687 2111 2733 14688 2170 2868 14689 2108 2869 14690 2111 2733 14691 2108 2869 14692 2026 2735 14693 2026 2735 14694 2108 2869 14695 2006 2870 14696 2026 2735 14697 2006 2870 14698 1966 2687 14699 1966 2687 14700 2006 2870 14701 1943 2689 14702 2096 2861 14703 2091 2871 14704 2128 2860 14705 2128 2860 14706 2091 2871 14707 2114 2872 14708 2128 2860 14709 2114 2872 14710 2156 2859 14711 2156 2859 14712 2114 2872 14713 2139 2864 14714 2091 2871 14715 2087 2657 14716 2114 2872 14717 2114 2872 14718 2087 2657 14719 2101 2655 14720 2114 2872 14721 2101 2655 14722 2139 2864 14723 2091 2871 14724 2096 2861 14725 2081 2873 14726 2081 2873 14727 2096 2861 14728 2083 2862 14729 2081 2873 14730 2083 2862 14731 2054 2874 14732 2054 2874 14733 2083 2862 14734 2051 2863 14735 2054 2874 14736 2051 2863 14737 2034 2665 14738 2034 2665 14739 2051 2863 14740 2033 2667 14741 2087 2657 14742 2091 2871 14743 2079 2659 14744 2079 2659 14745 2091 2871 14746 2081 2873 14747 2079 2659 14748 2081 2873 14749 2057 2661 14750 2057 2661 14751 2081 2873 14752 2054 2874 14753 2057 2661 14754 2054 2874 14755 2035 2663 14756 2035 2663 14757 2054 2874 14758 2034 2665 14759 2070 2789 14760 2080 2791 14761 2082 2656 14762 2082 2656 14763 2080 2791 14764 2093 2654 14765 2070 2789 14766 2082 2656 14767 2077 2658 14768 2070 2789 14769 2077 2658 14770 2059 2660 14771 2015 2666 14772 2017 2668 14773 1994 2787 14774 1994 2787 14775 2017 2668 14776 1996 2784 14777 1994 2787 14778 1996 2784 14779 1944 2785 14780 1944 2785 14781 1996 2784 14782 1949 2783 14783 1944 2785 14784 1949 2783 14785 1919 2782 14786 2018 2672 14787 2019 2674 14788 1999 2779 14789 1999 2779 14790 2019 2674 14791 2000 2875 14792 1999 2779 14793 2000 2875 14794 1956 2777 14795 1956 2777 14796 2000 2875 14797 1958 2876 14798 1956 2777 14799 1958 2876 14800 1930 2775 14801 1930 2775 14802 1958 2876 14803 1932 2773 14804 2019 2674 14805 2016 2676 14806 2000 2875 14807 2000 2875 14808 2016 2676 14809 1998 2877 14810 2000 2875 14811 1998 2877 14812 1958 2876 14813 1958 2876 14814 1998 2877 14815 1957 2878 14816 1958 2876 14817 1957 2878 14818 1932 2773 14819 1932 2773 14820 1957 2878 14821 1933 2771 14822 2016 2676 14823 2014 2678 14824 1998 2877 14825 1998 2877 14826 2014 2678 14827 1995 2770 14828 1998 2877 14829 1995 2770 14830 1957 2878 14831 1957 2878 14832 1995 2770 14833 1954 2769 14834 1957 2878 14835 1954 2769 14836 1933 2771 14837 1933 2771 14838 1954 2769 14839 1931 2768 14840 1981 2686 14841 1940 2688 14842 1959 2757 14843 1959 2757 14844 1940 2688 14845 1924 2879 14846 1959 2757 14847 1924 2879 14848 1920 2755 14849 1920 2755 14850 1924 2879 14851 1887 2701 14852 1920 2755 14853 1887 2701 14854 1889 2703 14855 1940 2688 14856 1923 2690 14857 1924 2879 14858 1924 2879 14859 1923 2690 14860 1893 2880 14861 1924 2879 14862 1893 2880 14863 1887 2701 14864 1887 2701 14865 1893 2880 14866 1870 2699 14867 1923 2690 14868 1891 2692 14869 1893 2880 14870 1893 2880 14871 1891 2692 14872 1879 2697 14873 1893 2880 14874 1879 2697 14875 1870 2699 14876 1856 2695 14877 1879 2697 14878 1864 2694 14879 1864 2694 14880 1879 2697 14881 1891 2692 14882 1101 2317 14883 1102 2318 14884 1108 2881 14885 1108 2881 14886 1102 2318 14887 1105 2328 14888 1108 2881 14889 1105 2328 14890 1107 2327 14891 1108 2881 14892 1107 2327 14893 1111 2882 14894 1111 2882 14895 1107 2327 14896 1112 2326 14897 1111 2882 14898 1112 2326 14899 1117 2883 14900 1117 2883 14901 1112 2326 14902 1121 2325 14903 1117 2883 14904 1121 2325 14905 1131 2324 14906 1137 2323 14907 1151 2884 14908 1131 2324 14909 1131 2324 14910 1151 2884 14911 1142 2885 14912 1131 2324 14913 1142 2885 14914 1117 2883 14915 1117 2883 14916 1142 2885 14917 1135 2886 14918 1117 2883 14919 1135 2886 14920 1129 2887 14921 1129 2887 14922 1135 2886 14923 1145 2888 14924 1129 2887 14925 1145 2888 14926 1138 2889 14927 1138 2889 14928 1145 2888 14929 1163 2890 14930 1138 2889 14931 1163 2890 14932 1139 2891 14933 1139 2891 14934 1163 2890 14935 1156 2892 14936 1139 2891 14937 1156 2892 14938 1140 2893 14939 1140 2893 14940 1156 2892 14941 1158 2894 14942 1140 2893 14943 1158 2894 14944 1141 2895 14945 1141 2895 14946 1158 2894 14947 1177 2896 14948 1141 2895 14949 1177 2896 14950 1154 2897 14951 1154 2897 14952 1177 2896 14953 1281 2898 14954 1154 2897 14955 1281 2898 14956 1146 2369 14957 1146 2369 14958 1281 2898 14959 1279 2367 14960 1279 2367 14961 1281 2898 14962 1369 2899 14963 1279 2367 14964 1369 2899 14965 1475 2368 14966 1475 2368 14967 1369 2899 14968 1467 2900 14969 1475 2368 14970 1467 2900 14971 1532 2901 14972 1532 2901 14973 1467 2900 14974 1411 2902 14975 1532 2901 14976 1411 2902 14977 1489 2903 14978 1489 2903 14979 1411 2902 14980 1384 2904 14981 1489 2903 14982 1384 2904 14983 1463 2905 14984 1463 2905 14985 1384 2904 14986 1371 2906 14987 1463 2905 14988 1371 2906 14989 1431 2907 14990 1431 2907 14991 1371 2906 14992 1357 2908 14993 1431 2907 14994 1357 2908 14995 1383 2909 14996 1383 2909 14997 1357 2908 14998 1354 2910 14999 1383 2909 15000 1354 2910 15001 1376 2911 15002 1376 2911 15003 1354 2910 15004 1341 2912 15005 1376 2911 15006 1341 2912 15007 1372 2913 15008 1372 2913 15009 1341 2912 15010 1337 2914 15011 1372 2913 15012 1337 2914 15013 1370 2915 15014 1370 2915 15015 1337 2914 15016 1336 2916 15017 1370 2915 15018 1336 2916 15019 1367 2917 15020 1367 2917 15021 1336 2916 15022 1338 2918 15023 1367 2917 15024 1338 2918 15025 1364 2919 15026 1364 2919 15027 1338 2918 15028 1342 2920 15029 1364 2919 15030 1342 2920 15031 1366 2921 15032 1366 2921 15033 1342 2920 15034 1344 2922 15035 1366 2921 15036 1344 2922 15037 1365 2923 15038 1365 2923 15039 1344 2922 15040 1345 2924 15041 1365 2923 15042 1345 2924 15043 1363 2925 15044 1363 2925 15045 1345 2924 15046 1340 2926 15047 1363 2925 15048 1340 2926 15049 1362 2927 15050 1362 2927 15051 1340 2926 15052 1339 2928 15053 1362 2927 15054 1339 2928 15055 1349 2929 15056 1349 2929 15057 1339 2928 15058 1325 2930 15059 1349 2929 15060 1325 2930 15061 1319 2931 15062 1319 2931 15063 1325 2930 15064 1318 2932 15065 1319 2931 15066 1318 2932 15067 1292 2933 15068 1292 2933 15069 1318 2932 15070 1293 2934 15071 1292 2933 15072 1293 2934 15073 1286 2935 15074 1286 2935 15075 1293 2934 15076 1305 2936 15077 1286 2935 15078 1305 2936 15079 1302 2937 15080 1302 2937 15081 1305 2936 15082 1324 2938 15083 1302 2937 15084 1324 2938 15085 1323 2939 15086 1323 2939 15087 1324 2938 15088 1344 2922 15089 1323 2939 15090 1344 2922 15091 1342 2920 15092 1137 2323 15093 1144 2321 15094 1151 2884 15095 1151 2884 15096 1144 2321 15097 1159 2940 15098 1151 2884 15099 1159 2940 15100 1170 2941 15101 1170 2941 15102 1159 2940 15103 1176 2942 15104 1170 2941 15105 1176 2942 15106 1185 2943 15107 1185 2943 15108 1176 2942 15109 1192 2944 15110 1185 2943 15111 1192 2944 15112 1200 2945 15113 1200 2945 15114 1192 2944 15115 1206 2946 15116 1200 2945 15117 1206 2946 15118 1213 2947 15119 1213 2947 15120 1206 2946 15121 1229 2948 15122 1213 2947 15123 1229 2948 15124 1244 2949 15125 1244 2949 15126 1229 2948 15127 1249 2950 15128 1244 2949 15129 1249 2950 15130 1290 2951 15131 1290 2951 15132 1249 2950 15133 1294 2952 15134 1290 2951 15135 1294 2952 15136 1307 2953 15137 1307 2953 15138 1294 2952 15139 1311 2954 15140 1307 2953 15141 1311 2954 15142 1336 2916 15143 1336 2916 15144 1311 2954 15145 1338 2918 15146 1144 2321 15147 1155 2320 15148 1159 2940 15149 1159 2940 15150 1155 2320 15151 1168 2955 15152 1159 2940 15153 1168 2955 15154 1176 2942 15155 1176 2942 15156 1168 2955 15157 1181 2956 15158 1176 2942 15159 1181 2956 15160 1192 2944 15161 1192 2944 15162 1181 2956 15163 1203 2957 15164 1192 2944 15165 1203 2957 15166 1206 2946 15167 1206 2946 15168 1203 2957 15169 1224 2958 15170 1206 2946 15171 1224 2958 15172 1229 2948 15173 1229 2948 15174 1224 2958 15175 1237 2959 15176 1229 2948 15177 1237 2959 15178 1249 2950 15179 1249 2950 15180 1237 2959 15181 1262 2960 15182 1249 2950 15183 1262 2960 15184 1294 2952 15185 1294 2952 15186 1262 2960 15187 1296 2961 15188 1294 2952 15189 1296 2961 15190 1311 2954 15191 1311 2954 15192 1296 2961 15193 1322 2962 15194 1311 2954 15195 1322 2962 15196 1338 2918 15197 1338 2918 15198 1322 2962 15199 1342 2920 15200 1168 2955 15201 1155 2320 15202 1171 2963 15203 1171 2963 15204 1155 2320 15205 1160 2319 15206 1171 2963 15207 1160 2319 15208 1174 2964 15209 1174 2964 15210 1160 2319 15211 1230 2965 15212 1174 2964 15213 1230 2965 15214 1187 2966 15215 1187 2966 15216 1230 2965 15217 1223 2967 15218 1187 2966 15219 1223 2967 15220 1212 2968 15221 1212 2968 15222 1223 2967 15223 1233 2969 15224 1212 2968 15225 1233 2969 15226 1224 2958 15227 1224 2958 15228 1233 2969 15229 1237 2959 15230 1223 2967 15231 1230 2965 15232 1235 2970 15233 1235 2970 15234 1230 2965 15235 1292 2933 15236 1235 2970 15237 1292 2933 15238 1248 2971 15239 1248 2971 15240 1292 2933 15241 1264 2972 15242 1248 2971 15243 1264 2972 15244 1247 2973 15245 1247 2973 15246 1264 2972 15247 1268 2974 15248 1247 2973 15249 1268 2974 15250 1266 2975 15251 1266 2975 15252 1268 2974 15253 1299 2976 15254 1266 2975 15255 1299 2976 15256 1296 2961 15257 1296 2961 15258 1299 2976 15259 1322 2962 15260 1362 2927 15261 1349 2929 15262 1397 2977 15263 1397 2977 15264 1349 2929 15265 1419 2978 15266 1397 2977 15267 1419 2978 15268 1392 2979 15269 1392 2979 15270 1419 2978 15271 1427 2980 15272 1392 2979 15273 1427 2980 15274 1424 2981 15275 1424 2981 15276 1427 2980 15277 1447 2982 15278 1424 2981 15279 1447 2982 15280 1444 2983 15281 1444 2983 15282 1447 2982 15283 1480 2984 15284 1444 2983 15285 1480 2984 15286 1477 2985 15287 1477 2985 15288 1480 2984 15289 1499 2986 15290 1477 2985 15291 1499 2986 15292 1504 2987 15293 1506 2988 15294 1491 2989 15295 1419 2978 15296 1419 2978 15297 1491 2989 15298 1452 2990 15299 1419 2978 15300 1452 2990 15301 1427 2980 15302 1427 2980 15303 1452 2990 15304 1447 2982 15305 1506 2988 15306 1500 2991 15307 1491 2989 15308 1491 2989 15309 1500 2991 15310 1483 2992 15311 1491 2989 15312 1483 2992 15313 1452 2990 15314 1452 2990 15315 1483 2992 15316 1447 2982 15317 1483 2992 15318 1500 2991 15319 1480 2984 15320 1480 2984 15321 1500 2991 15322 1499 2986 15323 1477 2985 15324 1504 2987 15325 1478 2993 15326 1478 2993 15327 1504 2987 15328 1520 2994 15329 1478 2993 15330 1520 2994 15331 1484 2995 15332 1484 2995 15333 1520 2994 15334 1527 2996 15335 1484 2995 15336 1527 2996 15337 1496 2997 15338 1496 2997 15339 1527 2996 15340 1533 2998 15341 1496 2997 15342 1533 2998 15343 1547 2999 15344 1547 2999 15345 1533 2998 15346 1558 3000 15347 1547 2999 15348 1558 3000 15349 1557 3001 15350 1557 3001 15351 1558 3000 15352 1577 3002 15353 1557 3001 15354 1577 3002 15355 1576 3003 15356 1527 2996 15357 1542 3004 15358 1533 2998 15359 1533 2998 15360 1542 3004 15361 1558 3000 15362 1575 3005 15363 1550 3006 15364 1576 3003 15365 1576 3003 15366 1550 3006 15367 1563 3007 15368 1576 3003 15369 1563 3007 15370 1526 3008 15371 1526 3008 15372 1563 3007 15373 1490 3009 15374 1526 3008 15375 1490 3009 15376 1473 3010 15377 1473 3010 15378 1490 3009 15379 1454 3011 15380 1473 3010 15381 1454 3011 15382 1438 3012 15383 1438 3012 15384 1454 3011 15385 1410 3013 15386 1438 3012 15387 1410 3013 15388 1398 3014 15389 1398 3014 15390 1410 3013 15391 1370 2915 15392 1398 3014 15393 1370 2915 15394 1367 2917 15395 1574 2365 15396 1565 3015 15397 1575 3005 15398 1575 3005 15399 1565 3015 15400 1556 3016 15401 1575 3005 15402 1556 3016 15403 1564 3017 15404 1564 3017 15405 1556 3016 15406 1536 3018 15407 1564 3017 15408 1536 3018 15409 1550 3006 15410 1550 3006 15411 1536 3018 15412 1513 3019 15413 1550 3006 15414 1513 3019 15415 1529 3020 15416 1529 3020 15417 1513 3019 15418 1469 3021 15419 1529 3020 15420 1469 3021 15421 1490 3009 15422 1490 3009 15423 1469 3021 15424 1454 3011 15425 1565 3015 15426 1574 2365 15427 1532 2901 15428 1532 2901 15429 1574 2365 15430 1475 2368 15431 1154 2897 15432 1146 2369 15433 1120 3022 15434 1120 3022 15435 1146 2369 15436 1099 2315 15437 1120 3022 15438 1099 2315 15439 1109 3023 15440 1109 3023 15441 1099 2315 15442 1103 3024 15443 1109 3023 15444 1103 3024 15445 1115 3025 15446 1115 3025 15447 1103 3024 15448 1100 2316 15449 1115 3025 15450 1100 2316 15451 1104 3026 15452 1104 3026 15453 1100 2316 15454 1101 2317 15455 1104 3026 15456 1101 2317 15457 1110 3027 15458 1110 3027 15459 1101 2317 15460 1106 3028 15461 1110 3027 15462 1106 3028 15463 1118 3029 15464 1118 3029 15465 1106 3028 15466 1119 3030 15467 1118 3029 15468 1119 3030 15469 1138 2889 15470 1138 2889 15471 1119 3030 15472 1129 2887 15473 1099 2315 15474 1100 2316 15475 1103 3024 15476 1106 3028 15477 1101 2317 15478 1108 2881 15479 1117 2883 15480 1129 2887 15481 1111 2882 15482 1111 2882 15483 1129 2887 15484 1119 3030 15485 1111 2882 15486 1119 3030 15487 1108 2881 15488 1108 2881 15489 1119 3030 15490 1106 3028 15491 1181 2956 15492 1168 2955 15493 1171 2963 15494 1171 2963 15495 1174 2964 15496 1183 3031 15497 1183 3031 15498 1174 2964 15499 1187 2966 15500 1183 3031 15501 1187 2966 15502 1212 2968 15503 1142 2885 15504 1151 2884 15505 1162 3032 15506 1162 3032 15507 1151 2884 15508 1170 2941 15509 1162 3032 15510 1170 2941 15511 1180 3033 15512 1180 3033 15513 1170 2941 15514 1185 2943 15515 1180 3033 15516 1185 2943 15517 1190 3034 15518 1190 3034 15519 1185 2943 15520 1200 2945 15521 1190 3034 15522 1200 2945 15523 1204 3035 15524 1204 3035 15525 1200 2945 15526 1213 2947 15527 1204 3035 15528 1213 2947 15529 1241 3036 15530 1241 3036 15531 1213 2947 15532 1244 2949 15533 1241 3036 15534 1244 2949 15535 1289 3037 15536 1289 3037 15537 1244 2949 15538 1290 2951 15539 1289 3037 15540 1290 2951 15541 1304 3038 15542 1304 3038 15543 1290 2951 15544 1307 2953 15545 1304 3038 15546 1307 2953 15547 1337 2914 15548 1337 2914 15549 1307 2953 15550 1336 2916 15551 1135 2886 15552 1142 2885 15553 1157 3039 15554 1157 3039 15555 1142 2885 15556 1162 3032 15557 1157 3039 15558 1162 3032 15559 1178 3040 15560 1178 3040 15561 1162 3032 15562 1180 3033 15563 1178 3040 15564 1180 3033 15565 1184 3041 15566 1184 3041 15567 1180 3033 15568 1190 3034 15569 1184 3041 15570 1190 3034 15571 1201 3042 15572 1201 3042 15573 1190 3034 15574 1204 3035 15575 1201 3042 15576 1204 3035 15577 1234 3043 15578 1234 3043 15579 1204 3035 15580 1241 3036 15581 1234 3043 15582 1241 3036 15583 1285 3044 15584 1285 3044 15585 1241 3036 15586 1289 3037 15587 1285 3044 15588 1289 3037 15589 1303 3045 15590 1303 3045 15591 1289 3037 15592 1304 3038 15593 1303 3045 15594 1304 3038 15595 1341 2912 15596 1341 2912 15597 1304 3038 15598 1337 2914 15599 1223 2967 15600 1235 2970 15601 1238 3046 15602 1238 3046 15603 1235 2970 15604 1248 2971 15605 1238 3046 15606 1248 2971 15607 1247 2973 15608 1212 2968 15609 1203 2957 15610 1183 3031 15611 1183 3031 15612 1203 2957 15613 1181 2956 15614 1183 3031 15615 1181 2956 15616 1171 2963 15617 1203 2957 15618 1212 2968 15619 1224 2958 15620 1178 3040 15621 1173 3047 15622 1157 3039 15623 1157 3039 15624 1173 3047 15625 1145 2888 15626 1157 3039 15627 1145 2888 15628 1135 2886 15629 1145 2888 15630 1173 3047 15631 1163 2890 15632 1163 2890 15633 1173 3047 15634 1175 3048 15635 1163 2890 15636 1175 3048 15637 1156 2892 15638 1156 2892 15639 1175 3048 15640 1172 3049 15641 1156 2892 15642 1172 3049 15643 1158 2894 15644 1158 2894 15645 1172 3049 15646 1186 3050 15647 1158 2894 15648 1186 3050 15649 1177 2896 15650 1177 2896 15651 1186 3050 15652 1283 3051 15653 1177 2896 15654 1283 3051 15655 1281 2898 15656 1281 2898 15657 1283 3051 15658 1369 2899 15659 1173 3047 15660 1178 3040 15661 1179 3052 15662 1179 3052 15663 1178 3040 15664 1184 3041 15665 1179 3052 15666 1184 3041 15667 1191 3053 15668 1191 3053 15669 1184 3041 15670 1201 3042 15671 1191 3053 15672 1201 3042 15673 1231 3054 15674 1231 3054 15675 1201 3042 15676 1234 3043 15677 1231 3054 15678 1234 3043 15679 1282 3055 15680 1282 3055 15681 1234 3043 15682 1285 3044 15683 1282 3055 15684 1285 3044 15685 1306 3056 15686 1306 3056 15687 1285 3044 15688 1303 3045 15689 1306 3056 15690 1303 3045 15691 1354 2910 15692 1354 2910 15693 1303 3045 15694 1341 2912 15695 1118 3029 15696 1138 2889 15697 1139 2891 15698 1110 3027 15699 1118 3029 15700 1130 3057 15701 1130 3057 15702 1118 3029 15703 1139 2891 15704 1130 3057 15705 1139 2891 15706 1140 2893 15707 1104 3026 15708 1110 3027 15709 1115 3025 15710 1115 3025 15711 1110 3027 15712 1130 3057 15713 1115 3025 15714 1130 3057 15715 1128 3058 15716 1128 3058 15717 1130 3057 15718 1140 2893 15719 1128 3058 15720 1140 2893 15721 1141 2895 15722 1109 3023 15723 1115 3025 15724 1128 3058 15725 1264 2972 15726 1292 2933 15727 1286 2935 15728 1264 2972 15729 1286 2935 15730 1268 2974 15731 1268 2974 15732 1286 2935 15733 1302 2937 15734 1268 2974 15735 1302 2937 15736 1299 2976 15737 1299 2976 15738 1302 2937 15739 1323 2939 15740 1299 2976 15741 1323 2939 15742 1322 2962 15743 1322 2962 15744 1323 2939 15745 1342 2920 15746 1266 2975 15747 1262 2960 15748 1242 3059 15749 1242 3059 15750 1262 2960 15751 1237 2959 15752 1242 3059 15753 1237 2959 15754 1233 2969 15755 1262 2960 15756 1266 2975 15757 1296 2961 15758 1231 3054 15759 1222 3060 15760 1191 3053 15761 1191 3053 15762 1222 3060 15763 1182 3061 15764 1191 3053 15765 1182 3061 15766 1179 3052 15767 1179 3052 15768 1182 3061 15769 1175 3048 15770 1179 3052 15771 1175 3048 15772 1173 3047 15773 1222 3060 15774 1193 3062 15775 1182 3061 15776 1182 3061 15777 1193 3062 15778 1172 3049 15779 1182 3061 15780 1172 3049 15781 1175 3048 15782 1222 3060 15783 1231 3054 15784 1278 3063 15785 1278 3063 15786 1231 3054 15787 1282 3055 15788 1278 3063 15789 1282 3055 15790 1309 3064 15791 1309 3064 15792 1282 3055 15793 1306 3056 15794 1309 3064 15795 1306 3056 15796 1357 2908 15797 1357 2908 15798 1306 3056 15799 1354 2910 15800 1172 3049 15801 1193 3062 15802 1186 3050 15803 1186 3050 15804 1193 3062 15805 1280 3065 15806 1186 3050 15807 1280 3065 15808 1283 3051 15809 1283 3051 15810 1280 3065 15811 1355 3066 15812 1283 3051 15813 1355 3066 15814 1369 2899 15815 1369 2899 15816 1355 3066 15817 1467 2900 15818 1193 3062 15819 1222 3060 15820 1277 3067 15821 1277 3067 15822 1222 3060 15823 1278 3063 15824 1277 3067 15825 1278 3063 15826 1328 3068 15827 1328 3068 15828 1278 3063 15829 1309 3064 15830 1328 3068 15831 1309 3064 15832 1371 2906 15833 1371 2906 15834 1309 3064 15835 1357 2908 15836 1128 3058 15837 1141 2895 15838 1120 3022 15839 1120 3022 15840 1141 2895 15841 1154 2897 15842 1109 3023 15843 1128 3058 15844 1120 3022 15845 1238 3046 15846 1247 2973 15847 1242 3059 15848 1242 3059 15849 1247 2973 15850 1266 2975 15851 1238 3046 15852 1242 3059 15853 1233 2969 15854 1280 3065 15855 1277 3067 15856 1330 3069 15857 1330 3069 15858 1277 3067 15859 1328 3068 15860 1330 3069 15861 1328 3068 15862 1384 2904 15863 1384 2904 15864 1328 3068 15865 1371 2906 15866 1277 3067 15867 1280 3065 15868 1193 3062 15869 1305 2936 15870 1310 3070 15871 1326 3071 15872 1326 3071 15873 1310 3070 15874 1327 3072 15875 1326 3071 15876 1327 3072 15877 1340 2926 15878 1340 2926 15879 1327 3072 15880 1339 2928 15881 1310 3070 15882 1318 2932 15883 1327 3072 15884 1327 3072 15885 1318 2932 15886 1325 2930 15887 1327 3072 15888 1325 2930 15889 1339 2928 15890 1318 2932 15891 1310 3070 15892 1293 2934 15893 1293 2934 15894 1310 3070 15895 1305 2936 15896 1305 2936 15897 1326 3071 15898 1324 2938 15899 1324 2938 15900 1326 3071 15901 1345 2924 15902 1324 2938 15903 1345 2924 15904 1344 2922 15905 1345 2924 15906 1326 3071 15907 1340 2926 15908 1280 3065 15909 1330 3069 15910 1355 3066 15911 1355 3066 15912 1330 3069 15913 1411 2902 15914 1355 3066 15915 1411 2902 15916 1467 2900 15917 1411 2902 15918 1330 3069 15919 1384 2904 15920 1397 2977 15921 1392 2979 15922 1362 2927 15923 1362 2927 15924 1392 2979 15925 1363 2925 15926 1365 2923 15927 1363 2925 15928 1391 3073 15929 1391 3073 15930 1363 2925 15931 1392 2979 15932 1391 3073 15933 1392 2979 15934 1424 2981 15935 1366 2921 15936 1365 2923 15937 1389 3074 15938 1389 3074 15939 1365 2923 15940 1391 3073 15941 1389 3074 15942 1391 3073 15943 1423 3075 15944 1423 3075 15945 1391 3073 15946 1424 2981 15947 1423 3075 15948 1424 2981 15949 1444 2983 15950 1364 2919 15951 1366 2921 15952 1390 3076 15953 1390 3076 15954 1366 2921 15955 1389 3074 15956 1390 3076 15957 1389 3074 15958 1422 3077 15959 1422 3077 15960 1389 3074 15961 1423 3075 15962 1422 3077 15963 1423 3075 15964 1443 3078 15965 1443 3078 15966 1423 3075 15967 1444 2983 15968 1443 3078 15969 1444 2983 15970 1477 2985 15971 1367 2917 15972 1364 2919 15973 1393 3079 15974 1393 3079 15975 1364 2919 15976 1390 3076 15977 1393 3079 15978 1390 3076 15979 1425 3080 15980 1425 3080 15981 1390 3076 15982 1422 3077 15983 1425 3080 15984 1422 3077 15985 1446 3081 15986 1446 3081 15987 1422 3077 15988 1443 3078 15989 1446 3081 15990 1443 3078 15991 1478 2993 15992 1478 2993 15993 1443 3078 15994 1477 2985 15995 1370 2915 15996 1410 3013 15997 1372 2913 15998 1372 2913 15999 1410 3013 16000 1428 3082 16001 1372 2913 16002 1428 3082 16003 1376 2911 16004 1376 2911 16005 1428 3082 16006 1442 3083 16007 1376 2911 16008 1442 3083 16009 1383 2909 16010 1383 2909 16011 1442 3083 16012 1486 3084 16013 1383 2909 16014 1486 3084 16015 1431 2907 16016 1431 2907 16017 1486 3084 16018 1519 3085 16019 1431 2907 16020 1519 3085 16021 1463 2905 16022 1463 2905 16023 1519 3085 16024 1539 3086 16025 1463 2905 16026 1539 3086 16027 1489 2903 16028 1489 2903 16029 1539 3086 16030 1565 3015 16031 1489 2903 16032 1565 3015 16033 1532 2901 16034 1565 3015 16035 1539 3086 16036 1556 3016 16037 1556 3016 16038 1539 3086 16039 1519 3085 16040 1556 3016 16041 1519 3085 16042 1536 3018 16043 1536 3018 16044 1519 3085 16045 1486 3084 16046 1536 3018 16047 1486 3084 16048 1513 3019 16049 1513 3019 16050 1486 3084 16051 1442 3083 16052 1513 3019 16053 1442 3083 16054 1469 3021 16055 1469 3021 16056 1442 3083 16057 1428 3082 16058 1469 3021 16059 1428 3082 16060 1454 3011 16061 1454 3011 16062 1428 3082 16063 1410 3013 16064 1398 3014 16065 1393 3079 16066 1430 3087 16067 1430 3087 16068 1393 3079 16069 1425 3080 16070 1430 3087 16071 1425 3080 16072 1455 3088 16073 1455 3088 16074 1425 3080 16075 1446 3081 16076 1455 3088 16077 1446 3081 16078 1484 2995 16079 1484 2995 16080 1446 3081 16081 1478 2993 16082 1393 3079 16083 1398 3014 16084 1367 2917 16085 1398 3014 16086 1430 3087 16087 1438 3012 16088 1438 3012 16089 1430 3087 16090 1465 3089 16091 1438 3012 16092 1465 3089 16093 1473 3010 16094 1473 3010 16095 1465 3089 16096 1514 3090 16097 1473 3010 16098 1514 3090 16099 1526 3008 16100 1526 3008 16101 1514 3090 16102 1557 3001 16103 1526 3008 16104 1557 3001 16105 1576 3003 16106 1465 3089 16107 1430 3087 16108 1455 3088 16109 1547 2999 16110 1557 3001 16111 1514 3090 16112 1529 3020 16113 1490 3009 16114 1563 3007 16115 1547 2999 16116 1514 3090 16117 1496 2997 16118 1496 2997 16119 1514 3090 16120 1465 3089 16121 1496 2997 16122 1465 3089 16123 1455 3088 16124 1455 3088 16125 1484 2995 16126 1496 2997 16127 1447 2982 16128 1483 2992 16129 1480 2984 16130 1564 3017 16131 1550 3006 16132 1575 3005 16133 1550 3006 16134 1529 3020 16135 1563 3007 16136 1238 3046 16137 1233 2969 16138 1223 2967 16139 1912 3091 16140 1869 2344 16141 1880 3092 16142 1880 3092 16143 1869 2344 16144 1878 2342 16145 1880 3092 16146 1878 2342 16147 1908 3093 16148 1908 3093 16149 1878 2342 16150 1918 2340 16151 1908 3093 16152 1918 2340 16153 1934 3094 16154 1934 3094 16155 1918 2340 16156 1947 3095 16157 1934 3094 16158 1947 3095 16159 1985 3096 16160 1985 3096 16161 1947 3095 16162 2023 3097 16163 1985 3096 16164 2023 3097 16165 2048 3098 16166 2048 3098 16167 2023 3097 16168 2084 3099 16169 2048 3098 16170 2084 3099 16171 2112 3100 16172 2112 3100 16173 2084 3099 16174 2157 3101 16175 2112 3100 16176 2157 3101 16177 2169 3102 16178 2169 3102 16179 2157 3101 16180 2213 2349 16181 2169 3102 16182 2213 2349 16183 2176 3103 16184 2176 3103 16185 2213 2349 16186 2212 2350 16187 2176 3103 16188 2212 2350 16189 2184 3104 16190 2184 3104 16191 2212 2350 16192 2211 2351 16193 2184 3104 16194 2211 2351 16195 2199 3105 16196 1918 2340 16197 1993 2338 16198 1947 3095 16199 1947 3095 16200 1993 2338 16201 1986 3106 16202 1947 3095 16203 1986 3106 16204 2023 3097 16205 2023 3097 16206 1986 3106 16207 2066 3107 16208 2023 3097 16209 2066 3107 16210 2084 3099 16211 2084 3099 16212 2066 3107 16213 2138 3108 16214 2084 3099 16215 2138 3108 16216 2157 3101 16217 2157 3101 16218 2138 3108 16219 2214 2348 16220 2157 3101 16221 2214 2348 16222 2213 2349 16223 1986 3106 16224 1993 2338 16225 2039 3109 16226 2039 3109 16227 1993 2338 16228 2068 2335 16229 2039 3109 16230 2068 2335 16231 2100 3110 16232 2100 3110 16233 2068 2335 16234 2216 2334 16235 2100 3110 16236 2216 2334 16237 2215 2347 16238 2100 3110 16239 2215 2347 16240 2129 3111 16241 2129 3111 16242 2215 2347 16243 2214 2348 16244 2129 3111 16245 2214 2348 16246 2138 3108 16247 2199 3105 16248 2181 3112 16249 2184 3104 16250 2184 3104 16251 2181 3112 16252 2162 3113 16253 2184 3104 16254 2162 3113 16255 2153 3114 16256 2153 3114 16257 2162 3113 16258 2116 3115 16259 2153 3114 16260 2116 3115 16261 2095 3116 16262 2095 3116 16263 2116 3115 16264 2072 3117 16265 2095 3116 16266 2072 3117 16267 2049 3118 16268 2049 3118 16269 2072 3117 16270 2036 3119 16271 2049 3118 16272 2036 3119 16273 2002 3120 16274 2002 3120 16275 2036 3119 16276 1950 3121 16277 2002 3120 16278 1950 3121 16279 1929 3122 16280 1929 3122 16281 1950 3121 16282 1894 3123 16283 1929 3122 16284 1894 3123 16285 1880 3092 16286 1880 3092 16287 1894 3123 16288 1912 3091 16289 2181 3112 16290 2158 3124 16291 2162 3113 16292 2162 3113 16293 2158 3124 16294 2134 3125 16295 2162 3113 16296 2134 3125 16297 2116 3115 16298 2116 3115 16299 2134 3125 16300 2089 3126 16301 2116 3115 16302 2089 3126 16303 2072 3117 16304 2072 3117 16305 2089 3126 16306 2063 3127 16307 2072 3117 16308 2063 3127 16309 2036 3119 16310 2036 3119 16311 2063 3127 16312 1989 3128 16313 2036 3119 16314 1989 3128 16315 1950 3121 16316 1950 3121 16317 1989 3128 16318 1925 3129 16319 1950 3121 16320 1925 3129 16321 1894 3123 16322 1894 3123 16323 1925 3129 16324 1912 3091 16325 2158 3124 16326 2099 3130 16327 2134 3125 16328 2134 3125 16329 2099 3130 16330 2104 3131 16331 2134 3125 16332 2104 3131 16333 2089 3126 16334 2089 3126 16335 2104 3131 16336 2071 3132 16337 2089 3126 16338 2071 3132 16339 2063 3127 16340 2063 3127 16341 2071 3132 16342 2022 3133 16343 2063 3127 16344 2022 3133 16345 1989 3128 16346 1989 3128 16347 2022 3133 16348 1942 3134 16349 1989 3128 16350 1942 3134 16351 1925 3129 16352 1925 3129 16353 1942 3134 16354 1912 3091 16355 2104 3131 16356 2099 3130 16357 2085 3135 16358 2085 3135 16359 2099 3130 16360 2067 3136 16361 2085 3135 16362 2067 3136 16363 2050 3137 16364 2050 3137 16365 2067 3136 16366 2037 3138 16367 2050 3137 16368 2037 3138 16369 2004 3139 16370 2004 3139 16371 2037 3138 16372 2003 3140 16373 2004 3139 16374 2003 3140 16375 1988 3141 16376 1988 3141 16377 1984 3142 16378 2004 3139 16379 2004 3139 16380 1984 3142 16381 1952 3143 16382 2004 3139 16383 1952 3143 16384 1990 3144 16385 1990 3144 16386 1952 3143 16387 1965 3145 16388 1990 3144 16389 1965 3145 16390 2038 3146 16391 2038 3146 16392 1965 3145 16393 2022 3133 16394 2038 3146 16395 2022 3133 16396 2071 3132 16397 1965 3145 16398 1952 3143 16399 1942 3134 16400 1942 3134 16401 1952 3143 16402 1912 3091 16403 2022 3133 16404 1965 3145 16405 1942 3134 16406 2050 3137 16407 2004 3139 16408 1990 3144 16409 2050 3137 16410 1990 3144 16411 2038 3146 16412 1880 3092 16413 1908 3093 16414 1929 3122 16415 1929 3122 16416 1908 3093 16417 1960 3147 16418 1929 3122 16419 1960 3147 16420 2002 3120 16421 2002 3120 16422 1960 3147 16423 2024 3148 16424 2002 3120 16425 2024 3148 16426 2049 3118 16427 2049 3118 16428 2024 3148 16429 2078 3149 16430 2049 3118 16431 2078 3149 16432 2095 3116 16433 2095 3116 16434 2078 3149 16435 2132 3150 16436 2095 3116 16437 2132 3150 16438 2153 3114 16439 2153 3114 16440 2132 3150 16441 2176 3103 16442 2153 3114 16443 2176 3103 16444 2184 3104 16445 2085 3135 16446 2050 3137 16447 2038 3146 16448 2085 3135 16449 2038 3146 16450 2071 3132 16451 1934 3094 16452 1985 3096 16453 1960 3147 16454 1960 3147 16455 1985 3096 16456 2024 3148 16457 2078 3149 16458 2024 3148 16459 2048 3098 16460 2048 3098 16461 2024 3148 16462 1985 3096 16463 2085 3135 16464 2071 3132 16465 2104 3131 16466 1908 3093 16467 1934 3094 16468 1960 3147 16469 1986 3106 16470 2039 3109 16471 2066 3107 16472 2066 3107 16473 2039 3109 16474 2129 3111 16475 2066 3107 16476 2129 3111 16477 2138 3108 16478 2100 3110 16479 2129 3111 16480 2039 3109 16481 2078 3149 16482 2048 3098 16483 2112 3100 16484 2078 3149 16485 2112 3100 16486 2132 3150 16487 2132 3150 16488 2112 3100 16489 2169 3102 16490 2132 3150 16491 2169 3102 16492 2176 3103 16493 1984 3142 16494 1988 3141 16495 2069 2790 16496 2069 2790 16497 1988 3141 16498 2094 2652 16499 2094 2652 16500 1988 3141 16501 2003 3140 16502 2094 2652 16503 2003 3140 16504 2037 3138 16505 2094 2652 16506 2037 3138 16507 2179 2648 16508 2179 2648 16509 2037 3138 16510 2067 3136 16511 2179 2648 16512 2067 3136 16513 2099 3130 16514 2099 3130 16515 2158 3124 16516 2179 2648 16517 2179 2648 16518 2158 3124 16519 2255 2352 16520 2255 2352 16521 2158 3124 16522 2181 3112 16523 2255 2352 16524 2181 3112 16525 2199 3105 16526 2199 3105 16527 2211 2351 16528 2255 2352 16529 1951 3151 16530 1983 3152 16531 1939 3153 16532 1939 3153 16533 1983 3152 16534 1955 3154 16535 1939 3153 16536 1955 3154 16537 1896 3155 16538 1896 3155 16539 1955 3154 16540 1913 3156 16541 1896 3155 16542 1913 3156 16543 1866 3157 16544 1866 3157 16545 1913 3156 16546 1865 3158 16547 1866 3157 16548 1867 3159 16549 1896 3155 16550 1896 3155 16551 1867 3159 16552 1881 3160 16553 1896 3155 16554 1881 3160 16555 1939 3153 16556 1939 3153 16557 1881 3160 16558 1897 3161 16559 1939 3153 16560 1897 3161 16561 1951 3151 16562 1951 3151 16563 1897 3161 16564 1911 3162 16565 1911 3162 16566 1897 3161 16567 1868 2346 16568 1867 3159 16569 1868 2346 16570 1881 3160 16571 1881 3160 16572 1868 2346 16573 1897 3161 16574 1445 3163 16575 1408 3164 16576 1466 3165 16577 1466 3165 16578 1408 3164 16579 1448 3166 16580 1466 3165 16581 1448 3166 16582 1515 3167 16583 1515 3167 16584 1448 3166 16585 1502 3168 16586 1515 3167 16587 1502 3168 16588 1554 2345 16589 1552 3169 16590 1516 3170 16591 1553 3171 16592 1553 3171 16593 1516 3170 16594 1534 3172 16595 1553 3171 16596 1534 3172 16597 1554 2345 16598 1554 2345 16599 1534 3172 16600 1515 3167 16601 1551 3173 16602 1501 3174 16603 1552 3169 16604 1552 3169 16605 1501 3174 16606 1516 3170 16607 1501 3174 16608 1445 3163 16609 1516 3170 16610 1516 3170 16611 1445 3163 16612 1466 3165 16613 1516 3170 16614 1466 3165 16615 1534 3172 16616 1534 3172 16617 1466 3165 16618 1515 3167 16619 1865 3158 16620 1551 3173 16621 1866 3157 16622 1866 3157 16623 1551 3173 16624 1552 3169 16625 1866 3157 16626 1552 3169 16627 1867 3159 16628 1867 3159 16629 1552 3169 16630 1553 3171 16631 1867 3159 16632 1553 3171 16633 1868 2346 16634 1868 2346 16635 1553 3171 16636 1554 2345 16637 1551 3173 16638 1506 2988 16639 1501 3174 16640 1501 3174 16641 1506 2988 16642 1419 2978 16643 1501 3174 16644 1419 2978 16645 1445 3163 16646 1445 3163 16647 1419 2978 16648 1349 2929 16649 1445 3163 16650 1349 2929 16651 1408 3164 16652 1408 3164 16653 1349 2929 16654 1319 2931 16655 1449 3175 16656 1409 3176 16657 1416 3177 16658 1416 3177 16659 1409 3176 16660 1401 3178 16661 1416 3177 16662 1401 3178 16663 1406 3179 16664 1406 3179 16665 1401 3178 16666 1387 3180 16667 1406 3179 16668 1387 3180 16669 1394 3181 16670 1394 3181 16671 1387 3180 16672 1385 3182 16673 1394 3181 16674 1385 3182 16675 1399 3183 16676 1399 3183 16677 1385 3182 16678 1386 3184 16679 1399 3183 16680 1386 3184 16681 1418 3185 16682 1418 3185 16683 1386 3184 16684 1396 3186 16685 1418 3185 16686 1396 3186 16687 1439 3187 16688 1439 3187 16689 1396 3186 16690 1400 3188 16691 1439 3187 16692 1400 3188 16693 1450 3189 16694 1450 3189 16695 1400 3188 16696 1388 3190 16697 1450 3189 16698 1388 3190 16699 1440 3191 16700 1440 3191 16701 1388 3190 16702 1407 3192 16703 1440 3191 16704 1407 3192 16705 1457 3193 16706 1457 3193 16707 1407 3192 16708 1405 3194 16709 1457 3193 16710 1405 3194 16711 1493 2339 16712 1493 2339 16713 1405 3194 16714 1395 2337 16715 1395 2337 16716 1405 3194 16717 1358 3195 16718 1395 2337 16719 1358 3195 16720 1320 2336 16721 1320 2336 16722 1358 3195 16723 1287 3196 16724 1320 2336 16725 1287 3196 16726 1199 2333 16727 1199 2333 16728 1287 3196 16729 1198 2332 16730 1198 2332 16731 1287 3196 16732 1267 3197 16733 1198 2332 16734 1267 3197 16735 1197 2331 16736 1197 2331 16737 1267 3197 16738 1261 3198 16739 1197 2331 16740 1261 3198 16741 1246 3199 16742 1246 3199 16743 1261 3198 16744 1276 3200 16745 1246 3199 16746 1276 3200 16747 1265 3201 16748 1265 3201 16749 1276 3200 16750 1291 3202 16751 1265 3201 16752 1291 3202 16753 1275 3203 16754 1275 3203 16755 1291 3202 16756 1295 3204 16757 1275 3203 16758 1295 3204 16759 1284 3205 16760 1284 3205 16761 1295 3204 16762 1300 3206 16763 1284 3205 16764 1300 3206 16765 1288 3207 16766 1288 3207 16767 1300 3206 16768 1321 3208 16769 1321 3208 16770 1300 3206 16771 1346 3209 16772 1321 3208 16773 1346 3209 16774 1360 3210 16775 1360 3210 16776 1346 3209 16777 1368 3211 16778 1360 3210 16779 1368 3211 16780 1377 3212 16781 1377 3212 16782 1368 3211 16783 1378 3213 16784 1377 3212 16785 1378 3213 16786 1386 3184 16787 1386 3184 16788 1378 3213 16789 1396 3186 16790 1385 3182 16791 1387 3180 16792 1377 3212 16793 1377 3212 16794 1387 3180 16795 1360 3210 16796 1284 3205 16797 1288 3207 16798 1263 3214 16799 1263 3214 16800 1288 3207 16801 1245 3215 16802 1263 3214 16803 1245 3215 16804 1243 3216 16805 1243 3216 16806 1245 3215 16807 1228 3217 16808 1243 3216 16809 1228 3217 16810 1225 3218 16811 1225 3218 16812 1228 3217 16813 1211 3219 16814 1225 3218 16815 1211 3219 16816 1195 2329 16817 1195 2329 16818 1211 3219 16819 1194 2322 16820 1225 3218 16821 1195 2329 16822 1232 3220 16823 1232 3220 16824 1195 2329 16825 1196 2330 16826 1232 3220 16827 1196 2330 16828 1236 3221 16829 1236 3221 16830 1196 2330 16831 1246 3199 16832 1236 3221 16833 1246 3199 16834 1265 3201 16835 1196 2330 16836 1197 2331 16837 1246 3199 16838 1541 2341 16839 1507 3222 16840 1493 2339 16841 1493 2339 16842 1507 3222 16843 1476 3223 16844 1493 2339 16845 1476 3223 16846 1457 3193 16847 1457 3193 16848 1476 3223 16849 1440 3191 16850 1555 2343 16851 1537 3224 16852 1541 2341 16853 1541 2341 16854 1537 3224 16855 1535 3225 16856 1541 2341 16857 1535 3225 16858 1528 3226 16859 1528 3226 16860 1535 3225 16861 1518 3227 16862 1528 3226 16863 1518 3227 16864 1505 3228 16865 1505 3228 16866 1518 3227 16867 1485 3229 16868 1505 3228 16869 1485 3229 16870 1479 3230 16871 1479 3230 16872 1485 3229 16873 1464 3231 16874 1479 3230 16875 1464 3231 16876 1453 3232 16877 1453 3232 16878 1464 3231 16879 1433 3233 16880 1453 3232 16881 1433 3233 16882 1418 3185 16883 1418 3185 16884 1433 3233 16885 1399 3183 16886 1503 3234 16887 1540 3235 16888 1555 2343 16889 1555 2343 16890 1540 3235 16891 1538 3236 16892 1555 2343 16893 1538 3236 16894 1537 3224 16895 1537 3224 16896 1538 3236 16897 1522 3237 16898 1537 3224 16899 1522 3237 16900 1521 3238 16901 1521 3238 16902 1522 3237 16903 1494 3239 16904 1521 3238 16905 1494 3239 16906 1492 3240 16907 1492 3240 16908 1494 3239 16909 1472 3241 16910 1492 3240 16911 1472 3241 16912 1470 3242 16913 1470 3242 16914 1472 3241 16915 1451 3243 16916 1470 3242 16917 1451 3243 16918 1441 3244 16919 1441 3244 16920 1451 3243 16921 1429 3245 16922 1441 3244 16923 1429 3245 16924 1417 3246 16925 1417 3246 16926 1429 3245 16927 1406 3179 16928 1417 3246 16929 1406 3179 16930 1394 3181 16931 1449 3175 16932 1474 3247 16933 1503 3234 16934 1503 3234 16935 1474 3247 16936 1497 3248 16937 1503 3234 16938 1497 3248 16939 1523 3249 16940 1523 3249 16941 1497 3248 16942 1522 3237 16943 1523 3249 16944 1522 3237 16945 1538 3236 16946 1523 3249 16947 1538 3236 16948 1540 3235 16949 1416 3177 16950 1432 3250 16951 1449 3175 16952 1449 3175 16953 1432 3250 16954 1456 3251 16955 1449 3175 16956 1456 3251 16957 1474 3247 16958 1474 3247 16959 1456 3251 16960 1472 3241 16961 1474 3247 16962 1472 3241 16963 1494 3239 16964 1406 3179 16965 1429 3245 16966 1416 3177 16967 1416 3177 16968 1429 3245 16969 1432 3250 16970 1429 3245 16971 1451 3243 16972 1432 3250 16973 1432 3250 16974 1451 3243 16975 1456 3251 16976 1451 3243 16977 1472 3241 16978 1456 3251 16979 1540 3235 16980 1503 3234 16981 1523 3249 16982 1522 3237 16983 1497 3248 16984 1494 3239 16985 1494 3239 16986 1497 3248 16987 1474 3247 16988 1417 3246 16989 1394 3181 16990 1399 3183 16991 1441 3244 16992 1417 3246 16993 1433 3233 16994 1433 3233 16995 1417 3246 16996 1399 3183 16997 1377 3212 16998 1386 3184 16999 1385 3182 17000 1470 3242 17001 1441 3244 17002 1464 3231 17003 1464 3231 17004 1441 3244 17005 1433 3233 17006 1492 3240 17007 1470 3242 17008 1485 3229 17009 1485 3229 17010 1470 3242 17011 1464 3231 17012 1521 3238 17013 1492 3240 17014 1518 3227 17015 1518 3227 17016 1492 3240 17017 1485 3229 17018 1537 3224 17019 1521 3238 17020 1535 3225 17021 1535 3225 17022 1521 3238 17023 1518 3227 17024 1541 2341 17025 1528 3226 17026 1524 3252 17027 1524 3252 17028 1528 3226 17029 1505 3228 17030 1524 3252 17031 1505 3228 17032 1498 3253 17033 1498 3253 17034 1505 3228 17035 1479 3230 17036 1498 3253 17037 1479 3230 17038 1471 3254 17039 1471 3254 17040 1479 3230 17041 1453 3232 17042 1471 3254 17043 1453 3232 17044 1439 3187 17045 1439 3187 17046 1453 3232 17047 1418 3185 17048 1378 3213 17049 1368 3211 17050 1359 3255 17051 1359 3255 17052 1368 3211 17053 1346 3209 17054 1359 3255 17055 1346 3209 17056 1317 3256 17057 1317 3256 17058 1346 3209 17059 1300 3206 17060 1317 3256 17061 1300 3206 17062 1295 3204 17063 1396 3186 17064 1378 3213 17065 1375 3257 17066 1375 3257 17067 1378 3213 17068 1359 3255 17069 1375 3257 17070 1359 3255 17071 1335 3258 17072 1335 3258 17073 1359 3255 17074 1317 3256 17075 1335 3258 17076 1317 3256 17077 1316 3259 17078 1316 3259 17079 1317 3256 17080 1295 3204 17081 1316 3259 17082 1295 3204 17083 1291 3202 17084 1396 3186 17085 1375 3257 17086 1400 3188 17087 1400 3188 17088 1375 3257 17089 1361 3260 17090 1400 3188 17091 1361 3260 17092 1388 3190 17093 1388 3190 17094 1361 3260 17095 1373 3261 17096 1388 3190 17097 1373 3261 17098 1407 3192 17099 1407 3192 17100 1373 3261 17101 1374 3262 17102 1407 3192 17103 1374 3262 17104 1405 3194 17105 1405 3194 17106 1374 3262 17107 1358 3195 17108 1361 3260 17109 1375 3257 17110 1335 3258 17111 1471 3254 17112 1439 3187 17113 1450 3189 17114 1498 3253 17115 1471 3254 17116 1481 3263 17117 1481 3263 17118 1471 3254 17119 1450 3189 17120 1481 3263 17121 1450 3189 17122 1440 3191 17123 1524 3252 17124 1498 3253 17125 1507 3222 17126 1507 3222 17127 1498 3253 17128 1481 3263 17129 1507 3222 17130 1481 3263 17131 1476 3223 17132 1476 3223 17133 1481 3263 17134 1440 3191 17135 1541 2341 17136 1524 3252 17137 1507 3222 17138 1361 3260 17139 1335 3258 17140 1347 3264 17141 1347 3264 17142 1335 3258 17143 1316 3259 17144 1347 3264 17145 1316 3259 17146 1308 3265 17147 1308 3265 17148 1316 3259 17149 1291 3202 17150 1308 3265 17151 1291 3202 17152 1276 3200 17153 1361 3260 17154 1347 3264 17155 1373 3261 17156 1373 3261 17157 1347 3264 17158 1348 3266 17159 1373 3261 17160 1348 3266 17161 1374 3262 17162 1374 3262 17163 1348 3266 17164 1329 3267 17165 1374 3262 17166 1329 3267 17167 1358 3195 17168 1358 3195 17169 1329 3267 17170 1287 3196 17171 1348 3266 17172 1347 3264 17173 1308 3265 17174 1243 3216 17175 1250 3268 17176 1263 3214 17177 1263 3214 17178 1250 3268 17179 1275 3203 17180 1263 3214 17181 1275 3203 17182 1284 3205 17183 1236 3221 17184 1265 3201 17185 1250 3268 17186 1250 3268 17187 1265 3201 17188 1275 3203 17189 1225 3218 17190 1232 3220 17191 1243 3216 17192 1243 3216 17193 1232 3220 17194 1250 3268 17195 1232 3220 17196 1236 3221 17197 1250 3268 17198 1348 3266 17199 1308 3265 17200 1301 3269 17201 1301 3269 17202 1308 3265 17203 1276 3200 17204 1301 3269 17205 1276 3200 17206 1261 3198 17207 1348 3266 17208 1301 3269 17209 1329 3267 17210 1329 3267 17211 1301 3269 17212 1267 3197 17213 1329 3267 17214 1267 3197 17215 1287 3196 17216 1267 3197 17217 1301 3269 17218 1261 3198 17219 1555 2343 17220 1554 2345 17221 1503 3234 17222 1503 3234 17223 1554 2345 17224 1502 3168 17225 1503 3234 17226 1502 3168 17227 1449 3175 17228 1449 3175 17229 1502 3168 17230 1448 3166 17231 1449 3175 17232 1448 3166 17233 1409 3176 17234 1409 3176 17235 1448 3166 17236 1408 3164 17237 1409 3176 17238 1319 2931 17239 1401 3178 17240 1401 3178 17241 1319 2931 17242 1292 2933 17243 1401 3178 17244 1292 2933 17245 1387 3180 17246 1387 3180 17247 1292 2933 17248 1360 3210 17249 1360 3210 17250 1292 2933 17251 1230 2965 17252 1360 3210 17253 1230 2965 17254 1321 3208 17255 1321 3208 17256 1230 2965 17257 1288 3207 17258 1288 3207 17259 1230 2965 17260 1245 3215 17261 1245 3215 17262 1230 2965 17263 1160 2319 17264 1245 3215 17265 1160 2319 17266 1228 3217 17267 1228 3217 17268 1160 2319 17269 1211 3219 17270 1211 3219 17271 1160 2319 17272 1194 2322 17273 1868 2346 17274 1869 2344 17275 1911 3162 17276 1911 3162 17277 1869 2344 17278 1912 3091 17279 1911 3162 17280 1912 3091 17281 1951 3151 17282 1951 3151 17283 1912 3091 17284 1952 3143 17285 1951 3151 17286 1952 3143 17287 1983 3152 17288 1983 3152 17289 1952 3143 17290 1984 3142 17291 1909 2781 17292 1865 3158 17293 1971 2786 17294 1971 2786 17295 1865 3158 17296 1913 3156 17297 1971 2786 17298 1913 3156 17299 2047 2662 17300 2047 2662 17301 1913 3156 17302 1955 3154 17303 2047 2662 17304 1955 3154 17305 2069 2790 17306 2069 2790 17307 1955 3154 17308 1983 3152 17309 1577 3002 17310 1847 2704 17311 1576 3003 17312 1576 3003 17313 1847 2704 17314 1846 2700 17315 1576 3003 17316 1846 2700 17317 1575 3005 17318 1575 3005 17319 1846 2700 17320 1845 2696 17321 1575 3005 17322 1845 2696 17323 1574 2365 17324 1574 2365 17325 1845 2696 17326 1844 2366 17327 1984 3142 17328 2069 2790 17329 1983 3152 17330 1865 3158 17331 1909 2781 17332 1551 3173 17333 1551 3173 17334 1909 2781 17335 1506 2988 17336 1506 2988 17337 1909 2781 17338 1914 2774 17339 1506 2988 17340 1914 2774 17341 1500 2991 17342 1500 2991 17343 1914 2774 17344 1499 2986 17345 1499 2986 17346 1914 2774 17347 1577 3002 17348 1499 2986 17349 1577 3002 17350 1504 2987 17351 1504 2987 17352 1577 3002 17353 1520 2994 17354 1520 2994 17355 1577 3002 17356 1527 2996 17357 1527 2996 17358 1577 3002 17359 1542 3004 17360 1542 3004 17361 1577 3002 17362 1558 3000 17363 1914 2774 17364 1915 2772 17365 1577 3002 17366 1577 3002 17367 1915 2772 17368 1847 2704 17369 1847 2704 17370 1915 2772 17371 1910 2767 17372 1847 2704 17373 1910 2767 17374 1892 2763 17375 1892 2763 17376 1888 2759 17377 1847 2704 17378 1847 2704 17379 1888 2759 17380 1877 2753 17381 1847 2704 17382 1877 2753 17383 1863 2705 17384 1408 3164 17385 1319 2931 17386 1409 3176 17387 834 3270 17388 833 2229 17389 807 3271 17390 807 3271 17391 833 2229 17392 806 2231 17393 807 3271 17394 806 2231 17395 762 2233 17396 716 2034 17397 717 2035 17398 762 2233 17399 762 2233 17400 717 2035 17401 763 3272 17402 762 2233 17403 763 3272 17404 807 3271 17405 1615 3273 17406 1530 0 17407 1616 3274 17408 1616 3274 17409 1530 0 17410 1509 0 17411 1616 3274 17412 1509 0 17413 1413 0 17414 1804 0 17415 1972 0 17416 1615 3273 17417 1615 3273 17418 1972 0 17419 2118 3275 17420 1615 3273 17421 2118 3275 17422 1029 3276 17423 1029 3276 17424 2118 3275 17425 833 2229 17426 1029 3276 17427 833 2229 17428 898 3277 17429 898 3277 17430 833 2229 17431 874 3278 17432 874 3278 17433 833 2229 17434 844 3279 17435 844 3279 17436 833 2229 17437 837 3280 17438 837 3280 17439 833 2229 17440 834 3270 17441 837 3280 17442 834 3270 17443 845 3281 17444 845 3281 17445 834 3270 17446 875 3282 17447 875 3282 17448 834 3270 17449 899 3283 17450 899 3283 17451 834 3270 17452 1113 3284 17453 899 3283 17454 1113 3284 17455 1124 3285 17456 1805 3286 17457 1884 0 17458 1804 0 17459 1804 0 17460 1884 0 17461 1902 0 17462 1804 0 17463 1902 0 17464 1901 0 17465 1901 0 17466 1902 0 17467 1973 0 17468 1973 0 17469 1902 0 17470 1974 0 17471 1973 0 17472 1974 0 17473 2119 0 17474 2119 0 17475 1974 0 17476 2120 0 17477 2119 0 17478 2120 0 17479 2380 0 17480 2380 0 17481 2120 0 17482 2245 0 17483 2380 0 17484 2245 0 17485 2285 0 17486 1616 3274 17487 834 3270 17488 1805 3286 17489 1805 3286 17490 834 3270 17491 2464 3287 17492 1805 3286 17493 2464 3287 17494 2121 3288 17495 2121 3288 17496 2464 3287 17497 2246 3289 17498 2246 3289 17499 2464 3287 17500 2286 3290 17501 2286 3290 17502 2464 3287 17503 2301 3291 17504 2301 3291 17505 2464 3287 17506 2414 3292 17507 2301 3291 17508 2414 3292 17509 2285 0 17510 2285 0 17511 2414 3292 17512 2380 0 17513 1090 3293 17514 1097 3294 17515 1615 3273 17516 1615 3273 17517 1097 3294 17518 1091 3295 17519 1615 3273 17520 1091 3295 17521 1269 3296 17522 1269 3296 17523 1091 3295 17524 1064 3297 17525 1269 3296 17526 1064 3297 17527 1030 0 17528 1006 3298 17529 933 0 17530 1030 0 17531 1030 0 17532 933 0 17533 899 3283 17534 1030 0 17535 899 3283 17536 1124 3285 17537 933 0 17538 1006 3298 17539 960 3299 17540 960 3299 17541 1006 3298 17542 976 3300 17543 960 3299 17544 976 3300 17545 968 3301 17546 975 3302 17547 959 0 17548 968 3301 17549 968 3301 17550 959 0 17551 966 0 17552 968 3301 17553 966 0 17554 960 3299 17555 959 0 17556 975 3302 17557 932 3303 17558 932 3303 17559 975 3302 17560 1005 3304 17561 932 3303 17562 1005 3304 17563 1029 3276 17564 1029 3276 17565 1063 3305 17566 1615 3273 17567 1615 3273 17568 1063 3305 17569 1090 3293 17570 1413 0 17571 1270 3306 17572 1616 3274 17573 1616 3274 17574 1270 3306 17575 834 3270 17576 1270 3306 17577 1165 3307 17578 834 3270 17579 834 3270 17580 1165 3307 17581 1125 3308 17582 834 3270 17583 1125 3308 17584 1113 3284 17585 1124 3285 17586 1164 0 17587 1030 0 17588 1030 0 17589 1164 0 17590 1269 3296 17591 1269 3296 17592 1412 3309 17593 1615 3273 17594 1615 3273 17595 1412 3309 17596 1508 0 17597 1615 3273 17598 1508 0 17599 1530 0 17600 2283 0 17601 2300 0 17602 2318 0 17603 2318 0 17604 2300 0 17605 2284 0 17606 2318 0 17607 2284 0 17608 2326 0 17609 2326 0 17610 2284 0 17611 2244 0 17612 2326 0 17613 2244 0 17614 2356 0 17615 2356 0 17616 2244 0 17617 2119 0 17618 2356 0 17619 2119 0 17620 2380 0 17621 1901 0 17622 1883 0 17623 1804 0 17624 1804 0 17625 1883 0 17626 1900 0 17627 1804 0 17628 1900 0 17629 1972 0 17630 2243 0 17631 2355 0 17632 2118 3275 17633 2118 3275 17634 2355 0 17635 2379 3310 17636 2118 3275 17637 2379 3310 17638 2463 2239 17639 2463 2239 17640 2379 3310 17641 2413 3311 17642 2463 2239 17643 2413 3311 17644 2440 3312 17645 2355 0 17646 2243 0 17647 2325 0 17648 2325 0 17649 2243 0 17650 2283 0 17651 2325 0 17652 2283 0 17653 2318 0 17654 2121 3288 17655 1975 3313 17656 1805 3286 17657 1805 3286 17658 1975 3313 17659 1903 0 17660 1805 3286 17661 1903 0 17662 1884 0 17663 2440 3312 17664 2447 3314 17665 2463 2239 17666 2463 2239 17667 2447 3314 17668 2441 3315 17669 2463 2239 17670 2441 3315 17671 2464 3287 17672 2464 3287 17673 2441 3315 17674 2414 3292 17675 898 3277 17676 932 3303 17677 1029 3276 17678 2463 2239 17679 833 2229 17680 2118 3275 17681 2573 2633 17682 2572 2243 17683 2526 3316 17684 2526 3316 17685 2572 2243 17686 2525 2245 17687 2526 3316 17688 2525 2245 17689 2481 2247 17690 2463 2239 17691 2464 3287 17692 2481 2247 17693 2481 2247 17694 2464 3287 17695 2482 3317 17696 2481 2247 17697 2482 3317 17698 2526 3316 17699 3187 2641 17700 3186 2486 17701 3144 3318 17702 3144 3318 17703 3186 2486 17704 3143 2488 17705 3144 3318 17706 3143 2488 17707 3098 3319 17708 3098 3319 17709 3143 2488 17710 3097 2490 17711 3098 3319 17712 3097 2490 17713 3062 2634 17714 3062 2634 17715 3097 2490 17716 3061 2188 17717 3059 2461 17718 3095 2579 17719 3060 3320 17720 3060 3320 17721 3095 2579 17722 3096 3321 17723 3096 3321 17724 3095 2579 17725 3141 2581 17726 3096 3321 17727 3141 2581 17728 3142 3322 17729 3142 3322 17730 3141 2581 17731 3145 2576 17732 3142 3322 17733 3145 2576 17734 3146 2639 17735 430 1721 17736 279 1904 17737 431 1717 17738 431 1717 17739 279 1904 17740 234 1919 17741 234 1919 17742 279 1904 17743 233 1914 17744 233 1914 17745 279 1904 17746 273 1915 17747 233 1914 17748 273 1915 17749 265 1913 17750 3059 2461 17751 2571 2632 17752 2577 2460 17753 2577 2460 17754 2571 2632 17755 2570 2600 17756 2577 2460 17757 2570 2600 17758 2576 2587 17759 3059 2461 17760 3060 3320 17761 2571 2632 17762 442 1680 17763 441 1686 17764 245 1956 17765 245 1956 17766 441 1686 17767 244 1952 17768 244 1952 17769 441 1686 17770 243 1944 17771 243 1944 17772 441 1686 17773 440 1707 17774 243 1944 17775 440 1707 17776 242 1945 17777 242 1945 17778 440 1707 17779 439 1716 17780 242 1945 17781 439 1716 17782 241 1946 17783 241 1946 17784 439 1716 17785 438 1715 17786 241 1946 17787 438 1715 17788 240 1947 17789 240 1947 17790 438 1715 17791 437 1714 17792 240 1947 17793 437 1714 17794 239 1948 17795 239 1948 17796 437 1714 17797 436 1713 17798 239 1948 17799 436 1713 17800 238 1949 17801 238 1949 17802 436 1713 17803 435 1712 17804 238 1949 17805 435 1712 17806 237 1950 17807 237 1950 17808 435 1712 17809 434 1711 17810 237 1950 17811 434 1711 17812 236 1951 17813 236 1951 17814 434 1711 17815 433 1710 17816 236 1951 17817 433 1710 17818 235 1942 17819 235 1942 17820 433 1710 17821 432 1709 17822 235 1942 17823 432 1709 17824 234 1919 17825 234 1919 17826 432 1709 17827 431 1717 17828 2675 2147 17829 2684 2219 17830 2676 2142 17831 2676 2142 17832 2684 2219 17833 2677 2143 17834 2677 2143 17835 2684 2219 17836 2678 2141 17837 2678 2141 17838 2684 2219 17839 2679 2133 17840 2679 2133 17841 2684 2219 17842 2680 2129 17843 2680 2129 17844 2684 2219 17845 2686 2198 17846 2680 2129 17847 2686 2198 17848 2681 2121 17849 2681 2121 17850 2686 2198 17851 2682 2122 17852 2682 2122 17853 2686 2198 17854 2683 2123 17855 2683 2123 17856 2686 2198 17857 2687 2197 17858 2683 2123 17859 2687 2197 17860 2685 2124 17861 2685 2124 17862 2687 2197 17863 2689 2218 17864 2685 2124 17865 2689 2218 17866 2688 2125 17867 2688 2125 17868 2689 2218 17869 2690 2217 17870 2688 2125 17871 2690 2217 17872 2696 2126 17873 2696 2126 17874 2690 2217 17875 2697 2216 17876 2696 2126 17877 2697 2216 17878 2699 2195 17879 2705 2196 17880 2703 2092 17881 2699 2195 17882 2699 2195 17883 2703 2092 17884 2702 2098 17885 2699 2195 17886 2702 2098 17887 2701 2119 17888 2706 2082 17889 2704 2091 17890 2705 2196 17891 2705 2196 17892 2704 2091 17893 2703 2092 17894 2701 2119 17895 2700 2128 17896 2699 2195 17897 2699 2195 17898 2700 2128 17899 2698 2127 17900 2699 2195 17901 2698 2127 17902 2696 2126 17903 1614 3323 17904 822 2058 17905 1613 3324 17906 1613 3324 17907 822 2058 17908 821 1893 17909 1613 3324 17910 821 1893 17911 1802 3325 17912 1802 3325 17913 821 1893 17914 2451 2059 17915 1802 3325 17916 2451 2059 17917 2452 2629 17918 1614 3323 17919 1803 3326 17920 822 2058 17921 822 2058 17922 1803 3326 17923 2452 2629 17924 2452 2629 17925 1803 3326 17926 1802 3325 17927 1731 3327 17928 1732 3328 17929 1735 3329 17930 1735 3329 17931 1732 3328 17932 1736 3330 17933 1735 3329 17934 1736 3330 17935 1743 3331 17936 1743 3331 17937 1736 3330 17938 1744 3332 17939 1743 3331 17940 1744 3332 17941 1747 3333 17942 1747 3333 17943 1744 3332 17944 1749 3334 17945 1688 3335 17946 1732 3328 17947 1687 3336 17948 1687 3336 17949 1732 3328 17950 1731 3327 17951 1665 3337 17952 1667 3338 17953 1675 3339 17954 1675 3339 17955 1667 3338 17956 1676 3340 17957 1675 3339 17958 1676 3340 17959 1683 3341 17960 1683 3341 17961 1676 3340 17962 1684 3342 17963 1683 3341 17964 1684 3342 17965 1687 3336 17966 1687 3336 17967 1684 3342 17968 1688 3335 17969 1667 3338 17970 1665 3337 17971 1668 2 17972 1668 2 17973 1665 3337 17974 1666 3343 17975 1668 2 17976 1666 3343 17977 1669 3344 17978 1707 3345 17979 1708 3346 17980 1703 3347 17981 1703 3347 17982 1708 3346 17983 1704 3348 17984 1703 3347 17985 1704 3348 17986 1691 3349 17987 1691 3349 17988 1704 3348 17989 1692 3350 17990 1691 3349 17991 1692 3350 17992 1679 3351 17993 1679 3351 17994 1692 3350 17995 1680 3352 17996 1679 3351 17997 1680 3352 17998 1666 3343 17999 1666 3343 18000 1680 3352 18001 1669 3344 18002 1712 3353 18003 1708 3346 18004 1711 3354 18005 1711 3354 18006 1708 3346 18007 1707 3345 18008 1748 3355 18009 1751 3356 18010 1739 3357 18011 1739 3357 18012 1751 3356 18013 1740 3358 18014 1739 3357 18015 1740 3358 18016 1727 3359 18017 1727 3359 18018 1740 3358 18019 1728 3360 18020 1727 3359 18021 1728 3360 18022 1715 3361 18023 1715 3361 18024 1728 3360 18025 1716 3362 18026 1715 3361 18027 1716 3362 18028 1711 3354 18029 1711 3354 18030 1716 3362 18031 1712 3353 18032 1751 3356 18033 1748 3355 18034 1750 17 18035 1750 17 18036 1748 3355 18037 1747 3333 18038 1750 17 18039 1747 3333 18040 1749 3334 18041 1750 0 18042 1668 0 18043 1751 3363 18044 1751 3363 18045 1668 0 18046 1669 3364 18047 1751 3363 18048 1669 3364 18049 1680 3365 18050 1751 3363 18051 1680 3365 18052 1740 3366 18053 1740 3366 18054 1680 3365 18055 1692 3367 18056 1740 3366 18057 1692 3367 18058 1728 3368 18059 1728 3368 18060 1692 3367 18061 1704 3369 18062 1728 3368 18063 1704 3369 18064 1708 3370 18065 1708 3370 18066 1712 3371 18067 1728 3368 18068 1728 3368 18069 1712 3371 18070 1716 3372 18071 1748 23 18072 1731 23 18073 1747 23 18074 1747 23 18075 1731 23 18076 1735 23 18077 1747 23 18078 1735 23 18079 1743 23 18080 1739 23 18081 1727 23 18082 1748 23 18083 1748 23 18084 1727 23 18085 1715 23 18086 1748 23 18087 1715 23 18088 1711 23 18089 1748 23 18090 1711 23 18091 1687 23 18092 1687 23 18093 1711 23 18094 1707 23 18095 1687 23 18096 1707 23 18097 1666 3373 18098 1666 3373 18099 1707 23 18100 1703 23 18101 1666 3373 18102 1703 23 18103 1691 3374 18104 1691 3374 18105 1679 3375 18106 1666 3373 18107 1666 3373 18108 1665 23 18109 1687 23 18110 1687 23 18111 1665 23 18112 1683 23 18113 1683 23 18114 1665 23 18115 1675 23 18116 1687 23 18117 1731 23 18118 1748 23 18119 1714 3353 18120 1713 3376 18121 1718 3377 18122 1718 3377 18123 1713 3376 18124 1717 3378 18125 1718 3377 18126 1717 3378 18127 1730 3379 18128 1730 3379 18129 1717 3378 18130 1729 3380 18131 1730 3379 18132 1729 3380 18133 1742 3381 18134 1742 3381 18135 1729 3380 18136 1741 3382 18137 1742 3381 18138 1741 3382 18139 1756 3383 18140 1756 3383 18141 1741 3382 18142 1754 3384 18143 1709 3385 18144 1713 3376 18145 1710 3386 18146 1710 3386 18147 1713 3376 18148 1714 3353 18149 1674 3387 18150 1672 3388 18151 1682 3389 18152 1682 3389 18153 1672 3388 18154 1681 3390 18155 1682 3389 18156 1681 3390 18157 1694 3391 18158 1694 3391 18159 1681 3390 18160 1693 3392 18161 1694 3391 18162 1693 3392 18163 1706 3393 18164 1706 3393 18165 1693 3392 18166 1705 3394 18167 1706 3393 18168 1705 3394 18169 1710 3386 18170 1710 3386 18171 1705 3394 18172 1709 3385 18173 1672 3388 18174 1674 3387 18175 1671 2 18176 1671 2 18177 1674 3387 18178 1673 3395 18179 1671 2 18180 1673 3395 18181 1670 3396 18182 1690 3335 18183 1689 3336 18184 1686 3342 18185 1686 3342 18186 1689 3336 18187 1685 3397 18188 1686 3342 18189 1685 3397 18190 1678 3398 18191 1678 3398 18192 1685 3397 18193 1677 3399 18194 1678 3398 18195 1677 3399 18196 1673 3395 18197 1673 3395 18198 1677 3399 18199 1670 3396 18200 1733 3327 18201 1689 3336 18202 1734 3328 18203 1734 3328 18204 1689 3336 18205 1690 3335 18206 1755 3400 18207 1752 3401 18208 1746 3332 18209 1746 3332 18210 1752 3401 18211 1745 3402 18212 1746 3332 18213 1745 3402 18214 1738 3403 18215 1738 3403 18216 1745 3402 18217 1737 3404 18218 1738 3403 18219 1737 3404 18220 1734 3328 18221 1734 3328 18222 1737 3404 18223 1733 3327 18224 1752 3401 18225 1755 3400 18226 1753 17 18227 1753 17 18228 1755 3400 18229 1756 3383 18230 1753 17 18231 1756 3383 18232 1754 3384 18233 1753 23 18234 1754 3405 18235 1671 23 18236 1671 23 18237 1754 3405 18238 1672 23 18239 1672 23 18240 1754 3405 18241 1681 3406 18242 1681 3406 18243 1754 3405 18244 1741 3407 18245 1681 3406 18246 1741 3407 18247 1693 3408 18248 1693 3408 18249 1741 3407 18250 1729 3409 18251 1693 3408 18252 1729 3409 18253 1705 23 18254 1705 23 18255 1729 3409 18256 1709 23 18257 1709 23 18258 1729 3409 18259 1713 3410 18260 1713 3410 18261 1729 3409 18262 1717 3411 18263 1755 0 18264 1734 0 18265 1756 3412 18266 1756 3412 18267 1734 0 18268 1690 0 18269 1756 3412 18270 1690 0 18271 1714 0 18272 1714 0 18273 1690 0 18274 1710 0 18275 1710 0 18276 1690 0 18277 1674 3413 18278 1710 0 18279 1674 3413 18280 1706 0 18281 1706 0 18282 1674 3413 18283 1694 3414 18284 1694 3414 18285 1674 3413 18286 1682 3415 18287 1746 0 18288 1738 0 18289 1755 0 18290 1755 0 18291 1738 0 18292 1734 0 18293 1674 3413 18294 1690 0 18295 1673 0 18296 1673 0 18297 1690 0 18298 1686 0 18299 1673 0 18300 1686 0 18301 1678 0 18302 1714 0 18303 1718 0 18304 1756 3412 18305 1756 3412 18306 1718 0 18307 1730 3416 18308 1756 3412 18309 1730 3416 18310 1742 3415 18311 412 3417 18312 405 3418 18313 413 3419 18314 413 3419 18315 405 3418 18316 404 3420 18317 413 3419 18318 404 3420 18319 401 3421 18320 409 3422 18321 400 3423 18322 412 3417 18323 412 3417 18324 400 3423 18325 403 2 18326 412 3417 18327 403 2 18328 405 3418 18329 400 3423 18330 409 3422 18331 398 3424 18332 398 3424 18333 409 3422 18334 407 3425 18335 398 3424 18336 407 3425 18337 406 3426 18338 406 3426 18339 402 3427 18340 398 3424 18341 398 3424 18342 402 3427 18343 396 3428 18344 396 3428 18345 402 3427 18346 394 3429 18347 394 3429 18348 402 3427 18349 387 3430 18350 394 3429 18351 387 3430 18352 392 2 18353 392 2 18354 387 3430 18355 390 2 18356 390 2 18357 387 3430 18358 388 3431 18359 388 3431 18360 387 3430 18361 382 3432 18362 388 3431 18363 382 3432 18364 381 3433 18365 381 3433 18366 379 3434 18367 388 3431 18368 388 3431 18369 379 3434 18370 375 3435 18371 388 3431 18372 375 3435 18373 385 2 18374 385 2 18375 375 3435 18376 383 2 18377 383 2 18378 375 3435 18379 384 3436 18380 384 3436 18381 375 3435 18382 376 3437 18383 384 3436 18384 376 3437 18385 386 3438 18386 386 3438 18387 376 3437 18388 389 3439 18389 389 3439 18390 376 3437 18391 380 3440 18392 389 3439 18393 380 3440 18394 391 2 18395 391 2 18396 380 3440 18397 393 3441 18398 393 3441 18399 380 3440 18400 395 3442 18401 395 3442 18402 380 3440 18403 408 3443 18404 395 3442 18405 408 3443 18406 397 2 18407 397 2 18408 408 3443 18409 399 3444 18410 399 3444 18411 408 3443 18412 401 3421 18413 401 3421 18414 408 3443 18415 413 3419 18416 376 3437 18417 377 3445 18418 380 3440 18419 380 3440 18420 377 3445 18421 378 2 18422 410 2 18423 411 3446 18424 408 3443 18425 408 3443 18426 411 3446 18427 413 3419 18428 2912 3447 18429 2904 3448 18430 2911 3449 18431 2911 3449 18432 2904 3448 18433 2902 17 18434 2911 3449 18435 2902 17 18436 2899 3450 18437 2910 3451 18438 2907 3452 18439 2912 3447 18440 2912 3447 18441 2907 3452 18442 2900 3453 18443 2912 3447 18444 2900 3453 18445 2903 3454 18446 2910 3451 18447 2909 17 18448 2907 3452 18449 2879 3455 18450 2894 3456 18451 2907 3452 18452 2907 3452 18453 2894 3456 18454 2896 3457 18455 2907 3452 18456 2896 3457 18457 2898 3458 18458 2877 17 18459 2876 3459 18460 2879 3455 18461 2879 3455 18462 2876 3459 18463 2875 3460 18464 2879 3455 18465 2875 3460 18466 2888 17 18467 2888 17 18468 2875 3460 18469 2885 17 18470 2885 17 18471 2875 3460 18472 2883 17 18473 2883 17 18474 2875 3460 18475 2874 3461 18476 2883 17 18477 2874 3461 18478 2882 17 18479 2882 17 18480 2874 3461 18481 2884 3462 18482 2884 3462 18483 2874 3461 18484 2887 3463 18485 2887 3463 18486 2874 3461 18487 2878 3464 18488 2887 3463 18489 2878 3464 18490 2880 17 18491 2880 17 18492 2881 3465 18493 2887 3463 18494 2887 3463 18495 2881 3465 18496 2886 3466 18497 2887 3463 18498 2886 3466 18499 2889 17 18500 2889 17 18501 2886 3466 18502 2891 17 18503 2891 17 18504 2886 3466 18505 2893 17 18506 2893 17 18507 2886 3466 18508 2901 3467 18509 2893 17 18510 2901 3467 18511 2895 17 18512 2895 17 18513 2901 3467 18514 2897 3468 18515 2897 3468 18516 2901 3467 18517 2905 3469 18518 2897 3468 18519 2905 3469 18520 2906 3470 18521 2906 3470 18522 2908 3471 18523 2897 3468 18524 2897 3468 18525 2908 3471 18526 2899 3450 18527 2899 3450 18528 2908 3471 18529 2911 3449 18530 2888 17 18531 2890 17 18532 2879 3455 18533 2879 3455 18534 2890 17 18535 2892 3472 18536 2879 3455 18537 2892 3472 18538 2894 3456 18539 2898 3458 18540 2900 3453 18541 2907 3452 18542 2903 3454 18543 2904 3448 18544 2912 3447 18545 412 3473 18546 2911 3474 18547 409 3475 18548 409 3475 18549 2911 3474 18550 2908 3476 18551 409 3475 18552 2908 3476 18553 407 3477 18554 407 3477 18555 2908 3476 18556 2906 3478 18557 407 3477 18558 2906 3478 18559 406 3479 18560 406 3479 18561 2906 3478 18562 2905 3480 18563 406 3479 18564 2905 3480 18565 402 3481 18566 402 3481 18567 2905 3480 18568 2901 3482 18569 2901 3482 18570 2886 3483 18571 402 3481 18572 402 3481 18573 2886 3483 18574 387 3484 18575 387 3484 18576 2886 3483 18577 382 3485 18578 382 3485 18579 2886 3483 18580 2881 3486 18581 382 3485 18582 2881 3486 18583 381 3487 18584 381 3487 18585 2881 3486 18586 2880 3488 18587 381 3487 18588 2880 3488 18589 379 3489 18590 379 3489 18591 2880 3488 18592 2878 3490 18593 379 3489 18594 2878 3490 18595 375 3491 18596 375 3491 18597 2878 3490 18598 2874 3492 18599 1668 3493 18600 376 3494 18601 1667 3495 18602 1667 3495 18603 376 3494 18604 375 3491 18605 1667 3495 18606 375 3491 18607 1676 3496 18608 1676 3496 18609 375 3491 18610 1684 3497 18611 1684 3497 18612 375 3491 18613 1688 23 18614 1688 23 18615 375 3491 18616 1732 23 18617 1732 23 18618 375 3491 18619 2874 3492 18620 1732 23 18621 2874 3492 18622 1736 3497 18623 1736 3497 18624 2874 3492 18625 1744 3496 18626 1744 3496 18627 2874 3492 18628 1749 3495 18629 1749 3495 18630 2874 3492 18631 2875 3498 18632 1749 3495 18633 2875 3498 18634 1750 3499 18635 376 3494 18636 1668 3493 18637 377 3500 18638 377 3500 18639 1668 3493 18640 1750 3499 18641 377 3500 18642 1750 3499 18643 2876 3501 18644 2876 3501 18645 1750 3499 18646 2875 3498 18647 377 3500 18648 2876 3501 18649 378 3502 18650 378 3502 18651 2876 3501 18652 2877 3503 18653 378 3502 18654 2877 3503 18655 380 3504 18656 380 3504 18657 2877 3503 18658 2879 3505 18659 2879 3505 18660 2907 3506 18661 380 3504 18662 380 3504 18663 2907 3506 18664 408 3507 18665 408 3507 18666 2907 3506 18667 410 3508 18668 410 3508 18669 2907 3506 18670 2909 3509 18671 410 3508 18672 2909 3509 18673 411 3510 18674 411 3510 18675 2909 3509 18676 2910 3511 18677 411 3510 18678 2910 3511 18679 1671 3512 18680 1671 3512 18681 2910 3511 18682 1753 3513 18683 1753 3513 18684 2910 3511 18685 2912 3514 18686 1671 3512 18687 413 3515 18688 411 3510 18689 1753 3513 18690 2912 3514 18691 1752 3516 18692 1752 3516 18693 2912 3514 18694 2911 3474 18695 1752 3516 18696 2911 3474 18697 1745 3517 18698 1745 3517 18699 2911 3474 18700 1737 3518 18701 1737 3518 18702 2911 3474 18703 1733 0 18704 1733 0 18705 2911 3474 18706 412 3473 18707 1733 0 18708 412 3473 18709 1689 0 18710 1689 0 18711 412 3473 18712 1685 3518 18713 1685 3518 18714 412 3473 18715 1677 3517 18716 1677 3517 18717 412 3473 18718 1670 3516 18719 1670 3516 18720 412 3473 18721 413 3515 18722 1670 3516 18723 413 3515 18724 1671 3512 18725 2954 3519 18726 2956 3520 18727 2965 3521 18728 2965 3521 18729 2956 3520 18730 2958 3522 18731 2965 3521 18732 2958 3522 18733 2960 3523 18734 2960 3523 18735 2962 3524 18736 2965 3521 18737 2965 3521 18738 2962 3524 18739 2964 3525 18740 2965 3521 18741 2964 3525 18742 2966 3526 18743 2963 17 18744 2947 17 18745 2965 3521 18746 2965 3521 18747 2947 17 18748 2946 3527 18749 2965 3521 18750 2946 3527 18751 2948 3528 18752 2947 17 18753 2963 17 18754 2949 17 18755 2949 17 18756 2963 17 18757 2961 17 18758 2949 17 18759 2961 17 18760 2951 17 18761 2951 17 18762 2961 17 18763 2959 17 18764 2951 17 18765 2959 17 18766 2953 17 18767 2953 17 18768 2959 17 18769 2957 17 18770 2953 17 18771 2957 17 18772 2955 17 18773 2948 3528 18774 2950 3529 18775 2965 3521 18776 2965 3521 18777 2950 3529 18778 2952 3530 18779 2965 3521 18780 2952 3530 18781 2954 3519 18782 2954 3531 18783 2891 3532 18784 2956 3533 18785 2956 3533 18786 2891 3532 18787 2893 3534 18788 2956 3533 18789 2893 3534 18790 2958 3535 18791 2958 3535 18792 2893 3534 18793 2895 3536 18794 2958 3535 18795 2895 3536 18796 2960 3537 18797 2960 3537 18798 2895 3536 18799 2897 3538 18800 2960 3537 18801 2897 3538 18802 2962 3539 18803 2962 3539 18804 2897 3538 18805 2899 3540 18806 2962 3539 18807 2899 3540 18808 2964 3541 18809 2964 3541 18810 2899 3540 18811 2902 3542 18812 2964 3541 18813 2902 3542 18814 2966 3543 18815 2966 3543 18816 2902 3542 18817 2904 3544 18818 2966 3543 18819 2904 3544 18820 2965 3545 18821 2965 3545 18822 2904 3544 18823 2903 3546 18824 2965 3545 18825 2903 3546 18826 2963 3547 18827 2963 3547 18828 2903 3546 18829 2900 3548 18830 2963 3547 18831 2900 3548 18832 2961 3549 18833 2961 3549 18834 2900 3548 18835 2898 3550 18836 2961 3549 18837 2898 3550 18838 2959 3551 18839 2959 3551 18840 2898 3550 18841 2896 3552 18842 2959 3551 18843 2896 3552 18844 2957 3553 18845 2957 3553 18846 2896 3552 18847 2894 3554 18848 2957 3553 18849 2894 3554 18850 2955 3555 18851 2955 3555 18852 2894 3554 18853 2892 3556 18854 2955 3555 18855 2892 3556 18856 2953 3557 18857 2953 3557 18858 2892 3556 18859 2890 3558 18860 2953 3557 18861 2890 3558 18862 2951 3559 18863 2951 3559 18864 2890 3558 18865 2888 3560 18866 2951 3559 18867 2888 3560 18868 2949 3561 18869 2949 3561 18870 2888 3560 18871 2885 3562 18872 2949 3561 18873 2885 3562 18874 2947 3563 18875 2947 3563 18876 2885 3562 18877 2883 3564 18878 2947 3563 18879 2883 3564 18880 2946 3565 18881 2946 3565 18882 2883 3564 18883 2882 3566 18884 2946 3565 18885 2882 3566 18886 2948 3567 18887 2948 3567 18888 2882 3566 18889 2884 3568 18890 2948 3567 18891 2884 3568 18892 2950 3569 18893 2950 3569 18894 2884 3568 18895 2887 3570 18896 2950 3569 18897 2887 3570 18898 2952 3571 18899 2952 3571 18900 2887 3570 18901 2889 3572 18902 2952 3571 18903 2889 3572 18904 2954 3531 18905 2954 3531 18906 2889 3572 18907 2891 3532 18908 403 3573 18909 362 3574 18910 405 3575 18911 405 3575 18912 362 3574 18913 361 3576 18914 405 3575 18915 361 3576 18916 404 3577 18917 404 3577 18918 361 3576 18919 359 3578 18920 404 3577 18921 359 3578 18922 401 3579 18923 401 3579 18924 359 3578 18925 357 3580 18926 401 3579 18927 357 3580 18928 399 3581 18929 399 3581 18930 357 3580 18931 355 3582 18932 399 3581 18933 355 3582 18934 397 3583 18935 397 3583 18936 355 3582 18937 353 3584 18938 397 3583 18939 353 3584 18940 395 3585 18941 395 3585 18942 353 3584 18943 351 3586 18944 395 3585 18945 351 3586 18946 393 3587 18947 393 3587 18948 351 3586 18949 349 3588 18950 393 3587 18951 349 3588 18952 391 3589 18953 391 3589 18954 349 3588 18955 347 3590 18956 391 3589 18957 347 3590 18958 389 3591 18959 389 3591 18960 347 3590 18961 345 3592 18962 389 3591 18963 345 3592 18964 386 3593 18965 386 3593 18966 345 3592 18967 343 3594 18968 386 3593 18969 343 3594 18970 384 3595 18971 384 3595 18972 343 3594 18973 342 3596 18974 384 3595 18975 342 3596 18976 383 3597 18977 383 3597 18978 342 3596 18979 344 3598 18980 383 3597 18981 344 3598 18982 385 3599 18983 385 3599 18984 344 3598 18985 346 3600 18986 385 3599 18987 346 3600 18988 388 3601 18989 388 3601 18990 346 3600 18991 348 3602 18992 388 3601 18993 348 3602 18994 390 3603 18995 390 3603 18996 348 3602 18997 350 3604 18998 390 3603 18999 350 3604 19000 392 3605 19001 392 3605 19002 350 3604 19003 352 3606 19004 392 3605 19005 352 3606 19006 394 3607 19007 394 3607 19008 352 3606 19009 354 3608 19010 394 3607 19011 354 3608 19012 396 3609 19013 396 3609 19014 354 3608 19015 356 3610 19016 396 3609 19017 356 3610 19018 398 3611 19019 398 3611 19020 356 3610 19021 358 3612 19022 398 3611 19023 358 3612 19024 400 3613 19025 400 3613 19026 358 3612 19027 360 3614 19028 400 3613 19029 360 3614 19030 403 3573 19031 403 3573 19032 360 3614 19033 362 3574 19034 354 3615 19035 352 3616 19036 361 3617 19037 361 3617 19038 352 3616 19039 350 3618 19040 361 3617 19041 350 3618 19042 348 3619 19043 348 3619 19044 346 3620 19045 361 3617 19046 361 3617 19047 346 3620 19048 344 3621 19049 361 3617 19050 344 3621 19051 342 3622 19052 342 3622 19053 343 2 19054 361 3617 19055 361 3617 19056 343 2 19057 359 2 19058 359 2 19059 343 2 19060 345 2 19061 359 2 19062 345 2 19063 357 2 19064 357 2 19065 345 2 19066 347 2 19067 357 2 19068 347 2 19069 355 2 19070 355 2 19071 347 2 19072 349 2 19073 355 2 19074 349 2 19075 353 2 19076 353 2 19077 349 2 19078 351 2 19079 362 3623 19080 360 3624 19081 361 3617 19082 361 3617 19083 360 3624 19084 358 3625 19085 361 3617 19086 358 3625 19087 356 3626 19088 356 3626 19089 354 3615 19090 361 3617 19091 1759 17 19092 1760 17 19093 1757 17 19094 1757 17 19095 1760 17 19096 1758 17 19097 1721 17 19098 1722 17 19099 1719 17 19100 1719 17 19101 1722 17 19102 1720 17 19103 1757 121 19104 1720 121 19105 1759 121 19106 1759 121 19107 1720 121 19108 1722 121 19109 1695 2 19110 1696 2 19111 1697 2 19112 1697 2 19113 1696 2 19114 1698 2 19115 1696 121 19116 1657 121 19117 1698 121 19118 1698 121 19119 1657 121 19120 1659 121 19121 1657 2 19122 1658 2 19123 1659 2 19124 1659 2 19125 1658 2 19126 1660 2 19127 1854 17 19128 1855 17 19129 1852 17 19130 1852 17 19131 1855 17 19132 1853 17 19133 1759 0 19134 1722 0 19135 1760 0 19136 1760 0 19137 1722 0 19138 1660 0 19139 1660 0 19140 1722 0 19141 1698 0 19142 1660 0 19143 1698 0 19144 1659 0 19145 1722 0 19146 1721 0 19147 1698 0 19148 1698 0 19149 1721 0 19150 1697 0 19151 1761 121 19152 1724 121 19153 1763 121 19154 1763 121 19155 1724 121 19156 1726 121 19157 1725 17 19158 1726 17 19159 1723 17 19160 1723 17 19161 1726 17 19162 1724 17 19163 1763 17 19164 1764 17 19165 1761 17 19166 1761 17 19167 1764 17 19168 1762 17 19169 1663 121 19170 1702 121 19171 1661 121 19172 1661 121 19173 1702 121 19174 1700 121 19175 1702 2 19176 1701 2 19177 1700 2 19178 1700 2 19179 1701 2 19180 1699 2 19181 1664 2 19182 1663 2 19183 1662 2 19184 1662 2 19185 1663 2 19186 1661 2 19187 1854 0 19188 1764 0 19189 1855 0 19190 1855 0 19191 1764 0 19192 1569 0 19193 1569 0 19194 1764 0 19195 1664 0 19196 1569 0 19197 1664 0 19198 1568 0 19199 1763 0 19200 1726 0 19201 1764 0 19202 1764 0 19203 1726 0 19204 1664 0 19205 1664 0 19206 1726 0 19207 1702 0 19208 1702 0 19209 1726 0 19210 1725 0 19211 1702 0 19212 1725 0 19213 1701 0 19214 1702 0 19215 1663 0 19216 1664 0 19217 1764 121 19218 1854 121 19219 1762 121 19220 1762 121 19221 1854 121 19222 1852 121 19223 1762 121 19224 1852 121 19225 1760 121 19226 1760 121 19227 1852 121 19228 1758 121 19229 1762 121 19230 1760 121 19231 1662 121 19232 1662 121 19233 1760 121 19234 1660 121 19235 1662 121 19236 1660 121 19237 1568 121 19238 1568 121 19239 1660 121 19240 1566 121 19241 1566 121 19242 1660 121 19243 1658 121 19244 1568 121 19245 1664 121 19246 1662 121 19247 1853 109 19248 1855 109 19249 1567 109 19250 1567 109 19251 1855 109 19252 1569 109 19253 1721 121 19254 1719 121 19255 1697 121 19256 1697 121 19257 1719 121 19258 1695 121 19259 1852 23 19260 1853 23 19261 1758 23 19262 1758 23 19263 1853 23 19264 1567 23 19265 1758 23 19266 1567 23 19267 1658 23 19268 1658 23 19269 1567 23 19270 1566 23 19271 1657 23 19272 1696 23 19273 1658 23 19274 1658 23 19275 1696 23 19276 1720 23 19277 1658 23 19278 1720 23 19279 1758 23 19280 1758 23 19281 1720 23 19282 1757 23 19283 1696 23 19284 1695 23 19285 1720 23 19286 1720 23 19287 1695 23 19288 1719 23 19289 1566 2 19290 1567 2 19291 1568 2 19292 1568 2 19293 1567 2 19294 1569 2 19295 1761 23 19296 1762 23 19297 1724 23 19298 1724 23 19299 1762 23 19300 1662 23 19301 1724 23 19302 1662 23 19303 1700 23 19304 1700 23 19305 1662 23 19306 1661 23 19307 1700 23 19308 1699 23 19309 1724 23 19310 1724 23 19311 1699 23 19312 1723 23 19313 1725 121 19314 1723 121 19315 1701 121 19316 1701 121 19317 1723 121 19318 1699 121 19319 2922 2 19320 2924 3627 19321 2921 2 19322 2921 2 19323 2924 3627 19324 2923 3628 19325 363 3629 19326 364 3630 19327 371 3631 19328 371 3631 19329 364 3630 19330 372 3632 19331 371 3631 19332 372 3632 19333 418 3633 19334 418 3633 19335 372 3632 19336 419 3634 19337 418 3633 19338 419 3634 19339 474 3635 19340 474 3635 19341 419 3634 19342 475 3636 19343 474 3635 19344 475 3636 19345 504 3637 19346 504 3637 19347 475 3636 19348 505 3638 19349 504 3637 19350 505 3638 19351 521 3639 19352 521 3639 19353 505 3638 19354 522 3640 19355 2923 3628 19356 2924 3627 19357 2915 3641 19358 2915 3641 19359 2924 3627 19360 2916 3642 19361 2915 3641 19362 2916 3642 19363 2868 3643 19364 2868 3643 19365 2916 3642 19366 2869 3644 19367 2868 3643 19368 2869 3644 19369 2812 3645 19370 2812 3645 19371 2869 3644 19372 2813 3646 19373 2812 3645 19374 2813 3646 19375 2781 3647 19376 2781 3647 19377 2813 3646 19378 2782 3648 19379 2781 3647 19380 2782 3648 19381 2763 3649 19382 2763 3649 19383 2782 3648 19384 2764 3650 19385 522 2 19386 524 3651 19387 521 2 19388 521 2 19389 524 3651 19390 523 3652 19391 2764 17 19392 2762 3653 19393 2763 17 19394 2763 17 19395 2762 3653 19396 2761 3654 19397 523 3652 19398 524 3651 19399 506 3655 19400 506 3655 19401 524 3651 19402 507 3656 19403 506 3655 19404 507 3656 19405 476 3643 19406 476 3643 19407 507 3656 19408 477 3644 19409 476 3643 19410 477 3644 19411 420 3645 19412 420 3645 19413 477 3644 19414 421 3657 19415 420 3645 19416 421 3657 19417 373 3658 19418 373 3658 19419 421 3657 19420 374 3659 19421 373 3658 19422 374 3659 19423 365 3660 19424 365 3660 19425 374 3659 19426 366 3661 19427 2761 3654 19428 2762 3653 19429 2779 3662 19430 2779 3662 19431 2762 3653 19432 2780 3663 19433 2779 3662 19434 2780 3663 19435 2810 3633 19436 2810 3633 19437 2780 3663 19438 2811 3634 19439 2810 3633 19440 2811 3634 19441 2866 3635 19442 2866 3635 19443 2811 3634 19444 2867 3664 19445 2866 3635 19446 2867 3664 19447 2913 3665 19448 2913 3665 19449 2867 3664 19450 2914 3666 19451 2913 3665 19452 2914 3666 19453 2921 3667 19454 2921 3667 19455 2914 3666 19456 2922 3668 19457 366 17 19458 364 3630 19459 365 17 19460 365 17 19461 364 3630 19462 363 3629 19463</p>
        </triangles>
        <triangles material="_4_64_64-material" count="1018">
          <input semantic="VERTEX" source="#MPO-500_V1_3_0_Simplified_Body-mesh-vertices" offset="0"/>
          <input semantic="NORMAL" source="#MPO-500_V1_3_0_Simplified_Body-mesh-normals" offset="1"/>
          <input semantic="TEXCOORD" source="#MPO-500_V1_3_0_Simplified_Body-mesh-map-0" offset="2" set="0"/>
          <p>1508 360 1503 1510 316 1504 1530 361 1505 1530 361 1506 1510 316 1507 1531 318 1508 1530 361 1509 1531 318 1510 1509 362 1511 1509 362 1512 1531 318 1513 1511 320 1514 1509 362 1515 1511 320 1516 1415 322 1517 1508 360 1518 1412 363 1519 1510 316 1520 1510 316 1521 1412 363 1522 1414 337 1523 1414 337 1524 1412 363 1525 1269 364 1526 1414 337 1527 1269 364 1528 1271 336 1529 1271 336 1530 1269 364 1531 1164 365 1532 1271 336 1533 1164 365 1534 1166 334 1535 1166 334 1536 1164 365 1537 1124 366 1538 1166 334 1539 1124 366 1540 1126 332 1541 1126 332 1542 1124 366 1543 1113 367 1544 1126 332 1545 1113 367 1546 1114 330 1547 1114 330 1548 1113 367 1549 1125 368 1550 1114 330 1551 1125 368 1552 1127 328 1553 1127 328 1554 1125 368 1555 1165 369 1556 1127 328 1557 1165 369 1558 1167 326 1559 1167 326 1560 1165 369 1561 1270 370 1562 1167 326 1563 1270 370 1564 1272 324 1565 1272 324 1566 1270 370 1567 1413 371 1568 1272 324 1569 1413 371 1570 1415 322 1571 1415 322 1572 1413 371 1573 1509 362 1574 2285 360 1797 2287 372 1798 2301 361 1799 2301 361 1800 2287 372 1801 2302 374 1802 2301 361 1803 2302 374 1804 2286 416 1805 2286 416 1806 2302 374 1807 2288 376 1808 2286 416 1809 2288 376 1810 2248 378 1811 2285 360 1812 2245 363 1813 2287 372 1814 2287 372 1815 2245 363 1816 2247 393 1817 2247 393 1818 2245 363 1819 2120 417 1820 2247 393 1821 2120 417 1822 2122 392 1823 2122 392 1824 2120 417 1825 1974 365 1826 2122 392 1827 1974 365 1828 1976 390 1829 1976 390 1830 1974 365 1831 1902 366 1832 1976 390 1833 1902 366 1834 1904 388 1835 1904 388 1836 1902 366 1837 1884 418 1838 1904 388 1839 1884 418 1840 1885 386 1841 1885 386 1842 1884 418 1843 1903 368 1844 1885 386 1845 1903 368 1846 1905 384 1847 1905 384 1848 1903 368 1849 1975 369 1850 1905 384 1851 1975 369 1852 1977 382 1853 1977 382 1854 1975 369 1855 2121 419 1856 1977 382 1857 2121 419 1858 2123 380 1859 2123 380 1860 2121 419 1861 2246 371 1862 2123 380 1863 2246 371 1864 2248 378 1865 2248 378 1866 2246 371 1867 2286 416 1868 943 420 1869 946 421 1870 955 422 1871 955 422 1872 946 421 1873 947 423 1874 955 422 1875 947 423 1876 944 424 1877 944 424 1878 947 423 1879 929 425 1880 944 424 1881 929 425 1882 917 426 1883 917 426 1884 929 425 1885 907 427 1886 917 426 1887 907 427 1888 897 428 1889 897 428 1890 907 427 1891 881 429 1892 897 428 1893 881 429 1894 871 430 1895 871 430 1896 881 429 1897 858 431 1898 871 430 1899 858 431 1900 854 432 1901 854 432 1902 858 431 1903 857 433 1904 854 432 1905 857 433 1906 853 434 1907 853 434 1908 857 433 1909 870 435 1910 870 435 1911 857 433 1912 880 436 1913 870 435 1914 880 436 1915 896 437 1916 896 437 1917 880 436 1918 906 438 1919 896 437 1920 906 438 1921 916 439 1922 916 439 1923 906 438 1924 928 440 1925 916 439 1926 928 440 1927 943 420 1928 943 420 1929 928 440 1930 946 421 1931 925 441 1932 940 442 1933 936 443 1934 936 443 1935 940 442 1936 939 444 1937 936 443 1938 939 444 1939 924 445 1940 924 445 1941 939 444 1942 922 446 1943 924 445 1944 922 446 1945 910 447 1946 910 447 1947 922 446 1948 908 448 1949 910 447 1950 908 448 1951 886 449 1952 886 449 1953 908 448 1954 884 450 1955 886 449 1956 884 450 1957 872 451 1958 872 451 1959 884 450 1960 860 452 1961 872 451 1962 860 452 1963 861 453 1964 861 453 1965 860 452 1966 857 433 1967 861 453 1968 857 433 1969 858 431 1970 940 442 1971 925 441 1972 923 454 1973 923 454 1974 925 441 1975 911 455 1976 923 454 1977 911 455 1978 909 456 1979 909 456 1980 911 455 1981 887 457 1982 909 456 1983 887 457 1984 885 458 1985 885 458 1986 887 457 1987 873 459 1988 885 458 1989 873 459 1990 861 453 1991 861 453 1992 873 459 1993 872 451 1994 906 438 1995 908 448 1996 928 440 1997 928 440 1998 908 448 1999 922 446 2000 928 440 2001 922 446 2002 946 421 2003 946 421 2004 922 446 2005 939 444 2006 946 421 2007 939 444 2008 947 423 2009 947 423 2010 939 444 2011 940 442 2012 947 423 2013 940 442 2014 929 425 2015 929 425 2016 940 442 2017 923 454 2018 929 425 2019 923 454 2020 907 427 2021 907 427 2022 923 454 2023 909 456 2024 907 427 2025 909 456 2026 881 429 2027 881 429 2028 909 456 2029 885 458 2030 881 429 2031 885 458 2032 858 431 2033 858 431 2034 885 458 2035 861 453 2036 908 448 2037 906 438 2038 884 450 2039 884 450 2040 906 438 2041 880 436 2042 884 450 2043 880 436 2044 860 452 2045 860 452 2046 880 436 2047 857 433 2048 941 460 2049 943 420 2050 954 461 2051 954 461 2052 943 420 2053 955 422 2054 954 461 2055 955 422 2056 942 462 2057 942 462 2058 955 422 2059 944 424 2060 942 462 2061 944 424 2062 917 426 2063 941 460 2064 914 463 2065 943 420 2066 943 420 2067 914 463 2068 916 439 2069 916 439 2070 914 463 2071 894 464 2072 916 439 2073 894 464 2074 896 437 2075 896 437 2076 894 464 2077 868 465 2078 896 437 2079 868 465 2080 870 435 2081 870 435 2082 868 465 2083 851 466 2084 870 435 2085 851 466 2086 853 434 2087 853 434 2088 851 466 2089 852 467 2090 853 434 2091 852 467 2092 854 432 2093 854 432 2094 852 467 2095 869 468 2096 854 432 2097 869 468 2098 871 430 2099 871 430 2100 869 468 2101 895 469 2102 871 430 2103 895 469 2104 897 428 2105 897 428 2106 895 469 2107 915 470 2108 897 428 2109 915 470 2110 917 426 2111 917 426 2112 915 470 2113 942 462 2114 936 443 2115 924 445 2116 925 441 2117 925 441 2118 924 445 2119 911 455 2120 911 455 2121 924 445 2122 910 447 2123 911 455 2124 910 447 2125 887 457 2126 887 457 2127 910 447 2128 886 449 2129 887 457 2130 886 449 2131 873 459 2132 873 459 2133 886 449 2134 872 451 2135 1074 471 2136 1077 472 2137 1086 473 2138 1086 473 2139 1077 472 2140 1078 474 2141 1086 473 2142 1078 474 2143 1075 475 2144 1075 475 2145 1078 474 2146 1060 476 2147 1075 475 2148 1060 476 2149 1048 477 2150 1048 477 2151 1060 476 2152 1038 478 2153 1048 477 2154 1038 478 2155 1028 479 2156 1028 479 2157 1038 478 2158 1012 480 2159 1028 479 2160 1012 480 2161 1002 481 2162 1002 481 2163 1012 480 2164 989 482 2165 1002 481 2166 989 482 2167 985 483 2168 985 483 2169 989 482 2170 988 484 2171 985 483 2172 988 484 2173 984 485 2174 984 485 2175 988 484 2176 1001 486 2177 1001 486 2178 988 484 2179 1011 487 2180 1001 486 2181 1011 487 2182 1027 488 2183 1027 488 2184 1011 487 2185 1037 489 2186 1027 488 2187 1037 489 2188 1047 490 2189 1047 490 2190 1037 489 2191 1059 491 2192 1047 490 2193 1059 491 2194 1074 471 2195 1074 471 2196 1059 491 2197 1077 472 2198 1056 492 2199 1071 493 2200 1067 494 2201 1067 494 2202 1071 493 2203 1070 495 2204 1067 494 2205 1070 495 2206 1055 496 2207 1055 496 2208 1070 495 2209 1053 497 2210 1055 496 2211 1053 497 2212 1041 498 2213 1041 498 2214 1053 497 2215 1039 499 2216 1041 498 2217 1039 499 2218 1017 500 2219 1017 500 2220 1039 499 2221 1015 501 2222 1017 500 2223 1015 501 2224 1003 502 2225 1003 502 2226 1015 501 2227 991 503 2228 1003 502 2229 991 503 2230 992 504 2231 992 504 2232 991 503 2233 988 484 2234 992 504 2235 988 484 2236 989 482 2237 1071 493 2238 1056 492 2239 1054 505 2240 1054 505 2241 1056 492 2242 1042 506 2243 1054 505 2244 1042 506 2245 1040 507 2246 1040 507 2247 1042 506 2248 1018 508 2249 1040 507 2250 1018 508 2251 1016 509 2252 1016 509 2253 1018 508 2254 1004 510 2255 1016 509 2256 1004 510 2257 992 504 2258 992 504 2259 1004 510 2260 1003 502 2261 1037 489 2262 1039 499 2263 1059 491 2264 1059 491 2265 1039 499 2266 1053 497 2267 1059 491 2268 1053 497 2269 1077 472 2270 1077 472 2271 1053 497 2272 1070 495 2273 1077 472 2274 1070 495 2275 1078 474 2276 1078 474 2277 1070 495 2278 1071 493 2279 1078 474 2280 1071 493 2281 1060 476 2282 1060 476 2283 1071 493 2284 1054 505 2285 1060 476 2286 1054 505 2287 1038 478 2288 1038 478 2289 1054 505 2290 1040 507 2291 1038 478 2292 1040 507 2293 1012 480 2294 1012 480 2295 1040 507 2296 1016 509 2297 1012 480 2298 1016 509 2299 989 482 2300 989 482 2301 1016 509 2302 992 504 2303 1039 499 2304 1037 489 2305 1015 501 2306 1015 501 2307 1037 489 2308 1011 487 2309 1015 501 2310 1011 487 2311 991 503 2312 991 503 2313 1011 487 2314 988 484 2315 1072 460 2316 1074 471 2317 1085 511 2318 1085 511 2319 1074 471 2320 1086 473 2321 1085 511 2322 1086 473 2323 1073 512 2324 1073 512 2325 1086 473 2326 1075 475 2327 1073 512 2328 1075 475 2329 1048 477 2330 1072 460 2331 1045 513 2332 1074 471 2333 1074 471 2334 1045 513 2335 1047 490 2336 1047 490 2337 1045 513 2338 1025 514 2339 1047 490 2340 1025 514 2341 1027 488 2342 1027 488 2343 1025 514 2344 999 515 2345 1027 488 2346 999 515 2347 1001 486 2348 1001 486 2349 999 515 2350 982 516 2351 1001 486 2352 982 516 2353 984 485 2354 984 485 2355 982 516 2356 983 517 2357 984 485 2358 983 517 2359 985 483 2360 985 483 2361 983 517 2362 1000 518 2363 985 483 2364 1000 518 2365 1002 481 2366 1002 481 2367 1000 518 2368 1026 519 2369 1002 481 2370 1026 519 2371 1028 479 2372 1028 479 2373 1026 519 2374 1046 520 2375 1028 479 2376 1046 520 2377 1048 477 2378 1048 477 2379 1046 520 2380 1073 512 2381 1067 494 2382 1055 496 2383 1056 492 2384 1056 492 2385 1055 496 2386 1042 506 2387 1042 506 2388 1055 496 2389 1041 498 2390 1042 506 2391 1041 498 2392 1018 508 2393 1018 508 2394 1041 498 2395 1017 500 2396 1018 508 2397 1017 500 2398 1004 510 2399 1004 510 2400 1017 500 2401 1003 502 2402 2424 521 2403 2427 522 2404 2436 523 2405 2436 523 2406 2427 522 2407 2428 524 2408 2436 523 2409 2428 524 2410 2425 525 2411 2425 525 2412 2428 524 2413 2410 526 2414 2425 525 2415 2410 526 2416 2398 527 2417 2398 527 2418 2410 526 2419 2388 528 2420 2398 527 2421 2388 528 2422 2378 529 2423 2378 529 2424 2388 528 2425 2362 530 2426 2378 529 2427 2362 530 2428 2352 531 2429 2352 531 2430 2362 530 2431 2339 532 2432 2352 531 2433 2339 532 2434 2335 533 2435 2335 533 2436 2339 532 2437 2338 534 2438 2335 533 2439 2338 534 2440 2334 535 2441 2334 535 2442 2338 534 2443 2351 536 2444 2351 536 2445 2338 534 2446 2361 537 2447 2351 536 2448 2361 537 2449 2377 538 2450 2377 538 2451 2361 537 2452 2387 539 2453 2377 538 2454 2387 539 2455 2397 540 2456 2397 540 2457 2387 539 2458 2409 541 2459 2397 540 2460 2409 541 2461 2424 521 2462 2424 521 2463 2409 541 2464 2427 522 2465 2406 542 2466 2421 543 2467 2417 544 2468 2417 544 2469 2421 543 2470 2420 545 2471 2417 544 2472 2420 545 2473 2405 546 2474 2405 546 2475 2420 545 2476 2403 547 2477 2405 546 2478 2403 547 2479 2391 548 2480 2391 548 2481 2403 547 2482 2389 549 2483 2391 548 2484 2389 549 2485 2367 550 2486 2367 550 2487 2389 549 2488 2365 551 2489 2367 550 2490 2365 551 2491 2353 552 2492 2353 552 2493 2365 551 2494 2341 553 2495 2353 552 2496 2341 553 2497 2342 554 2498 2342 554 2499 2341 553 2500 2338 534 2501 2342 554 2502 2338 534 2503 2339 532 2504 2421 543 2505 2406 542 2506 2404 555 2507 2404 555 2508 2406 542 2509 2392 556 2510 2404 555 2511 2392 556 2512 2390 557 2513 2390 557 2514 2392 556 2515 2368 558 2516 2390 557 2517 2368 558 2518 2366 559 2519 2366 559 2520 2368 558 2521 2354 560 2522 2366 559 2523 2354 560 2524 2342 554 2525 2342 554 2526 2354 560 2527 2353 552 2528 2387 539 2529 2389 549 2530 2409 541 2531 2409 541 2532 2389 549 2533 2403 547 2534 2409 541 2535 2403 547 2536 2427 522 2537 2427 522 2538 2403 547 2539 2420 545 2540 2427 522 2541 2420 545 2542 2428 524 2543 2428 524 2544 2420 545 2545 2421 543 2546 2428 524 2547 2421 543 2548 2410 526 2549 2410 526 2550 2421 543 2551 2404 555 2552 2410 526 2553 2404 555 2554 2388 528 2555 2388 528 2556 2404 555 2557 2390 557 2558 2388 528 2559 2390 557 2560 2362 530 2561 2362 530 2562 2390 557 2563 2366 559 2564 2362 530 2565 2366 559 2566 2339 532 2567 2339 532 2568 2366 559 2569 2342 554 2570 2389 549 2571 2387 539 2572 2365 551 2573 2365 551 2574 2387 539 2575 2361 537 2576 2365 551 2577 2361 537 2578 2341 553 2579 2341 553 2580 2361 537 2581 2338 534 2582 2422 460 2583 2424 521 2584 2435 561 2585 2435 561 2586 2424 521 2587 2436 523 2588 2435 561 2589 2436 523 2590 2423 562 2591 2423 562 2592 2436 523 2593 2425 525 2594 2423 562 2595 2425 525 2596 2398 527 2597 2422 460 2598 2395 563 2599 2424 521 2600 2424 521 2601 2395 563 2602 2397 540 2603 2397 540 2604 2395 563 2605 2375 564 2606 2397 540 2607 2375 564 2608 2377 538 2609 2377 538 2610 2375 564 2611 2349 565 2612 2377 538 2613 2349 565 2614 2351 536 2615 2351 536 2616 2349 565 2617 2332 566 2618 2351 536 2619 2332 566 2620 2334 535 2621 2334 535 2622 2332 566 2623 2333 467 2624 2334 535 2625 2333 467 2626 2335 533 2627 2335 533 2628 2333 467 2629 2350 567 2630 2335 533 2631 2350 567 2632 2352 531 2633 2352 531 2634 2350 567 2635 2376 568 2636 2352 531 2637 2376 568 2638 2378 529 2639 2378 529 2640 2376 568 2641 2396 569 2642 2378 529 2643 2396 569 2644 2398 527 2645 2398 527 2646 2396 569 2647 2423 562 2648 2417 544 2649 2405 546 2650 2406 542 2651 2406 542 2652 2405 546 2653 2392 556 2654 2392 556 2655 2405 546 2656 2391 548 2657 2392 556 2658 2391 548 2659 2368 558 2660 2368 558 2661 2391 548 2662 2367 550 2663 2368 558 2664 2367 550 2665 2354 560 2666 2354 560 2667 2367 550 2668 2353 552 2669 1073 570 2670 1084 571 2671 1085 572 2672 1085 572 2673 1084 571 2674 1095 573 2675 1085 572 2676 1095 573 2677 1072 574 2678 1072 574 2679 1095 573 2680 1083 575 2681 1072 574 2682 1083 575 2683 1045 576 2684 1045 576 2685 1083 575 2686 1051 577 2687 1045 576 2688 1051 577 2689 1025 578 2690 1025 578 2691 1051 577 2692 1023 579 2693 1025 578 2694 1023 579 2695 999 580 2696 999 580 2697 1023 579 2698 995 581 2699 999 580 2700 995 581 2701 982 582 2702 982 582 2703 995 581 2704 973 583 2705 982 582 2706 973 583 2707 983 584 2708 983 584 2709 973 583 2710 974 585 2711 983 584 2712 974 585 2713 1000 586 2714 1000 586 2715 974 585 2716 996 587 2717 1000 586 2718 996 587 2719 1026 588 2720 1026 588 2721 996 587 2722 1024 589 2723 1026 588 2724 1024 589 2725 1046 590 2726 1046 590 2727 1024 589 2728 1052 591 2729 1046 590 2730 1052 591 2731 1073 570 2732 1073 570 2733 1052 591 2734 1084 571 2735 2423 592 2736 2434 593 2737 2435 594 2738 2435 594 2739 2434 593 2740 2445 595 2741 2435 594 2742 2445 595 2743 2422 596 2744 2422 596 2745 2445 595 2746 2433 597 2747 2422 596 2748 2433 597 2749 2395 598 2750 2395 598 2751 2433 597 2752 2401 599 2753 2395 598 2754 2401 599 2755 2375 600 2756 2375 600 2757 2401 599 2758 2373 601 2759 2375 600 2760 2373 601 2761 2349 602 2762 2349 602 2763 2373 601 2764 2345 603 2765 2349 602 2766 2345 603 2767 2332 604 2768 2332 604 2769 2345 603 2770 2323 605 2771 2332 604 2772 2323 605 2773 2333 606 2774 2333 606 2775 2323 605 2776 2324 607 2777 2333 606 2778 2324 607 2779 2350 608 2780 2350 608 2781 2324 607 2782 2346 609 2783 2350 608 2784 2346 609 2785 2376 610 2786 2376 610 2787 2346 609 2788 2374 611 2789 2376 610 2790 2374 611 2791 2396 612 2792 2396 612 2793 2374 611 2794 2402 613 2795 2396 612 2796 2402 613 2797 2423 592 2798 2423 592 2799 2402 613 2800 2434 593 2801 942 614 2802 953 615 2803 954 616 2804 954 616 2805 953 615 2806 964 617 2807 954 616 2808 964 617 2809 941 618 2810 941 618 2811 964 617 2812 952 619 2813 941 618 2814 952 619 2815 914 620 2816 914 620 2817 952 619 2818 920 621 2819 914 620 2820 920 621 2821 894 622 2822 894 622 2823 920 621 2824 892 623 2825 894 622 2826 892 623 2827 868 624 2828 868 624 2829 892 623 2830 864 625 2831 868 624 2832 864 625 2833 851 626 2834 851 626 2835 864 625 2836 842 627 2837 851 626 2838 842 627 2839 852 628 2840 852 628 2841 842 627 2842 843 629 2843 852 628 2844 843 629 2845 869 630 2846 869 630 2847 843 629 2848 865 631 2849 869 630 2850 865 631 2851 895 632 2852 895 632 2853 865 631 2854 893 633 2855 895 632 2856 893 633 2857 915 634 2858 915 634 2859 893 633 2860 921 635 2861 915 634 2862 921 635 2863 942 614 2864 942 614 2865 921 635 2866 953 615 2867 1081 636 2868 1094 23 2869 1076 637 2870 1076 637 2871 1094 23 2872 1082 23 2873 1076 637 2874 1082 23 2875 1069 638 2876 1069 638 2877 1082 23 2878 1050 639 2879 1069 638 2880 1050 639 2881 1044 640 2882 1044 640 2883 1050 639 2884 1022 23 2885 1044 640 2886 1022 23 2887 1020 641 2888 1020 641 2889 1022 23 2890 994 642 2891 1020 641 2892 994 642 2893 998 643 2894 998 643 2895 994 642 2896 972 23 2897 998 643 2898 972 23 2899 990 23 2900 990 23 2901 972 23 2902 971 23 2903 990 23 2904 971 23 2905 997 23 2906 997 23 2907 971 23 2908 993 23 2909 997 23 2910 993 23 2911 1019 23 2912 1019 23 2913 993 23 2914 1021 23 2915 1019 23 2916 1021 23 2917 1043 23 2918 1043 23 2919 1021 23 2920 1049 23 2921 1043 23 2922 1049 23 2923 1068 644 2924 1068 644 2925 1049 23 2926 1081 636 2927 1068 644 2928 1081 636 2929 1076 637 2930 1084 645 2931 1082 646 2932 1095 647 2933 1095 647 2934 1082 646 2935 1094 648 2936 1095 647 2937 1094 648 2938 1083 649 2939 1083 649 2940 1094 648 2941 1081 650 2942 1083 649 2943 1081 650 2944 1051 651 2945 1051 651 2946 1081 650 2947 1049 652 2948 1051 651 2949 1049 652 2950 1023 653 2951 1023 653 2952 1049 652 2953 1021 654 2954 1023 653 2955 1021 654 2956 995 655 2957 995 655 2958 1021 654 2959 993 656 2960 995 655 2961 993 656 2962 973 657 2963 973 657 2964 993 656 2965 971 658 2966 973 657 2967 971 658 2968 974 659 2969 974 659 2970 971 658 2971 972 660 2972 974 659 2973 972 660 2974 996 661 2975 996 661 2976 972 660 2977 994 662 2978 996 661 2979 994 662 2980 1024 663 2981 1024 663 2982 994 662 2983 1022 664 2984 1024 663 2985 1022 664 2986 1052 665 2987 1052 665 2988 1022 664 2989 1050 666 2990 1052 665 2991 1050 666 2992 1084 645 2993 1084 645 2994 1050 666 2995 1082 646 2996 2431 23 2997 2444 23 2998 2426 23 2999 2426 23 3000 2444 23 3001 2432 23 3002 2426 23 3003 2432 23 3004 2419 667 3005 2419 667 3006 2432 23 3007 2400 668 3008 2419 667 3009 2400 668 3010 2394 669 3011 2394 669 3012 2400 668 3013 2372 670 3014 2394 669 3015 2372 670 3016 2370 671 3017 2370 671 3018 2372 670 3019 2344 672 3020 2370 671 3021 2344 672 3022 2348 673 3023 2348 673 3024 2344 672 3025 2322 23 3026 2348 673 3027 2322 23 3028 2340 23 3029 2340 23 3030 2322 23 3031 2321 23 3032 2340 23 3033 2321 23 3034 2347 23 3035 2347 23 3036 2321 23 3037 2343 23 3038 2347 23 3039 2343 23 3040 2369 23 3041 2369 23 3042 2343 23 3043 2371 23 3044 2369 23 3045 2371 23 3046 2393 674 3047 2393 674 3048 2371 23 3049 2399 675 3050 2393 674 3051 2399 675 3052 2418 676 3053 2418 676 3054 2399 675 3055 2431 23 3056 2418 676 3057 2431 23 3058 2426 23 3059 2434 645 3060 2432 677 3061 2445 678 3062 2445 678 3063 2432 677 3064 2444 679 3065 2445 678 3066 2444 679 3067 2433 680 3068 2433 680 3069 2444 679 3070 2431 681 3071 2433 680 3072 2431 681 3073 2401 682 3074 2401 682 3075 2431 681 3076 2399 683 3077 2401 682 3078 2399 683 3079 2373 684 3080 2373 684 3081 2399 683 3082 2371 685 3083 2373 684 3084 2371 685 3085 2345 686 3086 2345 686 3087 2371 685 3088 2343 656 3089 2345 686 3090 2343 656 3091 2323 657 3092 2323 657 3093 2343 656 3094 2321 658 3095 2323 657 3096 2321 658 3097 2324 659 3098 2324 659 3099 2321 658 3100 2322 660 3101 2324 659 3102 2322 660 3103 2346 661 3104 2346 661 3105 2322 660 3106 2344 687 3107 2346 661 3108 2344 687 3109 2374 688 3110 2374 688 3111 2344 687 3112 2372 689 3113 2374 688 3114 2372 689 3115 2402 690 3116 2402 690 3117 2372 689 3118 2400 691 3119 2402 690 3120 2400 691 3121 2434 645 3122 2434 645 3123 2400 691 3124 2432 677 3125 950 692 3126 963 23 3127 945 693 3128 945 693 3129 963 23 3130 951 23 3131 945 693 3132 951 23 3133 938 23 3134 938 23 3135 951 23 3136 919 23 3137 938 23 3138 919 23 3139 913 694 3140 913 694 3141 919 23 3142 891 695 3143 913 694 3144 891 695 3145 889 696 3146 889 696 3147 891 695 3148 863 697 3149 889 696 3150 863 697 3151 867 698 3152 867 698 3153 863 697 3154 841 23 3155 867 698 3156 841 23 3157 859 23 3158 859 23 3159 841 23 3160 840 23 3161 859 23 3162 840 23 3163 866 23 3164 866 23 3165 840 23 3166 862 23 3167 866 23 3168 862 23 3169 888 23 3170 888 23 3171 862 23 3172 890 23 3173 888 23 3174 890 23 3175 912 23 3176 912 23 3177 890 23 3178 918 23 3179 912 23 3180 918 23 3181 937 699 3182 937 699 3183 918 23 3184 950 692 3185 937 699 3186 950 692 3187 945 693 3188 953 645 3189 951 646 3190 964 647 3191 964 647 3192 951 646 3193 963 648 3194 964 647 3195 963 648 3196 952 649 3197 952 649 3198 963 648 3199 950 650 3200 952 649 3201 950 650 3202 920 651 3203 920 651 3204 950 650 3205 918 683 3206 920 651 3207 918 683 3208 892 684 3209 892 684 3210 918 683 3211 890 700 3212 892 684 3213 890 700 3214 864 701 3215 864 701 3216 890 700 3217 862 702 3218 864 701 3219 862 702 3220 842 657 3221 842 657 3222 862 702 3223 840 658 3224 842 657 3225 840 658 3226 843 659 3227 843 659 3228 840 658 3229 841 660 3230 843 659 3231 841 660 3232 865 661 3233 865 661 3234 841 660 3235 863 703 3236 865 661 3237 863 703 3238 893 704 3239 893 704 3240 863 703 3241 891 705 3242 893 704 3243 891 705 3244 921 690 3245 921 690 3246 891 705 3247 919 666 3248 921 690 3249 919 666 3250 953 645 3251 953 645 3252 919 666 3253 951 646 3254 961 706 3255 956 707 3256 967 708 3257 967 708 3258 956 707 3259 965 709 3260 967 708 3261 965 709 3262 962 710 3263 962 710 3264 965 709 3265 957 711 3266 962 710 3267 957 711 3268 935 712 3269 935 712 3270 957 711 3271 931 713 3272 935 712 3273 931 713 3274 901 714 3275 901 714 3276 931 713 3277 903 715 3278 901 714 3279 903 715 3280 877 716 3281 877 716 3282 903 715 3283 879 717 3284 877 716 3285 879 717 3286 847 718 3287 847 718 3288 879 717 3289 850 719 3290 847 718 3291 850 719 3292 838 720 3293 838 720 3294 850 719 3295 839 721 3296 838 720 3297 839 721 3298 846 722 3299 846 722 3300 839 721 3301 849 723 3302 846 722 3303 849 723 3304 876 724 3305 876 724 3306 849 723 3307 878 725 3308 876 724 3309 878 725 3310 900 726 3311 900 726 3312 878 725 3313 902 727 3314 900 726 3315 902 727 3316 934 728 3317 934 728 3318 902 727 3319 930 729 3320 934 728 3321 930 729 3322 961 706 3323 961 706 3324 930 729 3325 956 707 3326 938 730 3327 949 731 3328 945 732 3329 945 732 3330 949 731 3331 958 733 3332 945 732 3333 958 733 3334 948 734 3335 948 734 3336 958 733 3337 965 709 3338 948 734 3339 965 709 3340 956 707 3341 949 731 3342 938 730 3343 927 735 3344 927 735 3345 938 730 3346 913 736 3347 927 735 3348 913 736 3349 905 737 3350 905 737 3351 913 736 3352 889 738 3353 905 737 3354 889 738 3355 883 739 3356 883 739 3357 889 738 3358 867 740 3359 883 739 3360 867 740 3361 856 741 3362 856 741 3363 867 740 3364 859 742 3365 856 741 3366 859 742 3367 848 743 3368 848 743 3369 859 742 3370 855 744 3371 848 743 3372 855 744 3373 849 723 3374 849 723 3375 855 744 3376 878 725 3377 859 742 3378 866 745 3379 855 744 3380 855 744 3381 866 745 3382 882 746 3383 855 744 3384 882 746 3385 878 725 3386 878 725 3387 882 746 3388 902 727 3389 866 745 3390 888 747 3391 882 746 3392 882 746 3393 888 747 3394 904 748 3395 882 746 3396 904 748 3397 902 727 3398 902 727 3399 904 748 3400 930 729 3401 888 747 3402 912 749 3403 904 748 3404 904 748 3405 912 749 3406 926 750 3407 904 748 3408 926 750 3409 930 729 3410 930 729 3411 926 750 3412 956 707 3413 912 749 3414 937 751 3415 926 750 3416 926 750 3417 937 751 3418 948 734 3419 926 750 3420 948 734 3421 956 707 3422 937 751 3423 945 732 3424 948 734 3425 957 711 3426 965 709 3427 958 733 3428 957 711 3429 958 733 3430 949 731 3431 848 743 3432 849 723 3433 839 721 3434 856 741 3435 848 743 3436 839 721 3437 856 741 3438 839 721 3439 850 719 3440 883 739 3441 856 741 3442 850 719 3443 883 739 3444 850 719 3445 879 717 3446 905 737 3447 883 739 3448 879 717 3449 905 737 3450 879 717 3451 903 715 3452 927 735 3453 905 737 3454 903 715 3455 927 735 3456 903 715 3457 931 713 3458 949 731 3459 927 735 3460 931 713 3461 949 731 3462 931 713 3463 957 711 3464 959 752 3465 961 706 3466 966 753 3467 966 753 3468 961 706 3469 967 708 3470 966 753 3471 967 708 3472 960 754 3473 960 754 3474 967 708 3475 962 710 3476 960 754 3477 962 710 3478 933 755 3479 933 755 3480 962 710 3481 935 712 3482 933 755 3483 935 712 3484 899 756 3485 899 756 3486 935 712 3487 901 714 3488 899 756 3489 901 714 3490 875 757 3491 875 757 3492 901 714 3493 877 716 3494 875 757 3495 877 716 3496 845 758 3497 845 758 3498 877 716 3499 847 718 3500 845 758 3501 847 718 3502 837 759 3503 837 759 3504 847 718 3505 838 720 3506 837 759 3507 838 720 3508 844 760 3509 844 760 3510 838 720 3511 846 722 3512 844 760 3513 846 722 3514 874 761 3515 874 761 3516 846 722 3517 876 724 3518 874 761 3519 876 724 3520 898 762 3521 898 762 3522 876 724 3523 900 726 3524 898 762 3525 900 726 3526 932 763 3527 932 763 3528 900 726 3529 934 728 3530 932 763 3531 934 728 3532 959 752 3533 959 752 3534 934 728 3535 961 706 3536 1092 764 3537 1087 765 3538 1098 766 3539 1098 766 3540 1087 765 3541 1096 767 3542 1098 766 3543 1096 767 3544 1093 768 3545 1093 768 3546 1096 767 3547 1088 769 3548 1093 768 3549 1088 769 3550 1066 770 3551 1066 770 3552 1088 769 3553 1062 771 3554 1066 770 3555 1062 771 3556 1032 772 3557 1032 772 3558 1062 771 3559 1034 773 3560 1032 772 3561 1034 773 3562 1008 774 3563 1008 774 3564 1034 773 3565 1010 775 3566 1008 774 3567 1010 775 3568 978 776 3569 978 776 3570 1010 775 3571 981 777 3572 978 776 3573 981 777 3574 969 778 3575 969 778 3576 981 777 3577 970 779 3578 969 778 3579 970 779 3580 977 780 3581 977 780 3582 970 779 3583 980 781 3584 977 780 3585 980 781 3586 1007 782 3587 1007 782 3588 980 781 3589 1009 783 3590 1007 782 3591 1009 783 3592 1031 784 3593 1031 784 3594 1009 783 3595 1033 785 3596 1031 784 3597 1033 785 3598 1065 786 3599 1065 786 3600 1033 785 3601 1061 787 3602 1065 786 3603 1061 787 3604 1092 764 3605 1092 764 3606 1061 787 3607 1087 765 3608 1069 788 3609 1080 789 3610 1076 732 3611 1076 732 3612 1080 789 3613 1089 790 3614 1076 732 3615 1089 790 3616 1079 791 3617 1079 791 3618 1089 790 3619 1096 767 3620 1079 791 3621 1096 767 3622 1087 765 3623 1080 789 3624 1069 788 3625 1058 792 3626 1058 792 3627 1069 788 3628 1044 793 3629 1058 792 3630 1044 793 3631 1036 794 3632 1036 794 3633 1044 793 3634 1020 795 3635 1036 794 3636 1020 795 3637 1014 796 3638 1014 796 3639 1020 795 3640 998 797 3641 1014 796 3642 998 797 3643 987 798 3644 987 798 3645 998 797 3646 990 799 3647 987 798 3648 990 799 3649 979 800 3650 979 800 3651 990 799 3652 986 801 3653 979 800 3654 986 801 3655 980 781 3656 980 781 3657 986 801 3658 1009 783 3659 990 799 3660 997 802 3661 986 801 3662 986 801 3663 997 802 3664 1013 803 3665 986 801 3666 1013 803 3667 1009 783 3668 1009 783 3669 1013 803 3670 1033 785 3671 997 802 3672 1019 804 3673 1013 803 3674 1013 803 3675 1019 804 3676 1035 805 3677 1013 803 3678 1035 805 3679 1033 785 3680 1033 785 3681 1035 805 3682 1061 787 3683 1019 804 3684 1043 806 3685 1035 805 3686 1035 805 3687 1043 806 3688 1057 807 3689 1035 805 3690 1057 807 3691 1061 787 3692 1061 787 3693 1057 807 3694 1087 765 3695 1043 806 3696 1068 808 3697 1057 807 3698 1057 807 3699 1068 808 3700 1079 791 3701 1057 807 3702 1079 791 3703 1087 765 3704 1068 808 3705 1076 732 3706 1079 791 3707 1088 769 3708 1096 767 3709 1089 790 3710 1088 769 3711 1089 790 3712 1080 789 3713 979 800 3714 980 781 3715 970 779 3716 987 798 3717 979 800 3718 970 779 3719 987 798 3720 970 779 3721 981 777 3722 1014 796 3723 987 798 3724 981 777 3725 1014 796 3726 981 777 3727 1010 775 3728 1036 794 3729 1014 796 3730 1010 775 3731 1036 794 3732 1010 775 3733 1034 773 3734 1058 792 3735 1036 794 3736 1034 773 3737 1058 792 3738 1034 773 3739 1062 771 3740 1080 789 3741 1058 792 3742 1062 771 3743 1080 789 3744 1062 771 3745 1088 769 3746 1090 809 3747 1092 764 3748 1097 810 3749 1097 810 3750 1092 764 3751 1098 766 3752 1097 810 3753 1098 766 3754 1091 811 3755 1091 811 3756 1098 766 3757 1093 768 3758 1091 811 3759 1093 768 3760 1064 755 3761 1064 755 3762 1093 768 3763 1066 770 3764 1064 755 3765 1066 770 3766 1030 812 3767 1030 812 3768 1066 770 3769 1032 772 3770 1030 812 3771 1032 772 3772 1006 757 3773 1006 757 3774 1032 772 3775 1008 774 3776 1006 757 3777 1008 774 3778 976 813 3779 976 813 3780 1008 774 3781 978 776 3782 976 813 3783 978 776 3784 968 814 3785 968 814 3786 978 776 3787 969 778 3788 968 814 3789 969 778 3790 975 815 3791 975 815 3792 969 778 3793 977 780 3794 975 815 3795 977 780 3796 1005 761 3797 1005 761 3798 977 780 3799 1007 782 3800 1005 761 3801 1007 782 3802 1029 816 3803 1029 816 3804 1007 782 3805 1031 784 3806 1029 816 3807 1031 784 3808 1063 763 3809 1063 763 3810 1031 784 3811 1065 786 3812 1063 763 3813 1065 786 3814 1090 809 3815 1090 809 3816 1065 786 3817 1092 764 3818 2442 817 3819 2437 818 3820 2448 819 3821 2448 819 3822 2437 818 3823 2446 820 3824 2448 819 3825 2446 820 3826 2443 821 3827 2443 821 3828 2446 820 3829 2438 822 3830 2443 821 3831 2438 822 3832 2416 823 3833 2416 823 3834 2438 822 3835 2412 824 3836 2416 823 3837 2412 824 3838 2382 825 3839 2382 825 3840 2412 824 3841 2384 826 3842 2382 825 3843 2384 826 3844 2358 827 3845 2358 827 3846 2384 826 3847 2360 828 3848 2358 827 3849 2360 828 3850 2328 829 3851 2328 829 3852 2360 828 3853 2331 830 3854 2328 829 3855 2331 830 3856 2319 831 3857 2319 831 3858 2331 830 3859 2320 832 3860 2319 831 3861 2320 832 3862 2327 833 3863 2327 833 3864 2320 832 3865 2330 834 3866 2327 833 3867 2330 834 3868 2357 835 3869 2357 835 3870 2330 834 3871 2359 836 3872 2357 835 3873 2359 836 3874 2381 837 3875 2381 837 3876 2359 836 3877 2383 838 3878 2381 837 3879 2383 838 3880 2415 839 3881 2415 839 3882 2383 838 3883 2411 840 3884 2415 839 3885 2411 840 3886 2442 817 3887 2442 817 3888 2411 840 3889 2437 818 3890 2419 841 3891 2430 842 3892 2426 843 3893 2426 843 3894 2430 842 3895 2439 844 3896 2426 843 3897 2439 844 3898 2429 845 3899 2429 845 3900 2439 844 3901 2446 820 3902 2429 845 3903 2446 820 3904 2437 818 3905 2430 842 3906 2419 841 3907 2408 846 3908 2408 846 3909 2419 841 3910 2394 847 3911 2408 846 3912 2394 847 3913 2386 848 3914 2386 848 3915 2394 847 3916 2370 849 3917 2386 848 3918 2370 849 3919 2364 850 3920 2364 850 3921 2370 849 3922 2348 851 3923 2364 850 3924 2348 851 3925 2337 852 3926 2337 852 3927 2348 851 3928 2340 853 3929 2337 852 3930 2340 853 3931 2329 854 3932 2329 854 3933 2340 853 3934 2336 855 3935 2329 854 3936 2336 855 3937 2330 834 3938 2330 834 3939 2336 855 3940 2359 836 3941 2340 853 3942 2347 856 3943 2336 855 3944 2336 855 3945 2347 856 3946 2363 857 3947 2336 855 3948 2363 857 3949 2359 836 3950 2359 836 3951 2363 857 3952 2383 838 3953 2347 856 3954 2369 858 3955 2363 857 3956 2363 857 3957 2369 858 3958 2385 859 3959 2363 857 3960 2385 859 3961 2383 838 3962 2383 838 3963 2385 859 3964 2411 840 3965 2369 858 3966 2393 860 3967 2385 859 3968 2385 859 3969 2393 860 3970 2407 861 3971 2385 859 3972 2407 861 3973 2411 840 3974 2411 840 3975 2407 861 3976 2437 818 3977 2393 860 3978 2418 862 3979 2407 861 3980 2407 861 3981 2418 862 3982 2429 845 3983 2407 861 3984 2429 845 3985 2437 818 3986 2418 862 3987 2426 843 3988 2429 845 3989 2438 822 3990 2446 820 3991 2439 844 3992 2438 822 3993 2439 844 3994 2430 842 3995 2329 854 3996 2330 834 3997 2320 832 3998 2337 852 3999 2329 854 4000 2320 832 4001 2337 852 4002 2320 832 4003 2331 830 4004 2364 850 4005 2337 852 4006 2331 830 4007 2364 850 4008 2331 830 4009 2360 828 4010 2386 848 4011 2364 850 4012 2360 828 4013 2386 848 4014 2360 828 4015 2384 826 4016 2408 846 4017 2386 848 4018 2384 826 4019 2408 846 4020 2384 826 4021 2412 824 4022 2430 842 4023 2408 846 4024 2412 824 4025 2430 842 4026 2412 824 4027 2438 822 4028 2440 863 4029 2442 817 4030 2447 864 4031 2447 864 4032 2442 817 4033 2448 819 4034 2447 864 4035 2448 819 4036 2441 865 4037 2441 865 4038 2448 819 4039 2443 821 4040 2441 865 4041 2443 821 4042 2414 755 4043 2414 755 4044 2443 821 4045 2416 823 4046 2414 755 4047 2416 823 4048 2380 756 4049 2380 756 4050 2416 823 4051 2382 825 4052 2380 756 4053 2382 825 4054 2356 866 4055 2356 866 4056 2382 825 4057 2358 827 4058 2356 866 4059 2358 827 4060 2326 867 4061 2326 867 4062 2358 827 4063 2328 829 4064 2326 867 4065 2328 829 4066 2318 868 4067 2318 868 4068 2328 829 4069 2319 831 4070 2318 868 4071 2319 831 4072 2325 869 4073 2325 869 4074 2319 831 4075 2327 833 4076 2325 869 4077 2327 833 4078 2355 870 4079 2355 870 4080 2327 833 4081 2357 835 4082 2355 870 4083 2357 835 4084 2379 871 4085 2379 871 4086 2357 835 4087 2381 837 4088 2379 871 4089 2381 837 4090 2413 763 4091 2413 763 4092 2381 837 4093 2415 839 4094 2413 763 4095 2415 839 4096 2440 863 4097 2440 863 4098 2415 839 4099 2442 817 4100 2290 872 4101 2284 873 4102 2303 874 4103 2303 874 4104 2284 873 4105 2300 875 4106 2303 874 4107 2300 875 4108 2289 876 4109 2289 876 4110 2300 875 4111 2283 877 4112 2289 876 4113 2283 877 4114 2243 878 4115 2290 872 4116 2250 879 4117 2284 873 4118 2284 873 4119 2250 879 4120 2244 880 4121 2244 880 4122 2250 879 4123 2125 881 4124 2244 880 4125 2125 881 4126 2119 882 4127 2119 882 4128 2125 881 4129 1979 883 4130 2119 882 4131 1979 883 4132 1973 884 4133 1973 884 4134 1979 883 4135 1907 885 4136 1973 884 4137 1907 885 4138 1901 886 4139 1901 886 4140 1907 885 4141 1886 887 4142 1901 886 4143 1886 887 4144 1883 888 4145 1883 888 4146 1886 887 4147 1906 889 4148 1883 888 4149 1906 889 4150 1900 890 4151 1900 890 4152 1906 889 4153 1978 891 4154 1900 890 4155 1978 891 4156 1972 892 4157 1972 892 4158 1978 891 4159 2124 893 4160 1972 892 4161 2124 893 4162 2118 894 4163 2118 894 4164 2124 893 4165 2249 895 4166 2118 894 4167 2249 895 4168 2243 878 4169 2243 878 4170 2249 895 4171 2289 876 4172 2303 0 4173 2289 0 4174 2290 0 4175 2290 0 4176 2289 0 4177 2250 0 4178 2250 0 4179 2289 0 4180 2249 0 4181 2250 0 4182 2249 0 4183 2125 0 4184 2125 0 4185 2249 0 4186 2124 0 4187 2125 0 4188 2124 0 4189 1979 0 4190 1979 0 4191 2124 0 4192 1978 0 4193 1979 0 4194 1978 0 4195 1907 0 4196 1907 0 4197 1978 0 4198 1906 0 4199 1907 0 4200 1906 0 4201 1886 0 4202 69 121 7128 142 1391 7129 67 121 7130 67 121 7131 142 1391 7132 101 121 7133 67 121 7134 101 121 7135 71 121 7136 71 121 7137 101 121 7138 144 121 7139 71 121 7140 144 121 7141 85 121 7142 85 121 7143 144 121 7144 190 1392 7145 85 121 7146 190 1392 7147 162 1393 7148 162 1393 7149 190 1392 7150 226 1394 7151 162 1393 7152 226 1394 7153 551 1395 7154 551 1395 7155 226 1394 7156 715 1396 7157 551 1395 7158 715 1396 7159 737 1397 7160 737 1397 7161 715 1396 7162 761 1398 7163 737 1397 7164 761 1398 7165 797 1399 7166 797 1399 7167 761 1398 7168 805 121 7169 797 1399 7170 805 121 7171 819 121 7172 819 121 7173 805 121 7174 822 121 7175 819 121 7176 822 121 7177 2452 121 7178 69 121 7179 73 1400 7180 142 1391 7181 142 1391 7182 73 1400 7183 146 1401 7184 146 1401 7185 73 1400 7186 87 1402 7187 146 1401 7188 87 1402 7189 192 1403 7190 192 1403 7191 87 1402 7192 164 1404 7193 192 1403 7194 164 1404 7195 228 1405 7196 228 1405 7197 164 1404 7198 553 1406 7199 228 1405 7200 553 1406 7201 717 1407 7202 717 1407 7203 553 1406 7204 739 1408 7205 717 1407 7206 739 1408 7207 763 1409 7208 763 1409 7209 739 1408 7210 799 1410 7211 763 1409 7212 799 1410 7213 807 121 7214 807 121 7215 799 1410 7216 835 121 7217 807 121 7218 835 121 7219 834 121 7220 834 121 7221 835 121 7222 2465 121 7223 834 121 7224 2465 121 7225 2464 121 7226 2464 121 7227 2465 121 7228 2482 121 7229 2482 121 7230 2465 121 7231 2489 1411 7232 2482 121 7233 2489 1411 7234 2526 1412 7235 2526 1412 7236 2489 1411 7237 2549 1413 7238 2526 1412 7239 2549 1413 7240 2573 1414 7241 2573 1414 7242 2549 1413 7243 2735 121 7244 2573 1414 7245 2735 121 7246 3062 121 7247 3062 121 7248 2735 121 7249 3124 121 7250 3062 121 7251 3124 121 7252 3098 121 7253 3098 121 7254 3124 121 7255 3201 121 7256 3098 121 7257 3201 121 7258 3144 121 7259 3144 121 7260 3201 121 7261 3215 121 7262 3144 121 7263 3215 121 7264 3187 121 7265 3187 121 7266 3215 121 7267 3219 121 7268 3187 121 7269 3219 121 7270 3146 1415 7271 3146 1415 7272 3219 121 7273 3217 121 7274 3146 1415 7275 3217 121 7276 3213 1416 7277 3146 1415 7278 3213 1416 7279 3142 1417 7280 3142 1417 7281 3213 1416 7282 3199 1418 7283 3142 1417 7284 3199 1418 7285 3096 1419 7286 3096 1419 7287 3199 1418 7288 3122 1420 7289 3096 1419 7290 3122 1420 7291 3060 1421 7292 3060 1421 7293 3122 1420 7294 2733 1422 7295 3060 1421 7296 2733 1422 7297 2571 1423 7298 2571 1423 7299 2733 1422 7300 2547 1424 7301 2571 1423 7302 2547 1424 7303 2524 1425 7304 2524 1425 7305 2547 1424 7306 2487 1411 7307 2524 1425 7308 2487 1411 7309 2480 121 7310 2480 121 7311 2487 1411 7312 2449 121 7313 2480 121 7314 2449 121 7315 2452 121 7316 2452 121 7317 2449 121 7318 819 121 7319 69 1426 7320 70 1427 7321 73 1428 7322 73 1428 7323 70 1427 7324 74 1429 7325 73 1428 7326 74 1429 7327 88 1430 7328 165 1431 7329 164 1432 7330 88 1430 7331 88 1430 7332 164 1432 7333 87 1433 7334 88 1430 7335 87 1433 7336 73 1428 7337 554 1434 7338 553 1435 7339 165 1431 7340 165 1431 7341 553 1435 7342 164 1432 7343 553 1435 7344 554 1434 7345 739 1436 7346 739 1436 7347 554 1434 7348 740 1437 7349 739 1436 7350 740 1437 7351 800 1438 7352 836 1439 7353 835 1440 7354 800 1438 7355 800 1438 7356 835 1440 7357 799 1441 7358 800 1438 7359 799 1441 7360 739 1436 7361 2466 1442 7362 2465 1443 7363 836 1439 7364 836 1439 7365 2465 1443 7366 835 1440 7367 2465 1443 7368 2466 1442 7369 2489 1444 7370 2489 1444 7371 2466 1442 7372 2490 1445 7373 2489 1444 7374 2490 1445 7375 2550 1446 7376 2736 1447 7377 2735 1448 7378 2550 1446 7379 2550 1446 7380 2735 1448 7381 2549 1449 7382 2550 1446 7383 2549 1449 7384 2489 1444 7385 3125 1450 7386 3124 1451 7387 2736 1447 7388 2736 1447 7389 3124 1451 7390 2735 1448 7391 3124 1451 7392 3125 1450 7393 3201 1452 7394 3201 1452 7395 3125 1450 7396 3202 1453 7397 3201 1452 7398 3202 1453 7399 3216 1454 7400 3220 1455 7401 3219 1456 7402 3216 1454 7403 3216 1454 7404 3219 1456 7405 3215 1457 7406 3216 1454 7407 3215 1457 7408 3201 1452 7409 3218 1458 7410 3217 1459 7411 3220 1455 7412 3220 1455 7413 3217 1459 7414 3219 1456 7415 3217 1459 7416 3218 1458 7417 3213 1460 7418 3213 1460 7419 3218 1458 7420 3214 1461 7421 3213 1460 7422 3214 1461 7423 3200 1462 7424 3123 1463 7425 3122 1464 7426 3200 1462 7427 3200 1462 7428 3122 1464 7429 3199 1465 7430 3200 1462 7431 3199 1465 7432 3213 1460 7433 2734 1466 7434 2733 1467 7435 3123 1463 7436 3123 1463 7437 2733 1467 7438 3122 1464 7439 2733 1467 7440 2734 1466 7441 2547 1468 7442 2547 1468 7443 2734 1466 7444 2548 1469 7445 2547 1468 7446 2548 1469 7447 2488 1470 7448 2450 1471 7449 2449 1472 7450 2488 1470 7451 2488 1470 7452 2449 1472 7453 2487 1473 7454 2488 1470 7455 2487 1473 7456 2547 1468 7457 820 1474 7458 819 1475 7459 2450 1471 7460 2450 1471 7461 819 1475 7462 2449 1472 7463 819 1475 7464 820 1474 7465 797 1476 7466 797 1476 7467 820 1474 7468 798 1477 7469 797 1476 7470 798 1477 7471 738 1478 7472 552 1479 7473 551 1480 7474 738 1478 7475 738 1478 7476 551 1480 7477 737 1481 7478 738 1478 7479 737 1481 7480 797 1476 7481 163 1482 7482 162 1483 7483 552 1479 7484 552 1479 7485 162 1483 7486 551 1480 7487 162 1483 7488 163 1482 7489 85 1484 7490 85 1484 7491 163 1482 7492 86 1485 7493 85 1484 7494 86 1485 7495 72 1486 7496 68 1487 7497 67 1488 7498 72 1486 7499 72 1486 7500 67 1488 7501 71 1489 7502 72 1486 7503 71 1489 7504 85 1484 7505 70 1427 7506 69 1426 7507 68 1487 7508 68 1487 7509 69 1426 7510 67 1488 7511 208 109 7512 70 109 7513 206 109 7514 206 109 7515 70 109 7516 68 109 7517 206 109 7518 68 109 7519 72 1490 7520 70 109 7521 208 109 7522 74 1491 7523 74 1491 7524 208 109 7525 216 1492 7526 74 1491 7527 216 1492 7528 88 1493 7529 88 1493 7530 216 1492 7531 222 1494 7532 88 1493 7533 222 1494 7534 165 1495 7535 165 1495 7536 222 1494 7537 278 1496 7538 165 1495 7539 278 1496 7540 554 1497 7541 554 1497 7542 278 1496 7543 754 1498 7544 554 1497 7545 754 1498 7546 740 1499 7547 740 1499 7548 754 1498 7549 793 1500 7550 740 1499 7551 793 1500 7552 800 1501 7553 800 1501 7554 793 1500 7555 812 1502 7556 800 1501 7557 812 1502 7558 836 1503 7559 836 1503 7560 812 1502 7561 831 1504 7562 836 1503 7563 831 1504 7564 2461 1505 7565 836 1503 7566 2461 1505 7567 2466 1506 7568 2466 1506 7569 2461 1505 7570 2478 1507 7571 2466 1506 7572 2478 1507 7573 2490 1508 7574 2490 1508 7575 2478 1507 7576 2497 1509 7577 2490 1508 7578 2497 1509 7579 2550 1510 7580 2550 1510 7581 2497 1509 7582 2536 1511 7583 2550 1510 7584 2536 1511 7585 2736 1512 7586 2736 1512 7587 2536 1511 7588 3012 1513 7589 2736 1512 7590 3012 1513 7591 3125 1514 7592 3125 1514 7593 3012 1513 7594 3068 1515 7595 3125 1514 7596 3068 1515 7597 3202 1516 7598 3202 1516 7599 3068 1515 7600 3074 1517 7601 3202 1516 7602 3074 1517 7603 3216 1518 7604 3216 1518 7605 3074 1517 7606 3082 109 7607 3216 1518 7608 3082 109 7609 3220 109 7610 3220 109 7611 3082 109 7612 3218 109 7613 3218 109 7614 3082 109 7615 3080 109 7616 3218 109 7617 3080 109 7618 3214 1519 7619 3214 1519 7620 3080 109 7621 3072 1520 7622 3214 1519 7623 3072 1520 7624 3200 1521 7625 3200 1521 7626 3072 1520 7627 3066 1522 7628 3200 1521 7629 3066 1522 7630 3123 1523 7631 3123 1523 7632 3066 1522 7633 3010 1524 7634 3123 1523 7635 3010 1524 7636 2734 1525 7637 2734 1525 7638 3010 1524 7639 2534 1526 7640 2734 1525 7641 2534 1526 7642 2548 1527 7643 2548 1527 7644 2534 1526 7645 2495 1509 7646 2548 1527 7647 2495 1509 7648 2488 1508 7649 2488 1508 7650 2495 1509 7651 2476 1528 7652 2488 1508 7653 2476 1528 7654 2450 1529 7655 2450 1529 7656 2476 1528 7657 2457 1530 7658 2450 1529 7659 2457 1530 7660 827 1531 7661 2450 1529 7662 827 1531 7663 820 1532 7664 820 1532 7665 827 1531 7666 810 1533 7667 820 1532 7668 810 1533 7669 798 1501 7670 798 1501 7671 810 1533 7672 791 1500 7673 798 1501 7674 791 1500 7675 738 1534 7676 738 1534 7677 791 1500 7678 752 1535 7679 738 1534 7680 752 1535 7681 552 1536 7682 552 1536 7683 752 1535 7684 276 1537 7685 552 1536 7686 276 1537 7687 163 1538 7688 163 1538 7689 276 1537 7690 220 1539 7691 163 1538 7692 220 1539 7693 86 1540 7694 86 1540 7695 220 1539 7696 214 1541 7697 86 1540 7698 214 1541 7699 72 1490 7700 72 1490 7701 214 1541 7702 206 109 7703</p>
        </triangles>
        <triangles material="_3_138_33-material" count="20">
          <input semantic="VERTEX" source="#MPO-500_V1_3_0_Simplified_Body-mesh-vertices" offset="0"/>
          <input semantic="NORMAL" source="#MPO-500_V1_3_0_Simplified_Body-mesh-normals" offset="1"/>
          <input semantic="TEXCOORD" source="#MPO-500_V1_3_0_Simplified_Body-mesh-map-0" offset="2" set="0"/>
          <p>365 3669 19464 363 3670 19465 373 3671 19466 373 3671 19467 363 3670 19468 371 3672 19469 373 3671 19470 371 3672 19471 420 3673 19472 420 3673 19473 371 3672 19474 418 3674 19475 420 3673 19476 418 3674 19477 474 3675 19478 420 3673 19479 474 3675 19480 476 3676 19481 476 3676 19482 474 3675 19483 504 3677 19484 476 3676 19485 504 3677 19486 506 3678 19487 506 3678 19488 504 3677 19489 521 3679 19490 506 3678 19491 521 3679 19492 523 3680 19493 2763 109 19494 2761 3681 19495 2781 3682 19496 2781 3682 19497 2761 3681 19498 2779 3683 19499 2781 3682 19500 2779 3683 19501 2812 3684 19502 2812 3684 19503 2779 3683 19504 2810 3685 19505 2812 3684 19506 2810 3685 19507 2866 3686 19508 2812 3684 19509 2866 3686 19510 2868 3687 19511 2868 3687 19512 2866 3686 19513 2913 3688 19514 2868 3687 19515 2913 3688 19516 2915 3689 19517 2915 3689 19518 2913 3688 19519 2921 3690 19520 2915 3689 19521 2921 3690 19522 2923 109 19523</p>
        </triangles>
      </mesh>
    </geometry>
  </library_geometries>
  <library_visual_scenes>
    <visual_scene id="Scene" name="Scene">
      <node id="Lamp_001" name="Lamp_001" type="NODE">
        <matrix sid="transform">-0.2908645 -0.7711007 0.5663934 4.076245 0.9551712 -0.1998832 0.2183912 1.005454 -0.05518911 0.6045248 0.7946722 5.903862 0 0 0 1</matrix>
        <instance_light url="#Lamp_001-light"/>
      </node>
      <node id="Lamp" name="Lamp" type="NODE">
        <matrix sid="transform">-0.2908646 -0.7711008 0.5663933 4.076245 0.9551712 -0.1998833 0.2183913 1.005454 -0.05518912 0.6045247 0.7946723 5.903862 0 0 0 1</matrix>
        <instance_light url="#Lamp-light"/>
      </node>
      <node id="MPO-500_V1_3_0_Simplified_Body" name="MPO-500 V1.3.0 Simplified Body" type="NODE">
        <matrix sid="transform">1 0 0 0 0 7.54979e-8 -1 0 0 1 7.54979e-8 0 0 0 0 1</matrix>
        <instance_geometry url="#MPO-500_V1_3_0_Simplified_Body-mesh" name="MPO-500 V1.3.0 Simplified Body">
          <bind_material>
            <technique_common>
              <instance_material symbol="_54_254_255-material" target="#_54_254_255-material">
                <bind_vertex_input semantic="UVMap" input_semantic="TEXCOORD" input_set="0"/>
              </instance_material>
              <instance_material symbol="_78_0_0-material" target="#_78_0_0-material">
                <bind_vertex_input semantic="UVMap" input_semantic="TEXCOORD" input_set="0"/>
              </instance_material>
              <instance_material symbol="_21_221_13-material" target="#_21_221_13-material">
                <bind_vertex_input semantic="UVMap" input_semantic="TEXCOORD" input_set="0"/>
              </instance_material>
              <instance_material symbol="_91_191_191-material" target="#_91_191_191-material">
                <bind_vertex_input semantic="UVMap" input_semantic="TEXCOORD" input_set="0"/>
              </instance_material>
              <instance_material symbol="_4_64_64-material" target="#_4_64_64-material">
                <bind_vertex_input semantic="UVMap" input_semantic="TEXCOORD" input_set="0"/>
              </instance_material>
              <instance_material symbol="_3_138_33-material" target="#_3_138_33-material">
                <bind_vertex_input semantic="UVMap" input_semantic="TEXCOORD" input_set="0"/>
              </instance_material>
            </technique_common>
          </bind_material>
        </instance_geometry>
      </node>
    </visual_scene>
  </library_visual_scenes>
  <scene>
    <instance_visual_scene url="#Scene"/>
  </scene>
</COLLADA>